"gene_symbol","t"
"SMOC2",29.7953347860436
"FNDC1",26.8398600231826
"FHAD1-AS1",26.4388612910525
"FREM1",24.9281063189087
"FRZB",24.8890612887214
"TRIL",22.6005641845411
"SFRP4",22.5346539660473
"MATN2",22.4017602949792
"C1QTNF7",22.020875037038
"ITIH5",21.9471157127543
"MFAP4",21.733902350127
"SEZ6L",21.7072121028533
"LUM",21.4826470144474
"EXT1",21.4779669648202
"CCDC144NL-AS1",21.2553226318132
"SCUBE2",20.8183380912356
"TLL2",20.733182983696
"CYS1",20.5469123568779
"LINC03063",20.3529471532774
"LEFTY2",20.2004241494126
"OLFML1",20.0729904028112
"ASPN",20.0604806179064
"SSC5D",19.8972992062517
"DNAAF3",19.8777989888072
"FHAD1",19.7374868552223
"PRMT2",19.7290616912714
"ARMS2",19.5468136449442
"MXRA5",19.4919473580359
"SLC16A9",19.3259933646223
"ACE",19.3099571109291
"C1QTNF2",19.3015281240662
"PHLDA1",19.2897053753249
"APCDD1L",18.8937042419424
"LOC105378433",18.8767230510272
"COL22A1",18.8027198076426
"PTN",18.7966448667841
"DMC1",18.7157787896261
"NRK",18.7096335258097
"ATP1B2",18.5017865777511
"AQP10",18.4984349052445
"PENK",18.4352189309034
"AZIN2",18.4188346231771
"NTM",18.3643008570256
"RTL3",18.2505488640847
"GLT8D2",18.0196135026635
"SCN2B",18.0145718679308
"HTRA1",17.9076835546471
"USP51",17.823683904128
"HAAO",17.7828409599095
"LOC105371629",17.7088762610773
"DNAAF3-AS1",17.6072862215961
"CRACD",17.5386841012119
"KCNN3",17.5298825639207
"FCER1A",17.3122855535898
"GZMH",17.2856662904602
"BACH2",17.1041154377158
"KCNC4",17.0390937587219
"LRRC17",16.9808829124867
"UBA7",16.9531939931039
"LSP1",16.9349642417514
"CYP11A1",16.9224139588471
"ARHGAP1",16.885490615831
"PPP2R2B",16.846427169802
"PROM1",16.8289125619819
"OGN",16.7846515187457
"SMANTIS",16.7742410016204
"CRISPLD1",16.6381776102593
"CCL5",16.6204830254065
"LOC107985020",16.6140798061234
"RASL11B",16.5628035436906
"AK5",16.5307089454396
"COL14A1",16.4342807584388
"CRYM",16.3721790485632
"MGC16275",16.3702755019281
"DPYSL3",16.3559630489757
"NT5E",16.3547717135887
"ODAD2",16.3413737761433
"FGF14",16.2798578121241
"KIAA1755",16.2507554078978
"PRRT2",16.2217071756336
"CRHBP",16.1569879993238
"C11orf80",16.145016938274
"MED12L",16.1231569141621
"ABCG2",16.1056418708655
"DIO2",16.0931293332888
"COL9A1",16.0912530175584
"ANKRD34C",15.9595127655211
"STAMBPL1",15.9275471024559
"ITGAL",15.8393106477647
"TSPAN9",15.8118445114511
"HBB",15.7392925111635
"SYT17",15.7317560124676
"CTSK",15.715236365863
"LINC00670",15.6982978587011
"LOC102724805",15.6656515335121
"NRIP2",15.6478647680116
"TIMP2",15.6219863294219
"PIK3R6",15.6208869330707
"APLNR",15.5885254983442
"IFI44L",15.5846084662493
"SLC16A2",15.5199736233584
"COL15A1",15.4988214561786
"CD83",15.4321810588375
"PLXDC1",15.4204235034153
"ISLR",15.4154364811434
"MSS51",15.4096393999943
"RAB37",15.4060837109093
"COLGALT2",15.3982760304277
"MAP6",15.3880291907734
"SEMA5B",15.3828524632117
"SNCAIP",15.3720202393774
"PI16",15.3579487415489
"LINC00377",15.2671518565069
"LAMA4",15.2312913992934
"CD1C",15.2066574388808
"GNA14",15.1969793668666
"CFAP251",15.186332023548
"HERC5",15.1777298312698
"LOC105378678",15.1539108777831
"TENM4",15.1457219464199
"CCDC113",15.145126098274
"CX3CR1",15.1192537088254
"GDF6",15.1113898571117
"MOXD1",15.0900468562627
"PATZ1",15.069794273152
"MAGED2",15.0687480719832
"CD27-AS1",15.0199182372518
"LOC112268202",14.9975015981141
"USP11",14.9719024965296
"MEF2C-AS1",14.9615287963012
"HAPLN1",14.9560404555267
"OGDHL",14.8956641275405
"OXER1",14.8946523370738
"XAF1",14.8590113682816
"CCDC3",14.8277165412113
"OASL",14.7876959004285
"NFIA-AS2",14.7819676993681
"KCNS3",14.7711694291075
"LINC03044",14.7211881568882
"ZNF365",14.7068489889831
"PDE4C",14.687997845925
"HMGN1",14.6707923132459
"COL16A1",14.665286177419
"HHAT",14.6620101579806
"AEBP1",14.6539579654866
"HRK",14.6458701827983
"GSTM5",14.6394719035952
"NLGN3",14.6285222760732
"GLOD4",14.6279985947268
"EFCC1",14.6209187303984
"IL34",14.6089262722013
"JAM2",14.5851147592244
"LRRC77P",14.5497375231746
"SLC1A7",14.5426814729617
"MX1",14.5145528525264
"LOC105372427",14.4800841199414
"COL8A2",14.4793629990949
"LINC00900",14.4644582781235
"PPP1R26-AS1",14.461297412673
"PODXL2",14.4474968522905
"PTGFRN",14.4332180026084
"TMEM231",14.4318941494033
"LOC105370446",14.4298026751595
"ECRG4",14.410355817448
"DPT",14.4046717183812
"LYPD1",14.3884552603526
"MDK",14.3818636160988
"FBXL2",14.3620774420648
"ADGRA2",14.3609183670106
"BOC",14.3411368101663
"MYH10",14.2980242088181
"PAFAH2",14.2912198310104
"CD101",14.2909152882316
"AMOT",14.2875376079897
"APBB3",14.2695895457359
"LINC02028",14.2495227916122
"CAPN5",14.237821794186
"LOC102724393",14.2234516027023
"ZMYND12",14.1586270946405
"ANTXR1",14.1309398703404
"FMNL3",14.0789305160281
"LINC02593",14.0759389413999
"WNT9A",14.0577519894525
"LINC02606",14.0392661506742
"FMOD",14.0324188441264
"GZMA",13.9851756984928
"RGS4",13.9823676552368
"MNS1",13.9663452533114
"C16orf89",13.9604484118046
"CREB5",13.9503857082207
"LOC105378097",13.9221443923265
"SULF1",13.9152035781008
"ANKRD33B",13.8965346971669
"NKG7",13.8627848445851
"LOC105373244",13.8576667171769
"SNAP47",13.8529473591566
"HMGN2",13.8467502091745
"PRSS54",13.8190875158577
"DTX4",13.8186559942338
"SERPINI1",13.8185039212127
"UNC80",13.807093754706
"LINC01852",13.7952203314037
"LINC02034",13.7941994254961
"LOC107985014",13.7929232920971
"ANO1",13.7797915729686
"BTN3A1",13.7739197303613
"SMO",13.7652236735881
"GDNF-AS1",13.7580135962188
"UBA6-DT",13.7414370047246
"LOC107987210",13.7096959889955
"NLRC3",13.7091983250483
"RAB7B",13.6516884989318
"LOC100507412",13.6126179494072
"CAPN6",13.6028583901823
"CASP4LP",13.5950910558185
"P3H2",13.5836810251003
"LOC107986160",13.5795945460516
"PRF1",13.5691263146835
"NHLRC1",13.5671347388792
"CCND1",13.5638642568706
"EPHX2",13.5531000500912
"PCYOX1L",13.5521117590407
"LRRC55",13.5122637452752
"GLI2",13.5056861633206
"LOC100506076",13.4962233592986
"SOX8",13.4663122277603
"ALDH1A2",13.4539040024489
"CMA1",13.436701113825
"CXCL10",13.4312622924594
"ITGB7",13.4236067560175
"GZMB",13.3946272890635
"ATP6V1G2",13.3839979717527
"CYP2J2",13.3696953630996
"SPATA6L",13.3495299299498
"AGTR2",13.3438386424299
"GOLGA4-AS1",13.3339350656672
"RHNO1",13.3327334697541
"LOC105376689",13.3287940675063
"SLC25A45",13.3118742370452
"PRKAG3",13.3102537639031
"LINC00672",13.2999824789491
"KAZALD1",13.2959390143537
"STARD4-AS1",13.2628772941852
"VGLL4",13.2515923145191
"LOC107985944",13.2402149745709
"LOC105369293",13.2364102558939
"NRXN2",13.2336292420428
"APPAT",13.2097105189259
"DBH-AS1",13.1872470517708
"DYNC2LI1",13.1870354200877
"SH3D21",13.1839919288564
"TMEM30B",13.1835388376165
"OPCML",13.173619573648
"CD3E",13.1537295569116
"EEIG1",13.1363270485226
"ASB18",13.1230474786613
"SLAMF7",13.1156650703538
"TM6SF2",13.1077685078649
"CD247",13.1072940077628
"LOC105372208",13.0993857778252
"CASP1",13.0607590245669
"SCIRT",13.0571451396864
"ORMDL3",13.0455943407083
"C1QTNF9",13.0224578621677
"MELTF-AS1",13.0190223231793
"LINC00861",12.9942737317653
"TTLL3",12.9890665311637
"SARDH",12.9888508628903
"TGFB2-AS1",12.9803973144611
"RTP4",12.9661655196818
"ITGBL1",12.9577095107952
"CPXM2",12.9473690426002
"EVL",12.9444799245305
"STAT4-AS1",12.941979010735
"TSHZ3-AS1",12.9238815273792
"FATE1",12.9209772768273
"TNMD",12.91248428538
"C1QTNF3",12.9104344821581
"LOC107984270",12.8863503993698
"STAT4",12.8497386253541
"LINC02427",12.8359338750582
"TGFB2-OT1",12.8263785902403
"BRSK1",12.8165018215652
"CARNS1",12.8134173101347
"CREG2",12.8081873136035
"TRBC1",12.8065190435026
"ZNF135",12.8031136598403
"DUOX1",12.7936223607167
"RXRG",12.7782129012213
"AP3M2",12.7736559713358
"LTBP2",12.7736265676815
"SSUH2",12.7576623932211
"CHD5",12.7263322221396
"SYTL2",12.6982716060406
"SHISA2",12.6939624579395
"DTNB",12.687207728832
"HSH2D",12.6817249218478
"LOC107986163",12.6814640926205
"GFRA3",12.6806205184979
"FZD2",12.6250485952291
"ZBTB12",12.612441455017
"MX2",12.6108618099926
"IL2RB",12.6034218058257
"BRF2",12.6006223719468
"PMS2P4",12.5829344896139
"MYOC",12.5794392803934
"PLBD1",12.5707823681135
"SERPINE2",12.5619500643471
"EIF2AK3-DT",12.5599797819326
"ATP6V0E2-AS1",12.5489728590347
"SIGLEC17P",12.5209381079808
"TMEM200B",12.4817116316666
"LOC105371622",12.4739104682625
"LOC105371767",12.4732302428149
"DNAJC27-AS1",12.4640965536031
"ZNF436-AS1",12.4352349323563
"FGF1",12.4287699560791
"HBD",12.4178781627954
"ZMYND15",12.4086864096519
"EVC",12.3850761118767
"DUSP15",12.3786682119886
"MBP",12.3717594045532
"GPRASP2",12.3561029697045
"RDM1P5",12.3466667357579
"ARHGAP22",12.338403179142
"HDC",12.3293268021426
"BEND5",12.3147538008065
"LOC101929532",12.310313642717
"LOC105378419",12.3090441516983
"FBXO38-DT",12.3026497855188
"SMIM14-DT",12.3011982575971
"RSAD2",12.2933999095597
"LOC107986529",12.293113907167
"LOC102724545",12.2930093539482
"IL17D",12.291562717667
"PLCE1",12.2792358942152
"NRG1",12.2697015934977
"DELE1",12.2638242540976
"TESPA1",12.2618747579232
"FYN",12.2481521810714
"LIPH",12.2436400610397
"PLEKHH2",12.229407676111
"LOC100996662",12.2263456855385
"LOC101927293",12.2175274286067
"ATP6AP1L",12.2113803432741
"NUP62CL",12.2067165378049
"CRADD-AS1",12.1998519728583
"THBS4-AS1",12.1908846703724
"TP63",12.175832862902
"LOC644634",12.1698196714144
"COL9A2",12.168901639049
"NTF3",12.1673172134242
"SEPTIN7P14",12.1663529708163
"CTSW",12.1630300010842
"LOC102723750",12.1422462361782
"ZBP1",12.131972529904
"CD2",12.1254590404304
"DNAJC22",12.1203562200964
"LOC105376718",12.1073919670065
"HBA2",12.0980268648897
"LINC00968",12.0721369215168
"USP22",12.065744842865
"HBA1",12.0651691543584
"SLC6A1",12.0534395760911
"PDE5A",12.0438866147349
"ETV4",12.0431135716045
"LINC00501",12.0089289710324
"CTF1",12.0088901182041
"LINC00174",12.006795340494
"MRC2",12.0067150360086
"NHSL1",12.0011242372671
"TOP1P1",11.9939810838657
"TRAF3IP2-AS1",11.9873630878447
"LMX1B",11.9830320190899
"LINC02447",11.9823070063878
"STX1B",11.9799935252915
"MS4A2",11.9760067041761
"SOCS2",11.9686660533561
"TMEM119",11.9615675373743
"MKS1",11.9600130788718
"MIR9-3HG",11.9436746299914
"SLC26A11",11.9404740051204
"ECM2",11.9279521052862
"IFIT2",11.9197177514829
"CTSG",11.918308562166
"P2RY8",11.9093124115543
"STAC",11.9064085661388
"NPPA",11.8998158166125
"TARP",11.8982053152888
"NAP1L3",11.8972926479513
"APOA1",11.8942106978402
"ADAMTS14",11.8937403848437
"LOC102724557",11.8840257981019
"CCDC80",11.8784360643257
"LOC105379507",11.8736229191276
"CERS1",11.8624363918016
"ESM1",11.8597161924256
"BCL6B",11.8560761051952
"GLYATL2",11.8516319471728
"LOC107985875",11.838868105178
"ARMC9",11.831208802861
"LOC101929444",11.8224003278366
"GNB3",11.822097457705
"ZNF821",11.811554660993
"FAP",11.8103417603506
"DHRS11",11.8038436448194
"PODN",11.7933810495686
"ITFG2",11.7904462184189
"MINDY4",11.7891920764248
"SKAP1",11.788685679176
"ZAP70",11.7811574594658
"ANKRD29",11.779739427451
"GAL3ST4",11.7682536323953
"LRRC15",11.7671585325299
"PPP1R10",11.7544463615438
"NPPA-AS1",11.7521710838689
"DACT1",11.7467789205282
"PRR5L",11.7169882776472
"SPACA9",11.7075267257851
"SFRP1",11.6942030837739
"CHST6",11.6868998296421
"GNLY",11.6850301492029
"TSPAN11",11.6794989816857
"MIR100HG",11.6780438654162
"TNS1-AS1",11.6749710803228
"BMP4",11.674845062358
"KCNA5",11.6708401959255
"MID1",11.6670345992715
"ITGB2-AS1",11.643318041587
"LINC01160",11.6383303058564
"LRRN4CL",11.6246111745092
"TRAF3IP3",11.6230455987162
"MBL1P",11.6043310915093
"EIF2D",11.6029917422229
"THBS4",11.5925451372096
"HLA-DPB1",11.5870606566538
"SDSL",11.5870475953812
"LINC01116",11.5834076137375
"TRO",11.5812851392321
"CNIH3",11.5759041882673
"FAM161B",11.5511886288105
"CACNA2D2",11.5456751314862
"SRCIN1",11.5455424760757
"MEG3",11.5429853104791
"ZNF423",11.5402784412212
"CCND2",11.5264127730649
"NCAPD3",11.5208332745995
"PFN4",11.5203945990838
"LOC728392",11.5079793188172
"CD6",11.5058667396114
"LOC100506474",11.5031296721738
"GPRASP1",11.4949131228004
"NAPSB",11.4906698753522
"C2CD4D-AS1",11.4868913381383
"LCK",11.4770918211375
"OAS1",11.4746078510003
"LOC105375884",11.4638246846109
"CPEB1",11.460818942815
"CLU",11.4587873908423
"CRY2",11.455196954929
"TMEM233",11.4545481384473
"ST8SIA1",11.4499433892772
"IFIT3",11.4471861082602
"CC2D2A",11.443339036413
"PCED1B",11.4428224410495
"TEX9",11.4426272842632
"TMEM71",11.4387512186083
"LPP-AS2",11.4324418006841
"IRX6",11.4217008790048
"MME",11.393934679291
"PRRG3",11.3804859685115
"ANKRD24",11.3747886404947
"SNCA",11.3636417915011
"ADAM19",11.3616155553875
"SERTAD4",11.3495013968417
"LOC100130691",11.3478741474715
"JAML",11.3403378894288
"PNMA1",11.3352597205302
"FLRT2",11.3247953250539
"LOC105377642",11.317452004323
"TMEM8B",11.3099217749304
"IRF1-AS1",11.2995311541213
"PHF21B",11.291150700006
"CX3CL1",11.2884090018494
"CHD9NB",11.2850768257932
"CCDC74A",11.2642503541698
"LOC105379171",11.2597887129523
"LTBP3",11.2508586592007
"MAPK7",11.2466871820257
"METTL21EP",11.2389377673754
"LOC105369212",11.2378282519641
"GJD3",11.2279537755975
"FZD1",11.2264409821663
"LCN12",11.2249466303812
"LEF1",11.2242665981805
"CYP46A1",11.2167207144923
"FZD10-AS1",11.199014650586
"AMT",11.196934524934
"TPTE2P1",11.1921805868696
"GATM",11.1895970722747
"PAAF1",11.1883698059325
"MTURN",11.1799705734151
"FCN1",11.1788269755989
"TCEAL7",11.1750163653875
"TCEAL5",11.1655703056135
"LOC105372106",11.1596009692263
"ZFP90",11.150615808308
"FBLN1",11.1397593447872
"MIR181A2HG",11.1381247377508
"XG",11.1361674331638
"LINC00486",11.1360322445748
"FERMT1",11.1338246512069
"LOC105378628",11.1316973023693
"KLRK1",11.1162048908887
"CCL24",11.1136271879481
"SLIT2",11.104965373087
"RGS11",11.0834473783633
"C10orf71-AS1",11.0737265743852
"PTCH2",11.0548017880212
"NREP",11.0543276932481
"NEK11",11.0520318173456
"ZFP2",11.0461418446641
"KIF21B",11.0409374521997
"CENPA",11.039350760379
"TRIM45",11.0334066357218
"GNG8",11.0259718263675
"PRSS35",11.0094878178575
"LTB",10.9917825182248
"NPR3",10.9894042762938
"HLA-DPA1",10.9818287855484
"OLMALINC",10.977272665855
"NYNRIN",10.9755785020651
"PJA1",10.9739473346963
"CYP4F3",10.9646332937671
"MDH1B",10.9644511460297
"RARG",10.9544323646653
"DOK5",10.9541514927501
"PIK3IP1",10.9280547505988
"GAP43",10.9253575726795
"SGCE",10.9239757277729
"FBXO17",10.9180443994598
"PCOLCE2",10.9067677290841
"CXCL11",10.903664621933
"INTS3",10.9014545264487
"TMEM98",10.881708330661
"DPEP2",10.8752654450185
"COLQ",10.8710998988073
"LOC107984088",10.8698554350865
"PCNX2",10.8679757613868
"LOC115308161",10.8678162321459
"LINC01011",10.8639182343218
"ARMCX6",10.8596674331323
"TMEM107",10.8593587816641
"KLRB1",10.8586608857965
"MYOZ1",10.856464289543
"CFAP20",10.8553032883427
"ZNF426-DT",10.8531355940344
"THEM5",10.8425623804572
"SYT11",10.8323959902262
"SLC46A1",10.8022975064732
"ZNF536",10.7998879384498
"CD3D",10.7967340563296
"LINC00342",10.7935683069306
"HEMK1",10.7783677147632
"ZNF578",10.7681583079358
"MAPK10",10.7631627697047
"MN1",10.7604974348462
"CD74",10.7596768595192
"SCAMP5",10.748922759302
"ODC1",10.7482318274839
"THBS3-AS1",10.7472345951977
"DUOX2",10.7422318820486
"ADAMTSL1",10.7414867217732
"CRMP1",10.7397686960851
"CAMSAP1-DT",10.7364650697776
"ANKMY2",10.7303875072448
"ATRNL1",10.7303699815238
"TTLL1",10.7281091986282
"DCAKD",10.7177386737696
"CHRNA3",10.7153303857144
"LINC02827",10.7098436430319
"LOC105377505",10.7039995965082
"OAS2",10.6909745348897
"AJUBA-DT",10.6756989831539
"MPIG6B",10.6682497115896
"PIWIL4",10.6494366546636
"LOC105375150",10.6378998102933
"MANEAL",10.637474489681
"KLHDC9",10.6332792120584
"KCNK17",10.623078376932
"SLCO4C1",10.6217806048745
"LINC02798",10.6188101578001
"REM1",10.6089150948831
"NKILA",10.6016008250781
"P2RX6",10.597537988919
"ZNF442",10.5908005927587
"TGFB2",10.5813238341699
"WDR5B",10.5796452306788
"GAB3",10.5786444864306
"GSDMB",10.5767352003503
"KCNIP1",10.5712518551408
"EFS",10.5631427902908
"SMPD3",10.5624631882587
"PAPLN",10.5565610448695
"LINC01106",10.5547661513595
"TPGS2",10.5529878935847
"CAPN3",10.5449546463123
"LINC00899",10.5431953863825
"FCER2",10.5377280142459
"HLA-DMB",10.5308425277555
"KLRC4-KLRK1",10.5299749255405
"LOC105377979",10.5287647240234
"WNT10B",10.5247726147433
"LOC105371115",10.5227216567375
"HESX1",10.518883735123
"LOC105372210",10.5170877350525
"KCNA6",10.5145948856795
"ACTG1P17",10.4958094581572
"PCCB",10.4891702289324
"LOC100130992",10.4810129790508
"APOA1-AS",10.4741163613759
"KIRREL3",10.4713386926932
"ARHGAP33",10.4681410694051
"STARD5",10.4387899298461
"COL1A2",10.4346244083102
"CRABP2",10.430979333972
"SAMD3",10.430810987286
"C2orf16",10.4277735773083
"LOC102723415",10.4246275426448
"JAM3",10.4205683125724
"CRYBB3",10.4187512269425
"MYO10",10.4085675765074
"PEG13",10.4058960718771
"LOC101928004",10.4055753586541
"EXOC3L4",10.402759836141
"LIG1",10.3992003468257
"LINC01279",10.3973143565898
"SH2D1A",10.3953301959682
"MIR3142HG",10.3901181530679
"CCDC125",10.3888668812682
"LOC102723458",10.3854213472272
"MTMR11",10.3725955788353
"IKZF3",10.3682717363466
"LOC112268447",10.3667311908716
"SLIT3",10.3554217057089
"ZCCHC18",10.3524507149207
"GPR174",10.3496490831243
"HCG20",10.3486597354317
"ROR2",10.3416740371504
"HPGDS",10.3416319359565
"PGAM1P5",10.3322865356016
"CD244",10.330626502383
"ST8SIA2",10.325212030521
"LOC101929398",10.3022048410548
"COPS7B",10.3015593778134
"LRRC10",10.3012322809747
"LOC105377720",10.3002906342787
"KTN1-AS1",10.2899140513078
"TRIM17",10.2878156895454
"NTNG2",10.2875368207828
"TMED4",10.2873729674524
"PCOLCE-AS1",10.2781747452451
"TMEM44-AS1",10.2756199014158
"UBE2H",10.2727726847121
"PAMR1",10.2695556941125
"MMP16",10.2655426175361
"SERHL2",10.2651629302678
"CFAP221",10.2567773843368
"POLR1E",10.2556877523293
"CCDC28A-AS1",10.2550616851824
"NES",10.2530127903112
"CERCAM",10.251048969554
"GPR83",10.2443529372956
"HLA-DOA",10.2339185634839
"PDCL3P4",10.2285967195153
"TNRC6C-AS1",10.2237216666742
"APLP1",10.2099333894292
"C12orf75",10.2083518560307
"FGGY",10.2064129871932
"VSX1",10.2051383886871
"EOLA1-DT",10.2024279941335
"CD48",10.1970508680522
"AFF3",10.1855039592316
"CDH23",10.1804722710583
"CMTM2",10.1654064366598
"TLR7",10.1610636564832
"WEE1",10.1572430799245
"LINC01754",10.1414669735089
"FZD7",10.141141247985
"BFSP1",10.1401813745505
"FBXO24",10.1386490934809
"BTN3A2",10.1378215052827
"LINC01145",10.1322090361543
"FAM241B",10.1218663695586
"LOC101929130",10.1191459854154
"LOC112268056",10.1178620318496
"RUSF1",10.1032681551489
"GABRE",10.0986539724425
"PAQR6",10.0975983003406
"CD1E",10.0873584810519
"PLA2G4C",10.0851914228969
"PTK7",10.0848210810392
"GADD45A",10.0797268815866
"CTHRC1",10.0723723342383
"RANBP17",10.0717158268481
"ASPA",10.0709713908197
"P2RY13",10.0675865804457
"CPQ",10.0651120452733
"P3H3",10.0647976418031
"MIR99AHG",10.0645780001939
"GARNL3",10.0511831131225
"BTN3A3",10.049801465277
"ZFP82",10.0422897386614
"SARM1",10.0412934636972
"CSPG5",10.0405817359055
"MTMR9LP",10.0395652235585
"PYROXD2",10.0365565221308
"CCDC168",10.0348783806742
"IQCC",10.0314920223615
"COLEC11",10.0299588376402
"TMEM178A",10.0296820223472
"ASIC1",10.0237460236577
"SIDT1",10.0102919931956
"BEX1",9.98687559980811
"MIR7847",9.98626678022087
"APOBEC3G",9.96776465464671
"GALNT5",9.96581396489998
"TMEM51-AS1",9.96268432103225
"UCHL1",9.95307186392347
"TANC2",9.95079619594176
"LOC101929643",9.94689120520499
"LOC112268448",9.94447512941658
"MMP25-AS1",9.93849185949647
"BAIAP2-DT",9.93034936453163
"LOC101927372",9.92956150877684
"FCGR3B",9.92372240174065
"SNTB1",9.92278145253672
"TRAF1",9.91622134236358
"STON2",9.91340656939379
"FAR2P2",9.90798836255341
"ATP6V1G2-DDX39B",9.90617167359572
"PACS1",9.88432061933521
"SEPTIN6",9.88017930740318
"LINC00484",9.86316511047532
"LOC105379448",9.85899659479774
"DDX39B",9.85461632723855
"IGSF10",9.85298230943756
"DNM1",9.85249523419346
"THBS3",9.84769760019313
"TMEM131L",9.84167720911986
"CACNA1G",9.82177829062122
"LOC105371896",9.81391144368324
"LGALS2",9.81139494322016
"ADAM22",9.80070737253874
"LOC107984016",9.78655669821205
"SELL",9.78386640585898
"ANKDD1B",9.78339530098383
"ANGPTL6",9.76195908754037
"IL17RD",9.75735206724989
"GPR173",9.75676845232109
"PHF24",9.75259924833376
"CARD16",9.7524325630467
"COL12A1",9.74473013800047
"SP110",9.74178799991794
"SHB",9.74137825315668
"LINC02731",9.73853919519115
"UQCRFS1-DT",9.73784637812516
"SPN",9.73449393543307
"SFTA1P",9.71826049639179
"IFT43",9.71818348792063
"RMI2",9.7119384181093
"KLRD1",9.69827789053317
"ZDHHC14",9.68387292775176
"ARMCX2",9.68027157909265
"LOC105371540",9.67904310402156
"COL21A1",9.66748078341016
"ZNF582-DT",9.66584924530096
"MIR5193",9.66178990262556
"FER1L5",9.66062633760819
"COL1A1",9.65091261978072
"EIF1B-AS1",9.65077694437737
"LOC107987134",9.64990080252066
"LTBP4",9.64879795705195
"LAMTOR5-AS1",9.6484811962182
"EGR2",9.64069309094653
"CCDC191",9.64053008199932
"LINC02328",9.63835518475486
"TTC9",9.63787839580174
"FCRL6",9.6246044039626
"MST1R",9.61420373297564
"LOC105373195",9.61267122969012
"CATSPER2P1",9.60418241721167
"LOC105377188",9.59809950093962
"LOC102723665",9.59390497262706
"P2RX1",9.58200403848024
"ANOS1",9.58132012810225
"SSPN",9.57709561690496
"COPB2-DT",9.56521042268044
"CLSTN1",9.56024417030817
"DYRK1B",9.56013560864374
"AGER",9.55636747623133
"CD96",9.55466038642768
"LINC02587",9.54676030053607
"LOC100289561",9.54642424628542
"GEMIN8",9.54568603797983
"CARD11",9.5445567038421
"MRAP2",9.53376465152514
"GPA33",9.52977119466034
"PPP1R15A",9.5263712134163
"GTF2IP20",9.52221404784131
"VAV2",9.52097964148071
"NEK5",9.51692159295725
"CUL7",9.51685812457799
"CCDC115",9.51616669264784
"WTIP",9.50872177427532
"QPCT",9.50814910150214
"SHFL",9.50373231242253
"SCRG1",9.4866246075176
"LOC105375149",9.48576415161362
"BCL11B",9.48236342562999
"KCNMB2",9.4720823969166
"TMEM200A",9.47198813304169
"ZMAT1",9.47197968619427
"PRRX1",9.47124034431721
"DLGAP1",9.46163993534089
"CEBPB-AS1",9.46156510064131
"BEGAIN",9.44687385853356
"UBE2L6",9.44371118894596
"BAIAP2L2",9.44046170339197
"LHCGR",9.43383382070622
"ABHD11",9.42912586500773
"UBB",9.41700384100422
"PLXNC1",9.41539600378485
"FAM110B",9.40284540725256
"ATP1B4",9.3983819253874
"IL2RG",9.39351605092404
"RUNDC3A",9.38362577372239
"ZSCAN18",9.36219149444253
"GABRD",9.34338146378009
"BGN",9.34174294337818
"LYRM9",9.33539281999093
"NRP2",9.32594202268626
"DHRS1",9.32416206689334
"NPAS3",9.32190415250265
"LINC00680",9.31963066807904
"LOC112268412",9.31940067935154
"ST3GAL6",9.31911697967518
"MXRA8",9.3187155651125
"ARMH3",9.3172359017997
"PYHIN1",9.31083591388401
"TPTE2P5",9.30708104693577
"COL8A1",9.30237773378598
"IER3",9.30088495388447
"ASPRV1",9.28025884898634
"INKA1",9.27790574722201
"HLA-DRA",9.27269293435285
"CXCL14",9.27182908381058
"FMNL1-DT",9.27140035587756
"CXCL9",9.27101751592298
"LOC105373174",9.26546840932212
"ACAD10",9.26258002417909
"LOC107985216",9.2551791034331
"TCEANC",9.24451437728794
"ATP6V0D1-DT",9.24288631957195
"INE2",9.23996829472237
"MKRN2OS",9.23712851881837
"GDPD3",9.22090294960145
"LINC02904",9.21676751821317
"MEOX2",9.21447577321919
"FMO4",9.21329178833262
"TBC1D10C",9.21243503608075
"MORN4",9.21118855356474
"LMF1",9.20252817433776
"GPR27",9.20238903154557
"PTGDR2",9.19897451344129
"SOCS2-AS1",9.19873149154773
"OSBP2",9.19658288027359
"WFIKKN2",9.1947630682626
"RNF165",9.18802404566192
"LOC105377896",9.18598448120504
"CRMA",9.18282293307728
"LINC01426",9.16910533098634
"CCDC74B",9.1559035416903
"ECI2-DT",9.15567334795948
"SPNS3",9.15108278282241
"CLEC11A",9.15065485154487
"SPEF2",9.13744106811639
"F2RL2",9.13360421926061
"DENND2A",9.13297453289357
"TERF2IP",9.11646399929002
"CATSPERG",9.11128252778578
"ZSCAN26",9.10520405413378
"IVD",9.10425479895099
"SOX15",9.09834468430074
"GBP5",9.09250801675065
"CGNL1",9.08082074467852
"LOC107986126",9.07562568649018
"TMC4",9.06809979798042
"NUP210",9.06736195568358
"TMEM184A",9.06646027390172
"BANCR",9.06501913917634
"TNNI1",9.06245235387106
"CD27",9.05454571455744
"FGF17",9.04704617095289
"ANP32A",9.04337420409671
"FBF1",9.042721185778
"COG7",9.04197651517247
"HMGA2-AS1",9.03944828634327
"SCN4B",9.02372822353798
"LOC105377724",9.01822738866087
"CNNM2",9.0135153748498
"HERC6",9.0100243961485
"FZD4-DT",9.00834808738918
"CETN4P",9.00650738385511
"HPX",9.00481945103036
"ADAMTSL5",8.99186193697521
"EML2",8.98360992349217
"GPCPD1",8.97324279918521
"MAP3K7CL",8.96613262533262
"LAYN",8.96309059349422
"CDC27P11",8.96157399879069
"PLAC8",8.95578381322123
"PFKP-DT",8.95458941411258
"FSCN1",8.94580140067176
"CXCL12",8.94094148730782
"ITGAX",8.93342825641227
"KIT",8.92509189598443
"MMP2",8.92407612068606
"PLA2G4C-AS1",8.92236104404431
"LOC283387",8.92114889849556
"LINC00857",8.92105975145436
"DNALI1",8.92045835096079
"ZNF337",8.91926573175808
"PRDM8",8.91590075860413
"DCHS1",8.91450536042244
"C9orf24",8.91197698424908
"GPC6",8.90977883140456
"RIGI",8.90882106513351
"KIF13A",8.90411735041675
"BCDIN3D-AS1",8.893547997643
"PHOSPHO1",8.89155572899855
"SYNPO2L",8.8879557523217
"THY1",8.88465665835677
"ADGRL3-AS1",8.87801970792697
"SMARCAL1",8.87252858062773
"HSD17B14",8.86527776765993
"SRRM4",8.86348155163425
"DCLK2",8.85575759361074
"DHX58",8.85487206091284
"TNNT3",8.85442244334578
"LRRC8C-DT",8.85102402643055
"ARLNC1",8.85083764977541
"BST1",8.84987334361048
"MIR1915HG",8.84879766094945
"LINC02981",8.84592653304295
"EEF1AKMT2",8.83943607831029
"NDN",8.8372277244242
"PPM1M",8.8359613633192
"HOXB-AS1",8.8336581466687
"DGKI",8.82545544968859
"LINC02502",8.82539879325658
"LINC01547",8.82179450113089
"EFNA5",8.81298832611705
"MALRD1",8.79929735132703
"NGEF",8.79781727992224
"DUOXA1",8.7962036303871
"DNAJC9-AS1",8.79438513005326
"RABL2B",8.79121788012814
"VIPAS39",8.78850330095864
"BSN",8.78676456298301
"LOC105375721",8.76659440648941
"CDH6",8.76575509246842
"FANK1",8.76354434377401
"DZIP1",8.76026151559959
"FMO1",8.75470876816171
"GATA6-AS1",8.74742175617465
"NDC80",8.74312202899782
"GPR155-DT",8.73860431102761
"EIF4EBP3",8.73561865213749
"LOC105374898",8.73357872507932
"CBY1",8.72634789231433
"GOT1-DT",8.72226158531624
"LHFPL6",8.72116190464037
"LOC105369850",8.71968747977954
"LOC100134868",8.717221989096
"CPE",8.7104905084915
"SEZ6L2",8.70264523207452
"CSRP1-AS1",8.70060959743742
"B3GNT9",8.70050709587844
"HLA-DMA",8.69861392626342
"LOC105371722",8.69797186669731
"CHST14",8.69768447840146
"HMCN2",8.69300144787994
"ACBD4",8.69253496263286
"CABLES1",8.69060595777394
"LINC00632",8.68982680278111
"ENO2",8.68379269725478
"APBA1",8.68198749752897
"SEMA3B-AS1",8.6707097834957
"LOXL1",8.66473175922883
"OSBPL7",8.66046620832031
"LOC107986589",8.66040748681429
"BRINP1",8.66013255276754
"RPS10P7",8.65900871658051
"HHIPL1",8.65896080497969
"TPT1-AS1",8.65582205316007
"CCDC171",8.65535110879542
"IDO1",8.65496389901186
"EHMT2-AS1",8.65205699582016
"ADAMTSL2",8.65181428708228
"MCAM",8.65148857986373
"OAZ2",8.6510413735824
"LINC00906",8.64925100821268
"MYL1",8.64871890812826
"TMEM80",8.64360216819968
"LOC102725228",8.64132667443438
"PPIEL",8.63609806289502
"ARHGAP15",8.63430723218116
"LINC02602",8.6293559612966
"CYB5R1",8.6219790070235
"ZNF610",8.6217140544336
"AMZ2P1",8.61988161065139
"INMT-MINDY4",8.61687523234128
"B3GALT5",8.6150953811262
"KLHL33",8.61254944125644
"PTPRN2",8.59560415848049
"ARMCX5-GPRASP2",8.58508644554122
"RLN1",8.58223315204223
"SERTAD4-AS1",8.57515446382732
"SLC26A9-AS1",8.57226876618352
"GZMK",8.56955475074045
"MAILR",8.56935767282402
"PDE1A",8.56853101151834
"SLC4A8",8.56846585214753
"MARVELD1",8.56744172942671
"SLC35F1",8.56679521621051
"WIPF3",8.55737195008884
"MSI1",8.5566708543149
"UBQLN1-AS1",8.53940151515264
"ESR1",8.5370194494434
"DDAH2",8.52610619773533
"MCM2",8.5252047135623
"SEPTIN1",8.51870326818991
"FIGNL2",8.51537811709835
"LOC100130744",8.50278233425435
"BPHL",8.4985682136545
"LOC107986475",8.4976101407305
"SNHG28",8.49715317419185
"SUPT3H",8.49480112739087
"TMEM272",8.49447916958812
"C17orf107",8.49430081808862
"PDIA2",8.49429540732208
"SULT1C4",8.47797593328997
"PMP2",8.4739658768435
"COMP",8.47297168484812
"WARS2",8.47294093298277
"SVEP1",8.47284186098843
"ZBTB4",8.47155284891512
"TTC12",8.46780378337778
"PLEKHB1",8.4676997599685
"CA3",8.46379839172516
"LFNG",8.46369848688023
"HMGB2",8.46351455906234
"MAP4",8.45691805780496
"CFAP70",8.45592228800381
"WBP1",8.45271897816893
"DUBR",8.44979087662118
"CASP9",8.44891021147484
"BAALC",8.44323218445411
"TARS2",8.44284486643653
"PDZD4",8.44184331386116
"UBBP4",8.44041251771888
"C1orf54",8.44021124532255
"TNNT1",8.43902519584796
"ARPC4-TTLL3",8.43683156576855
"LOC105373148",8.43602843821075
"WT1",8.43530725577589
"GRIN2C",8.4333392661284
"SDC3",8.43275257746914
"DNMT3B",8.42962158059075
"GDF10",8.42805334125014
"SCARA3",8.42781086429077
"TSPAN32",8.4258682112279
"PKNOX1",8.4257819016662
"HSPA2",8.42040818243059
"LINC01140",8.40820466916403
"ZNF618",8.40771746635193
"VPS35L",8.40726380396411
"PAQR7",8.40444056025712
"PRPF40B",8.3997826907605
"FAM86B1",8.39178084685656
"AK8",8.39139362177268
"TNFRSF25",8.3905357079491
"CELF6",8.39030207209627
"LINC03013",8.38981839401685
"C2orf92",8.38696073382064
"SYTL5",8.38555269682686
"LOC155060",8.38151353840527
"NELL2",8.37995186564712
"CHRDL1",8.37340925255911
"PNMA8B",8.37112935329795
"ALDH18A1",8.37055687448565
"ROBO3",8.36805703817113
"PDE6B",8.36286685828545
"PPDPF",8.36141590610152
"IRAG2",8.36020191649756
"GBP4",8.35948534363941
"SEMA4F",8.35453194772205
"FAM133A",8.35214897616483
"SORBS2",8.34844019937812
"MIR214",8.34427703875169
"DACT2",8.33925144153976
"HNRNPA1L2",8.33640219753142
"BDNF-AS",8.33610800548351
"COL5A1",8.32901957890346
"IER3-AS1",8.328623676416
"RAMP2",8.32752944986123
"OLFML2A",8.32614268092909
"PGR-AS1",8.32482698362231
"LOC102724856",8.31528148114756
"VAT1L",8.31476245540804
"LAMB4",8.3087985005014
"LINC01267",8.30536045161945
"LOC388242",8.30214912634983
"REEP2",8.29608321404029
"RTL5",8.29370963369053
"OLFML3",8.27773093608471
"IQCA1",8.27683937079536
"MPV17",8.27591158876862
"FOXS1",8.26617408012819
"SLC37A1",8.26009083215821
"LOC105371932",8.25847596635174
"NPPB",8.23282286289288
"SNORD153",8.23128926150153
"TPM1-AS",8.22891618489427
"MEOX1",8.22664986117983
"HEPH",8.22029985939858
"LOC101928216",8.21534542498846
"KLRF1",8.21232204330115
"LINC01915",8.21211599814697
"ZNF114",8.20735589498437
"TBC1D8-AS1",8.20626847730646
"HAUS5",8.20488060449525
"ARID5A",8.19813105385345
"ZNF350-AS1",8.19645706502337
"DSCAML1",8.19497369110472
"P2RY10",8.19435897254806
"NAAA",8.18699388482458
"FXYD6",8.18573752887954
"SMIM41",8.18568593099006
"NDE1",8.18125875109901
"MYL2",8.17896181755214
"ANKRD36B",8.17820530287478
"LOC613038",8.17512442675416
"IL23A",8.17285612106813
"LOC112268439",8.17201996333547
"LOC105377394",8.16795528316553
"THBS2",8.15971095679864
"NMUR1",8.15735661236185
"LOH12CR2",8.15661763128186
"LOC107984429",8.15511914182301
"TCF21",8.14960917489862
"ZNF853",8.14797974614243
"GMDS-DT",8.14739693836731
"TK2",8.14739012393323
"VTCN1",8.14624821579956
"FLT4",8.13038129668969
"MIR3120",8.12731320975066
"IQSEC3",8.12502237684511
"XPC",8.12147660501667
"COL6A4P2",8.12021456595384
"PDE6A",8.11570995982808
"PEX12",8.1109102767807
"XKR4",8.11025630554351
"PADI4",8.10849553226674
"SCML4",8.1065109045233
"GRID1",8.10147940962477
"MAFK",8.10072436796962
"FANCG",8.09730307793804
"PMS2P7",8.09693666370702
"LINC01270",8.08891046777801
"ZNF571-AS1",8.07920857019965
"ZNF541",8.07684474213467
"LOC107984867",8.07430887028479
"DACT3",8.07386951733358
"SLC6A4",8.06486547176854
"ZNF251",8.06097512269401
"TCEAL2",8.06043484786903
"ZC3H12B",8.05790106731495
"TAC4",8.04846379998912
"LINC01354",8.04365988755825
"TMEM42",8.03979957654718
"LINC03018",8.03554914527605
"GBP1P1",8.03349255218326
"FAM86C2P",8.03079178987123
"LOC105375553",8.02899318473834
"F3",8.02845111864463
"ANXA4",8.02197764951314
"ARHGEF2-AS2",8.0200713061072
"GPR68",8.01991030820096
"FGF18",8.01471166733862
"AAAS",8.01310846637529
"GIPC3",8.01228494617568
"LOC107986043",8.00617923158974
"INMT",8.00171478435343
"NFASC",8.00056447107332
"SETBP1-DT",7.99564139413628
"LOC107985152",7.98170670366881
"TMEM185B",7.98034939448948
"LOC105369974",7.9763894296874
"ZCCHC3",7.97618031210944
"CLBA1",7.97601365134225
"CRADD",7.97219076598195
"SPTAN1",7.97163992786762
"NRN1",7.96133132906221
"ZNF177",7.95295627022183
"APOBEC3D",7.94950257678071
"LINC01133",7.93935218617483
"SLC6A9",7.93776067896327
"CLEC4F",7.93668428036801
"KCNJ4",7.92975464407329
"R3HDM2",7.92868973550528
"NICN1",7.92689567625022
"ACTMAP",7.92320598022885
"RIBC1",7.92014845709055
"KBTBD11-AS1",7.91840971778285
"MAGED4",7.90633828962785
"HSPA1L",7.90529419762829
"UBAC2",7.89984665538369
"KCTD2",7.89850230642532
"EPHB3",7.89612914195883
"CA5B",7.89548126556781
"TERLR1",7.89381695378259
"TEX49",7.88822888591683
"CDCA3",7.88764662254531
"DBIL5P",7.8868817735133
"IFI6",7.88687530700317
"ZBTB49",7.88676188861982
"DBF4B",7.88602475761117
"DTX3",7.88527604406625
"LOC105370504",7.88155625397921
"MCPH1-DT",7.87461683765533
"CTLA4",7.87208518954271
"IFI44",7.86970280708038
"AP4B1",7.86796504589596
"GABPB2",7.86672685808704
"NFYC",7.86488483850522
"LOC102723814",7.8615340137633
"ZNF844",7.86047924915492
"ENC1",7.85778078779238
"LOC105369380",7.85320546109301
"STYXL2",7.84973354768904
"TRAF5",7.84836277379604
"KLHL13",7.84691229750058
"FRMD3-AS1",7.84679455534482
"CNPY4",7.84096127534484
"ASMTL",7.84045719111668
"ACHE",7.83811895722692
"CD300LF",7.83729293745348
"HTR2B",7.83402899222551
"NOTCH2NLB",7.83397146484752
"PURG",7.83247310539108
"PCDH19",7.82912352077509
"ANKRD45",7.82854637086446
"LDB1",7.81350355315468
"LINC01220",7.80954328869687
"SHF",7.80954244438541
"KDELR3",7.80736648896503
"SLC16A5",7.80578038379474
"LOC105373436",7.80194489244995
"STX16",7.79954413286427
"MAGED4B",7.79467394358272
"TRAK1",7.79434779093576
"COPZ2",7.7927543504581
"PTPRA",7.7915948766492
"LOC107985336",7.7906297226024
"CPVL-AS2",7.78878241190778
"EPSTI1",7.7852300534445
"LOC101927069",7.78233234523688
"PARD6G",7.78084808332616
"NLRC5",7.78020204470786
"FLJ45513",7.77891457130138
"ENTREP1",7.7701482334933
"MEF2B",7.76898535763224
"CETP",7.76720726812412
"ING4",7.76403017111867
"ZFYVE21",7.76358196070968
"NXPH4",7.76076172951207
"RABGAP1L",7.75991384081297
"ZNF546",7.75974506368047
"CD200",7.75540037976486
"LOC107986762",7.75415716644315
"CYP27A1",7.75333231538693
"HCG26",7.75143582692095
"STX17-DT",7.74973083495815
"FAM86B2",7.74907865777079
"VWA7",7.74709921219337
"VEGFC",7.74130354911491
"OR7E47P",7.74079746135673
"KLHL35",7.74031591555781
"AMPH",7.73780229288621
"UBAC2-AS1",7.7339665791946
"NAV2-AS6",7.72591565639293
"CD5",7.72332110875494
"LOC102724214",7.72309829397687
"ABCA4",7.72197171953728
"MRPS31P5",7.71791175321288
"FAM200C",7.71397526890038
"MAN1C1",7.70788219415063
"DOK4",7.70719237591873
"MORC4",7.70212738992532
"INTU",7.7004396491151
"RERGL",7.70007123626258
"CD8B",7.69803441443081
"PAGR1",7.69234838454138
"MYBL1",7.6918980873713
"KLC4",7.69128939370557
"LOC101928352",7.68707350667058
"LOC105372705",7.6857844940566
"LPAR4",7.6850694387684
"LOC101927486",7.68425172364831
"LOC101929204",7.68381418760718
"STMN3",7.68127814472269
"CEP89",7.67981891198666
"TMEM268",7.67944651099047
"LINC00865",7.67662645887294
"PXDNL",7.67431437122498
"GALNT7-DT",7.6708273258878
"SAMD9L",7.66752939459324
"ZNF14",7.66664861330374
"CYP2T1P",7.66444443661042
"VGLL2",7.66385518124703
"SLC38A6",7.66180052797877
"DENND6B",7.65633422771578
"NFKB2",7.65413257887891
"SLC26A4",7.65409648210507
"PRKCQ",7.65199343192598
"LOC105375521",7.65102730701844
"EID3",7.65047738171716
"UNC5C",7.64559045110853
"FBXW8",7.64210711665384
"N6AMT1",7.6401419295496
"NME5",7.63931255234648
"LOC105375779",7.63816736941845
"TENM3",7.63689224097195
"TNNI3",7.62992130548466
"LINC03011",7.62766022387506
"LOC105378862",7.6276548453558
"CILP",7.62575414069785
"CABP5",7.62511203306653
"CCDC8",7.62507751235952
"TNXB",7.62485272043982
"C17orf113",7.62085637828557
"MAP3K2-DT",7.61787386066997
"TUFT1",7.61513909683112
"GSTA4",7.61505209410446
"RASGRP1",7.60953181192764
"LNP1",7.60702372408445
"LINC01138",7.605692777779
"TRNF",7.60331122094185
"LOC101926887",7.60328764242359
"IDNK",7.60300909833001
"ADAM33",7.59500531780111
"PPP1R36",7.58834331913002
"NCS1",7.58542684816643
"IGSF1",7.58461889055208
"C14orf132",7.58294922381611
"RNF217-AS1",7.58267633261571
"VILL",7.58207377141818
"PKD1L2",7.57650049602426
"CIRBP",7.57606340925102
"DEGS2",7.5738731661824
"CASC2",7.57189310559256
"LOC101928383",7.56979000407205
"FBXO16",7.56853709514577
"CCDC28A",7.56734356290864
"EEIG2",7.56129588966437
"TRIM73",7.55704635232932
"ARHGEF25",7.55604353000487
"LINC01061",7.5553861687813
"APOBEC3A",7.55343832053386
"CNTNAP2",7.55301869330691
"HJV",7.55292283318999
"ARVCF",7.55193468569614
"AGRN",7.54567288251797
"LOC100272217",7.54469150072044
"MARCKS",7.5328564028946
"LOC107984394",7.53152123398434
"CPA3",7.52194317318826
"MOCS2-DT",7.51926721319764
"PNMA8A",7.50827899924793
"JMJD4",7.50420489783699
"LRRC49",7.50415276898328
"LOXL2",7.50188235610099
"INO80B-WBP1",7.50043319177265
"HCG27",7.4980193405327
"FN3KRP",7.49609317343986
"LOC105376856",7.49539578881604
"PCDHGA8",7.49508302576838
"GPC3",7.49450756048805
"HLA-DQA1",7.49082603846986
"CCL4",7.48938645549291
"PDE9A-AS1",7.48247378303073
"LAT",7.47545760159259
"ANKRD1",7.4703595550621
"GRIA1",7.46826993788852
"FCHSD1",7.4661729909777
"GDF7",7.46432055130915
"SPATA18",7.46278872586836
"MAGED1",7.46217643504358
"LPAR2",7.46208408607019
"CST7",7.46202617496832
"BCAS4",7.45420544589731
"SESN3",7.45278759762871
"PMS2P1",7.446928143811
"ZFP14",7.44393673983535
"C9orf43",7.43954969208648
"BORCS5",7.4382483438416
"HSD11B2",7.43355468088063
"STRIP1",7.43190738157773
"TMEM35A",7.4305750998721
"RETREG1-AS1",7.42923746800374
"FAM117A",7.42438207333222
"FAM90A1",7.42392262445941
"ALDH9A1",7.418746994741
"ROBO1",7.41684901261854
"HPS4",7.41302315804622
"CD52",7.4114328632335
"LOC102724965",7.40884538290482
"IPCEF1",7.40835920360099
"STAB2",7.40602384489908
"LOC101927268",7.40429309446081
"TNXA",7.40284633871427
"ZNF496",7.40223553751343
"EPB41L1",7.40067987829581
"DLGAP4",7.40055761921374
"CSRP3",7.3940681265172
"RUNX2",7.39282626795299
"DNAJC30",7.39128356412735
"SETMAR",7.38920078452501
"FLT3LG",7.38863352861904
"CTSF",7.38411251549088
"POU6F2",7.38302417902708
"LINC01301",7.38215414283711
"TSHZ3",7.38189793695371
"GLI1",7.38123927990862
"PBX2",7.37903079505784
"DBP",7.37891315336971
"LOC400499",7.37853210410759
"LRRC1",7.37736686612361
"KSR1",7.37709794749826
"LDOC1",7.37261782624365
"ARHGAP28",7.37041092726379
"SOD3",7.36643278109587
"CLIP3",7.36419068643937
"ICOSLG",7.36259086689941
"PRPF3",7.35948254121228
"STING1",7.34963972115963
"SLITRK4",7.349221370807
"LINC02604",7.34593837143957
"LOC107986058",7.34434507794355
"PSMG3-AS1",7.34307877476226
"CD163L1",7.34222912362287
"HID1",7.33522457086238
"GRM2",7.33148805730926
"MORN1",7.3260743514804
"PAK3",7.32451277959739
"SBNO1-AS1",7.31992337013656
"BEX4",7.31664715671132
"EDNRA",7.31639433127588
"LRRC75B",7.31618629585653
"LINC02754",7.31320023794049
"TTC3",7.31061962487235
"DZANK1",7.30845440126686
"KIF7",7.30815132880673
"RRP7BP",7.29504598397588
"LOC105373484",7.29079464904779
"ZPLD2P",7.28435650216177
"SLC9A3R1-AS1",7.28353805755253
"NHLRC4",7.26966077006698
"PCDH12",7.26894029455233
"JUN",7.26748697053676
"TM7SF2",7.26627991742051
"ASTN1",7.26065142164379
"CDC27P10",7.25998918149946
"RIMKLB",7.25584400612142
"ODC1-DT",7.25519614039776
"TMEM216",7.25002858489615
"MYOM2",7.24910117792858
"VPS8",7.24655567798769
"SCG2",7.24627004720978
"DNAH6",7.24422602449161
"ARHGEF2",7.2410178288716
"ISCU",7.23956288992377
"SMYD5",7.23169815510503
"MATK",7.22771445527986
"CCNI2",7.2275389433774
"NAALADL2",7.22738438745248
"TBX19",7.22245610936428
"PMEPA1",7.21557567339004
"EDA2R",7.21162457381345
"TMEM200C",7.20948338459353
"TMEM260",7.20945633296992
"PCSK2",7.20372325562738
"C21orf58",7.20366084308701
"LOC107985656",7.20351803410242
"NHSL1-AS1",7.20140413834053
"TRAIP",7.1938558591311
"RANBP10",7.19265371817515
"CD8A",7.18805984056166
"LINC01619",7.18678777178496
"NCF1",7.1835864989608
"CFAP20DC-DT",7.18339007539482
"ST3GAL6-AS1",7.18198754688569
"OAS3",7.18091049231313
"EHMT2",7.18065336957429
"FAM182A",7.1772319443459
"ADAM20P1",7.16889569000631
"TANGO2",7.16679757085512
"TMEM79",7.16450643231223
"ADAMTS13",7.16420184135557
"APLF",7.1630447018583
"GPX8",7.16245609790916
"TCEA2",7.15867186361558
"NOL4L",7.1576447204803
"PAN3-AS1",7.15565754645764
"PRRT1",7.1497299576044
"SFTPD",7.148095539383
"ARSI",7.14514463488855
"INS-IGF2",7.14149820699356
"RIPOR2",7.14076474827945
"FHIP1B",7.13902603042785
"LOC105378076",7.1372913607158
"PIEZO2",7.1365279394152
"ZNF691",7.133535399671
"CBLN3",7.12833908794316
"THNSL1",7.12224195726399
"ACOX2",7.12196114305278
"INSYN2A",7.12081196620455
"NEIL2",7.11817224052853
"COL11A2",7.11332513671806
"HSPB6",7.11122311154878
"MTHFSD",7.1099293836713
"RAB26",7.10816842185492
"TRERF1",7.10801379425626
"IL32",7.10765283470316
"CASP12",7.10624996393323
"FGF14-AS2",7.10605254265636
"SCN11A",7.10540457976611
"NTRK1",7.10150071175475
"C1QTNF6",7.09979611228536
"LOC101927764",7.09733424824622
"TSKS",7.09694443096336
"SLC30A2",7.09612535849081
"IGLL5",7.09531386508747
"INO80E",7.09487227245853
"CFAP298",7.09386562834914
"LOC100507006",7.09325648815215
"LOC105372485",7.09051854796602
"LINC00310",7.08580046034227
"C22orf46P",7.08542240684701
"LOC105373888",7.08344473931074
"ZFP28-DT",7.08332936794902
"CEP41",7.08322146312512
"KCNQ4",7.08239754191573
"PTPRH",7.08113860666793
"SLC28A1",7.07961543670677
"TMEM254",7.07693284189504
"EXTL1",7.07473038461387
"PPM1K-DT",7.0745138041202
"DNAAF4",7.07391779249504
"IGHM",7.0708653398364
"IGLC1",7.06900576442184
"PLPPR4",7.06774644350202
"PPP1R3C",7.0664137431192
"LOC102723996",7.06465789139196
"PGPEP1L",7.05794081518213
"EOMES",7.05637562490111
"RUNX3",7.0562855430453
"GSG1L",7.05583841039355
"ZNF662",7.05298485509193
"CEP126",7.04927351331557
"TRAF3",7.04801277206547
"ARHGEF28",7.04704829827898
"NXPH3",7.0402745755074
"SGIP1",7.03566049812757
"ST8SIA5",7.02685239806132
"SPATA4",7.0211584300317
"SERHL",7.02105420809823
"NCDN",7.02061447563145
"IGF2",7.01936079261308
"CNNM4",7.01910449864604
"P2RX7",7.01766685278401
"VASH1",7.01754145565256
"FAM156A",7.01603310559747
"LOC105373991",7.01380527757205
"ATP5IF1",7.0105201678758
"LOC728743",7.00775807988293
"PCOLCE",7.00547017441331
"PER2",7.00546223896439
"CHODL",7.00225497463106
"PEX11G",6.9965367052562
"LINC01590",6.99398736113406
"LRRC3C",6.98957539105266
"SLC47A1",6.98751616675552
"TMEM229B",6.98528858640095
"SNORD141B",6.98406388682086
"FAM216B",6.98333383397839
"NCF1B",6.98157774236168
"LOC101927468",6.9797364500224
"TRDC",6.973830012992
"ODAD4",6.97275091040115
"SLC25A21-AS1",6.97259438529458
"ATG16L2",6.97210763885175
"MFSD4A",6.97176021436341
"CAPN14",6.96895446061362
"PPFIA4",6.96176846327435
"GLIPR1L2",6.96003108721477
"IVNS1ABP",6.95864212654071
"PARP10",6.95813253754309
"BRD7",6.95733411560212
"CCDC89",6.95652461511738
"HLA-F",6.95462887413467
"LYPD3",6.952676368586
"WWC2-AS2",6.94984753822072
"TNFRSF12A",6.94840673111523
"PROX2",6.94805499161627
"LOC112268250",6.94736108899008
"IL16",6.94589284224262
"ABCB4",6.94292365730906
"ZBTB47-AS1",6.94280777216443
"MASP1",6.93445384042079
"CERS5",6.93394878816721
"PLXDC2",6.93239959488993
"IGKC",6.92999741828815
"CXCR2",6.92945835597424
"NTRK2",6.92802148580906
"IGHG1",6.92778771110535
"PRTFDC1",6.92068324788375
"MYL12A",6.91972372463578
"SNORD118",6.91934928261263
"IGLC2",6.9098979086359
"LRRC3B",6.9074860950683
"LINC00526",6.90664452814102
"ALDH4A1",6.90653610010724
"NCF1C",6.90371649107842
"BSN-DT",6.89976558776849
"SEC31A",6.89936582277562
"TOM1L2",6.89288953187591
"EGR1",6.89119333413927
"TSTD1",6.8895515721868
"STMN1",6.88925357502657
"ESPN",6.88875107171625
"GLUD1P2",6.88558196694526
"GUCA1C",6.8840142847769
"GPAT3",6.88156487791639
"LAX1",6.88148117746903
"PLS3-AS1",6.87894714268593
"SLC27A3",6.87803563510145
"RCC1L",6.87753864885666
"ST6GALNAC5",6.86916581427639
"DZIP3",6.86757963167345
"MAB21L1",6.86436321986722
"CHN1",6.85894158279665
"ZNF490",6.85852029013288
"LOC107984285",6.85833360811404
"LOC101929270",6.85615138903788
"UNG",6.8537555376361
"SLC9A1",6.85196263989097
"SLC5A2",6.84865990216542
"LOXHD1",6.83681912693618
"VNN3P",6.83263050836797
"SGSM2",6.83124310584809
"CATSPER2",6.82850599821541
"LOC102724250",6.82616645253341
"SOX6",6.82593798821515
"LOC112268027",6.82319806031442
"MYOZ3",6.81768769051863
"EMID1",6.81760889824406
"LOC100130872",6.81674745261161
"BDH2",6.81488764625671
"PAQR8",6.80703765347377
"PSRC1",6.80696670269179
"DNTTIP1",6.80666343982239
"KIF1A",6.80618119174946
"CAVIN1",6.8048416074884
"PDCD4-AS1",6.80472981359098
"SEMA4C",6.80471435346149
"IRF9",6.79958344814212
"ARSL",6.79448369010921
"SAPCD1",6.79413456022107
"NBPF1",6.79034082400401
"SNHG32",6.78608065348027
"LINC02021",6.78327842797148
"NMNAT3",6.78087655171522
"ID2-AS1",6.77364248605447
"LOC105375980",6.7730396210388
"LOC107987044",6.76766093648315
"TMEM45B",6.76598308327537
"C12orf76",6.76592345899098
"MEGF6",6.76524157590162
"SAPCD1-AS1",6.75927808971459
"HLA-DRB1",6.7589646573732
"C1QTNF9B",6.74930975801747
"CETN3",6.74395425286652
"ZNF467",6.74376613876057
"RHCG",6.74373602305818
"ABCC6",6.74288926821437
"KCNA4",6.74022639866232
"BDNF",6.73986403561813
"TTC8",6.73747219643756
"HYI",6.7359176042398
"MYO1D",6.73570588433856
"MCM6",6.73253370633257
"ENPP3",6.73140996473388
"FBXO15",6.72805993679682
"UNC5B",6.72221991857301
"SLC28A2-AS1",6.72216025445448
"INHBE",6.71950012771985
"FCF1P2",6.71824830527586
"PFDN1",6.71778714644776
"FAM156B",6.7134005186152
"LINC00623",6.7133420765307
"TFCP2",6.70810523753737
"INSIG1-DT",6.70776280675337
"NUDT7",6.70334846999417
"BAZ2B-AS1",6.70190387149127
"MYCN",6.69985087476445
"TGFB3",6.69605582741841
"GARS1-DT",6.69572676183928
"FAM225A",6.68888401511662
"ZBED10P",6.68365298698597
"GDPD2",6.68303577490037
"FAM149A",6.68180858795761
"HBEGF",6.68007059589678
"SPRY4",6.67944182360869
"KLF3-AS1",6.6786416082172
"RN7SL832P",6.67693737748151
"FAM86FP",6.67640138932899
"SPAG8",6.67263495262751
"FRS3",6.67076274891798
"PEG10",6.66973358481858
"SORL1",6.66890872877796
"HHIP",6.66410483349275
"RASA4DP",6.66326867754617
"GATA6",6.66080361782436
"ARAP3",6.66039716496522
"UNC5B-AS1",6.65664367476217
"TPPP3",6.65494852456173
"TMEM74B",6.64809113139158
"ZNF501",6.64787471040011
"TAGAP",6.64394252520661
"P4HTM",6.64186209328298
"METTL27",6.64180098179304
"LOC100630923",6.6394695834456
"ABHD18",6.63429755689325
"MSH5-SAPCD1",6.63350382680382
"MYPN",6.62675960670985
"IGHG2",6.62632214622783
"GAS1RR",6.62579072291852
"IGLC3",6.62400098573671
"EHD3",6.62287583938685
"C2orf27A",6.62001074340357
"GFAP",6.61851567599769
"SOX4",6.6169822279112
"CYTL1",6.61596925802198
"LOC112268292",6.61292887113328
"RNF112",6.61218411036663
"CFAP53",6.61178048773997
"LOC102724527",6.60900144211679
"TAPBPL",6.6055988701746
"FAM182B",6.60461938953522
"CD22",6.60350300515123
"ACKR4",6.60167568556149
"TMEM163",6.60093803437399
"C21orf62-AS1",6.59009004561696
"SLFN13",6.58529119091091
"CCDC180",6.58362182034952
"CBFA2T2",6.5834043816722
"TRANK1",6.58238593390619
"OMD",6.58187391163766
"RRN3P1",6.58067457179981
"TTLL1-AS1",6.58047685351986
"POFUT2",6.57950074918598
"RAB33A",6.5791777976828
"LINC02104",6.5759080690818
"PDCD7",6.57585897617577
"ADD3-AS1",6.57529636816258
"F10",6.57212512600685
"MIEF2",6.56778590787865
"VAMP2",6.56753711756429
"TNFRSF4",6.56646782867538
"ANGPTL7",6.56189787951933
"SPDYE11",6.55702404370176
"LINC03002",6.55675906737037
"SPIN2A",6.55571846682474
"CCL3",6.55494719615496
"KATNIP",6.55328496171458
"FARP1",6.55275583557451
"FBLN2",6.55193035795714
"NBL1",6.55182644779286
"LINC01480",6.54951341353775
"ZSWIM3",6.54877176779095
"SEC24B-AS1",6.54776162668035
"SEMA4A",6.54775520815218
"LINC00847",6.54577495683277
"FAM227A",6.5445595881805
"TMCO1-AS1",6.54409700601955
"FAM86B2-DT",6.5427682887334
"MMP25",6.54270708792204
"AFF1-AS1",6.53847794877438
"CXCR1",6.53730920904657
"FOXN3-AS1",6.53716201909727
"LOC107985224",6.53689536341084
"TSEN34",6.53535621266254
"PLAGL1",6.53006003152554
"EVA1A",6.52549921470688
"LOC100505942",6.52469655381294
"KCNMA1",6.52393233118687
"RARRES2",6.52145442856374
"BEX2",6.51974583030905
"GJC2",6.51883855527726
"ZMIZ1-AS1",6.51851177181481
"IGHG4",6.51779697572962
"EEF1AKMT3",6.51755580556631
"CA3-AS1",6.51310840591738
"CLIP2",6.50712072829093
"LOC107984301",6.50563690502893
"RBM4B",6.5024681124285
"DUXAP9",6.50239231367195
"IGKJ5",6.5008082537428
"SEPTIN7P2",6.49946230124918
"HSD17B8",6.49417813088143
"KCNK6",6.49120635317045
"LOC389705",6.490356387271
"NAV2-AS2",6.48946783573577
"LOC105374371",6.48917474248766
"LOC105377621",6.48709311215129
"USP4",6.48539405613922
"PMS2P2",6.48119064034949
"CPZ",6.48075781342119
"LOC101928119",6.47858754552589
"IGHA2",6.4783441030375
"APOBEC3F",6.4778291045633
"ATXN1-AS1",6.47640785203634
"ZNF441",6.47387623361279
"ABI3BP",6.47371902279191
"FAM228B",6.47314429519578
"PRRT3",6.47277998659727
"LINC00607",6.47106234963847
"EFEMP2",6.4708436774386
"LINC00327",6.47050153396823
"DEF6",6.47015436265402
"SH2D4A",6.4698617700071
"LTBP1",6.46745646675658
"ATG7",6.46384029513202
"BEND6",6.46057521621633
"ZBTB22",6.45894755347656
"MYADML2",6.45852770949873
"RAB36",6.457983169783
"IFIH1",6.45789673363401
"KCTD13",6.45705291060297
"IGHG3",6.4536438501522
"CMTM3",6.45272300820636
"FGFBP3",6.45166559789085
"SPECC1",6.44924305199127
"SPATA20",6.4485246084192
"CLEC1A",6.44741169305881
"FUS",6.4465731578954
"RAD51D",6.44629046855064
"ZNF596",6.44572220788789
"PIWIL4-AS1",6.43763537585998
"ENOX1",6.4373586528699
"LOC105378805",6.43629218158735
"SEPTIN8",6.43499410793056
"LENG9",6.43418464163137
"ZNF831",6.43393961658809
"ZBTB9",6.42900433534063
"ADAM8",6.42781087326978
"C2orf81",6.41955482559255
"TUT1",6.41818650536794
"CCDC153",6.41789518190897
"COL3A1",6.41780131972625
"KIF9-AS1",6.41372951406568
"OLR1",6.41215630905916
"EXOC3L2",6.41154297005162
"LOC105378662",6.41101709165275
"KCNJ15",6.40238203085995
"RNF216P1",6.40220906732497
"BICC1",6.3986378892256
"TPCN1",6.39824592026886
"IL31RA",6.39567454126801
"GSN",6.39533241093507
"DPH5-DT",6.39066209205962
"CSF1R",6.38915832821497
"RYR1",6.38895594551947
"CERKL",6.3856495725478
"STK32A",6.38379867073389
"ZNF74",6.37744133126597
"LOC105370994",6.37633717315917
"KANK4",6.37365430942889
"WDR27",6.36929601479348
"TOE1",6.36793896113854
"DCDC2B",6.36634949367299
"TIAM1",6.3636545188424
"EEF1A1",6.35858508705925
"CHRNB2",6.3582548219436
"MAP4K1",6.35656876181042
"LRRC52-AS1",6.35162906964255
"LOC101929200",6.34989625819538
"TSHZ2",6.34908784360736
"FFAR2",6.34604955777534
"KLHL34",6.34507860072874
"SELP",6.34156817331366
"EID2B",6.34143757029095
"C10orf105",6.34076408035987
"ZFYVE27",6.33601475183555
"PTPRR",6.33581056134784
"TMPRSS9",6.33048293717638
"HHLA3",6.32842721035777
"PSMB9",6.32807385396948
"MST1",6.32482977184646
"ASMTL-AS1",6.32327888557178
"POU2F2",6.32244969436724
"DNMT3A",6.32187202542937
"TMEM232",6.31477980961317
"LOC645967",6.31473898584164
"CCL8",6.31359248266312
"GFRA2",6.31168741872014
"NSUN5P1",6.3089126430526
"CYP21A2",6.30847129012269
"NRIP3",6.30728377983916
"CARD17P",6.30516376818601
"CHKB-DT",6.30306710132781
"LRRC3",6.30302284573228
"DALRD3",6.30288377900373
"SLC22A17",6.30258418941273
"CCDC120",6.30211279492408
"SLC24A3",6.29568448681081
"SPON2",6.29448871412682
"ZNF516",6.29399527897257
"ENPP1",6.29305498409417
"RHOH",6.29206728274906
"LOC101928092",6.28798996165903
"STEEP1",6.28714605608457
"ARNT2",6.28231924732098
"CTBP1-DT",6.28181849976714
"NOTCH2NLC",6.28076065084836
"FAM225B",6.27963929386895
"MSTO2P",6.27961300592006
"CNKSR2",6.27328945284096
"FKBP9P1",6.2727972001159
"CD24",6.27152487526239
"HLA-E",6.26962322597575
"SPDYE3",6.26933726174673
"L3MBTL4",6.26898940640435
"PHF19",6.2688551220016
"GLB1L",6.26823982272153
"ZNF34",6.2678734603145
"SGCG",6.26740531816102
"LOC107984334",6.26627064637807
"PRDM1",6.26357342749049
"CUX1",6.26318528612435
"CYP21A1P",6.2619718835749
"CHSY3",6.25835822753965
"ANKH",6.2558876140085
"MAP7D3",6.25541195001558
"RNASET2",6.25335458454568
"KRBOX4",6.25305634067852
"SDC2",6.25277139680165
"VASH1-AS1",6.25049512469601
"TSPOAP1",6.24898774871725
"ZNF517",6.24742923082704
"TAPT1-AS1",6.24262203472756
"ARHGAP25",6.23701472553877
"COL24A1",6.23659231833627
"TEKT3",6.2344675235023
"RPLP0P2",6.22483054165746
"LL0XNC01-250H12.3",6.22081074373301
"AUTS2",6.2170129741118
"MFAP2",6.21606997450696
"FLACC1",6.21535478662951
"WLS",6.21341402949952
"KRTAP5-AS1",6.20735989755469
"PAPPA2",6.20276163214776
"FBXO44",6.19968478981405
"CAMKK2",6.19818609591572
"SAMD12",6.19804575306404
"PPCS",6.19654813468576
"C10orf71",6.19525115444967
"LOC107984505",6.19516208550452
"PHGDH",6.19428501268379
"CYP1B1-AS1",6.19306378390349
"EXOC7",6.19245063268321
"CDK5RAP3",6.18874391031364
"MACROH2A2",6.18787371035859
"LOC105379857",6.18768067726614
"LINC01123",6.1857018806894
"EFHC1",6.18385851861898
"ACOT4",6.17722184736345
"EPHA3",6.17691264075482
"MYL12-AS1",6.17680435403614
"RBM5",6.17674160885232
"VWA5A",6.17571512835075
"MSTO1",6.17539261772328
"ZNF789",6.17050631198402
"MGP",6.17032373913153
"HARS2",6.16813853223053
"PLA2G6",6.16801537715593
"LOC102724351",6.16574422980446
"LOC105370594",6.16536711888627
"HLA-DPB2",6.16498846298184
"RABGEF1P1",6.1632492004388
"HHIP-AS1",6.15953637932216
"CARMIL2",6.15951334084755
"ZNF671",6.15545396398502
"NALF1",6.15537795688681
"LOC112267932",6.15455277365531
"FBLN7",6.14881884572964
"MYH11",6.14846509692846
"MUTYH",6.14666173333371
"KCNA3",6.14637132748157
"ABHD14B",6.13999498182508
"LOC112268426",6.1391471661741
"HMGCL",6.13874309275059
"RXRB",6.13562992148878
"ZNF575",6.13273604990586
"RAB40B",6.13055889775465
"TRAM2-AS1",6.12777916924627
"EDIL3-DT",6.12754381568207
"AOAH",6.12582591804914
"C3orf70",6.1256089079384
"ARHGEF15",6.12539737629774
"GLI3",6.12462414788912
"NOTCH3",6.12143100508478
"EOLA2-DT",6.12092094555914
"TTC28",6.11850738531947
"PDE4DIPP6",6.11830706844812
"DUSP28",6.11821453069291
"DUSP26",6.11798665337682
"NUDT17",6.11631092773391
"LINC00882",6.11492391940154
"VWA3B",6.10946679106846
"MCF2L2",6.10647871287705
"ACTA1",6.10369725023887
"MIR3198-2",6.09891808435281
"HAND2-AS1",6.09717161633978
"C10orf95-AS1",6.09492013491464
"TJAP1",6.09470622564778
"TSNAXIP1",6.0946376976286
"STK38",6.09292306516484
"RELN",6.09118720004954
"U2AF1L4",6.09030785772131
"TTC23L-AS1",6.08953369548678
"DYNLL1",6.08226665113837
"BLNK",6.0740408782964
"PLPP5",6.07031158778085
"ATP2A3",6.06810797428708
"TNN",6.06593184181125
"TRMT5",6.06190017898979
"PEX7",6.06115158508026
"SUGT1P4-STRA6LP-CCDC180",6.06061907382573
"PPP5D1P",6.05904460586388
"OSBPL2",6.05596246722508
"WFDC3",6.05352229637803
"THSD4",6.05170375751669
"LOC105370047",6.05078830706255
"DNM3",6.05072215342073
"CDK4",6.05059323225067
"ADGRB1",6.04738602436167
"FBXL12",6.04557758798384
"SYTL1",6.04553781724003
"DRP2",6.04399884510321
"TBL1X",6.04314286432286
"ZGLP1",6.0409184176606
"SOBP",6.04090459241372
"LINC00869",6.04042994933183
"PCDHGA7",6.03919642879697
"CEP164",6.03748302317894
"FAM66C",6.03710345214255
"HNRNPH3",6.03597060568072
"LOC112268047",6.03316420639502
"CXCR6",6.02915301437603
"EDIL3",6.02833069478275
"EGFL8",6.02635174051356
"CMKLR1",6.02529279668865
"LOC105374615",6.02348483214419
"LINC01460",6.02222646271502
"LOC101928487",6.02203497107886
"MLLT3",6.02058469284202
"PHF1",6.02047336767872
"BRD3OS",6.01940033595627
"LMOD2",6.0149121214383
"CFHR1",6.01367129826771
"ENPP2",6.01256551120623
"FANCE",6.01146544386456
"DNASE1",6.0109008796876
"PARP12",6.00894028400634
"FBXL22",6.0085544624435
"IFT22",6.00558437846564
"LINC01275",6.00377365662305
"TIGD1",6.00366761867748
"LINC00471",5.99839040170949
"ZNF133",5.99732067668545
"PRKAR2A-AS1",5.99392978222036
"SLC22A7",5.99283026770928
"ZNF470-DT",5.99196425279527
"CXCR4",5.98791409498481
"PHLDB3",5.98577621018478
"BHLHE41",5.98506038945595
"LOC105370152",5.98499152568413
"VPS52",5.98490537541748
"PDE1C",5.98478569509628
"CFAP91",5.98192612478198
"TRIM41",5.97794791353926
"CAMK2A",5.97789605546943
"C8orf34",5.97584110823057
"LOC105369209",5.97228314098858
"LOC105371123",5.97190268580055
"PPP1R3B-DT",5.96972324083076
"HDAC10",5.96629056425809
"RTKN",5.96321631484362
"MEAK7",5.96289255388925
"SDAD1P1",5.96240776169073
"TBX2-AS1",5.96139966318421
"KHDC1",5.96112205111231
"LIMD2",5.96068731569637
"S100B",5.95667343861654
"LOC107986991",5.95641963491618
"CDH17",5.951979293846
"PLEKHA6",5.95148766611899
"TNFAIP2",5.94562552636831
"CA5BP1-CA5B",5.94291381557513
"GAREM2",5.9429086315927
"ARRB1",5.9425763116311
"SCN3B",5.94217692013275
"RGS17",5.94150419023102
"CHTOP",5.94022930647823
"LOC107983998",5.93931580474308
"ADPRHL1",5.93897017086228
"LOC112268147",5.93809034875784
"PRICKLE2",5.93721275635015
"CDK13-DT",5.937004652212
"GABRP",5.93649352493184
"ACCS",5.93307002479628
"NELFCD",5.9311466370138
"DUSP8",5.93086119931111
"FLJ38576",5.92871866245149
"ITPRIPL1",5.92847412576059
"METTL25",5.92351704489666
"RHOBTB1",5.92059273664907
"RAB39B",5.92043826404143
"CDIN1",5.91782664305237
"ZNF512",5.91746258090078
"MEI1",5.91251999138032
"LOC105376959",5.91116853375952
"LOC105376204",5.90964102865354
"LTC4S",5.90756690396103
"SNHG18",5.90637628128225
"IGLJ2",5.90571545956773
"CDRT4",5.90377892529536
"TSPAN15",5.90286619969851
"RGN",5.90042870531518
"GRK4",5.89923677410872
"TCTN2",5.89709934660982
"IFFO1",5.89546028234037
"NOTCH2NLA",5.89529825256503
"LOC100996660",5.89488235317648
"FXYD1",5.89299539607054
"PLA2R1",5.89061211841988
"CAMK2B",5.89015496025809
"MYLIP",5.88754137929762
"ENAM",5.88707564759814
"DNAL4",5.88628587749034
"NAIF1",5.88480057396191
"DDAH1",5.88411527217963
"NR1D1",5.88258586245889
"TLR9",5.88230876740068
"RASA4B",5.8820197202234
"ZNF625-ZNF20",5.87966038090563
"KAT2A",5.87959096887255
"TNFSF12",5.87821856938594
"NAGK",5.87777099909826
"IBA57",5.87742963311521
"IGKV3-15",5.87518896275342
"NIFK-AS1",5.87495946666813
"SHROOM1",5.87476090404308
"BST2",5.87399599171679
"FBXL13",5.87215645849628
"IER5",5.87193679536841
"ERICH6-AS1",5.8715549256942
"IGKV1-5",5.87013057238172
"LGMN",5.86918796559011
"AMY1C",5.86901500960018
"USP20",5.86540524432611
"CCDC102B",5.85834818200678
"PPOX",5.8577532198205
"LOC101928762",5.8565789538
"MOB3C",5.85474753083585
"CH507-145C22.1",5.85438668513134
"EXOC6B",5.8522448698399
"DMAC1",5.85212390892798
"RELB",5.85166299305146
"DSTNP2",5.85017315578835
"TNIK",5.84938954172885
"MDFI",5.84675923884586
"GOLGA3",5.84320496108369
"DGLUCY",5.84317890276005
"LINC01588",5.84193547660422
"LRIG2-DT",5.84075092591655
"PRMT7",5.83750996834288
"CCDC81",5.83607924990207
"OSGEP",5.83561961629143
"TRBC2",5.83229800449815
"C10orf143",5.82905862221613
"NRBP2",5.82772568456212
"PSD",5.82513469920042
"CPT1C",5.82424600992285
"CHD3",5.82408092739147
"NR2F1-AS1",5.82339774384444
"CCL21",5.82225413926951
"IGLV2-14",5.82048931637147
"VPS13B-DT",5.81984541299927
"ZNF706",5.81890865385901
"IGHA1",5.81715328522981
"LOC440895",5.81687704623073
"CCDC159",5.8165903625313
"ARRDC3-AS1",5.81456227345627
"IGKV3-20",5.8136511033075
"GALNT12",5.80717714281232
"LOC100130027",5.8056922756799
"CNKSR3",5.80522881863226
"FUT4",5.80353527414286
"TLCD5",5.80336422248036
"PRKD2",5.80283287498021
"SERINC4",5.80033359349478
"STAG3L4",5.79734735559121
"SRGAP3-AS4",5.79584594229727
"DAPK3",5.79210921232021
"LINC02993",5.79001684592349
"RABL2A",5.7897172219767
"SEMA3B",5.78427238059796
"ZNF83",5.7840728888921
"RSPO3",5.78177435168549
"SH2B1",5.78050418180477
"PTPRCAP",5.77908857458232
"INTS6-AS1",5.77867946809707
"ZSWIM5",5.77807309608643
"IER2",5.77731037932369
"CSAD",5.77589315255794
"WWP2",5.77463668077561
"ABCA10",5.77397631338871
"ASB16-AS1",5.77059837949476
"ZNF833P",5.7691830867285
"HLA-B",5.76662946338317
"ZNF839",5.76597002371783
"TRIM34",5.76555004758757
"HPCA",5.76377946723589
"GSTM2",5.76153890524779
"SCRN2",5.7602387439738
"RAD51B",5.7597956194747
"ANO9",5.75635325199174
"FGD1",5.7562484133057
"GBP1",5.7550680547815
"LUC7L",5.75019874433319
"LYPLAL1",5.7492702472885
"CCDC190",5.74399880452841
"C20orf204",5.7423388426846
"PROM2",5.73933450366365
"TMEM253",5.7386023626766
"GPR85",5.73754406801086
"RCCD1",5.73486244676966
"CCNA1",5.7341856940242
"TMEM54",5.73303163462287
"PLEKHG5",5.73234818480319
"DDIT3",5.73195897792079
"MYOCD",5.7299117993411
"LOC101929846",5.72713767816823
"PRRX2",5.72713542785501
"NAV1",5.72661816084745
"S100A14",5.72455970980187
"DVL2",5.72140302604917
"ADAMTS8",5.7213815534105
"LETMD1",5.71884816203478
"LOC101929185",5.71780631083472
"CHST5",5.71758416444962
"GDPD5",5.71326533926371
"FIBIN",5.71132597288859
"RASA4",5.71060056054807
"CREB3L4",5.70547863029734
"PHLDB2",5.70478999225021
"PTPRD-AS1",5.70376932721938
"TRIP6",5.70300575362259
"KCNH8",5.70296738057065
"MYCL",5.70144736252101
"MYO15B",5.69896661949004
"C1QTNF5",5.6987050039593
"MFRP",5.6987050039593
"HID1-AS1",5.69862100106382
"ZNF805",5.69745322153159
"ESPNL",5.69707005704414
"ZNF337-AS1",5.69684562747108
"ZNF236-DT",5.69476427194557
"LOC105372470",5.69369100193823
"ECM1",5.69221099223729
"FRMPD4",5.69019097787169
"DUSP16",5.68791469829394
"COL4A5",5.68479225822694
"PGM5-AS1",5.68244670096562
"LOC107984433",5.68213868585384
"GREM1",5.67894609714838
"ZEB1-AS1",5.67644800078862
"F2R",5.67584835083712
"M1AP",5.67461968228826
"PAK1",5.67116161992232
"MAP2K5",5.6707054701001
"LOC105378967",5.66971808346513
"AKR7A2",5.66473145770279
"CFAP69",5.66424329153697
"PCDH15",5.66352276274205
"PDGFC",5.65911580045507
"PRELID3A",5.65883019184687
"NPIPA8",5.65745168861596
"SRA1",5.65662964057639
"LOC105376084",5.65463840426678
"LOC102724497",5.65399121511038
"MMP15",5.65397793687075
"CBLL1-AS1",5.65377407274732
"GPR199P",5.65199808900302
"DOCK6",5.64971703330574
"LOC105377253",5.64969830792031
"LINC01616",5.64922905631582
"TNNC2",5.64747516592485
"PRAM1",5.64669129640311
"C3orf33",5.64558493094852
"TFF3",5.64516407069946
"TNFRSF14",5.64446268498033
"ST6GAL2",5.64433377345152
"CLDN5",5.64361697235168
"COL10A1",5.64242884741003
"FAXDC2",5.63888740535701
"KDM7A-DT",5.63797713487759
"ISM1",5.63686143580101
"GFI1",5.6361914358428
"LOC105375896",5.63429982066343
"NAALADL1",5.63194307097062
"FLJ32255",5.63164038870996
"LHX4-AS1",5.62657190881982
"SLX4IP",5.6254910978418
"TDRD10",5.62448670362664
"FAM47E",5.62442166340772
"ADAMTS10",5.61884791186742
"ARSD",5.61721321398733
"SLC28A2",5.61285482179145
"EMILIN3",5.61187077896396
"HTATSF1",5.60876770593634
"PATJ",5.6071831498221
"IGKJ4",5.60697331501311
"GNAS",5.60609163379793
"OAF",5.60581043660554
"PLD5",5.60577511402699
"ZDHHC1",5.60435564987469
"ATAT1",5.60401404307122
"RHEBL1",5.60278881005394
"LOC105373627",5.59877277750509
"VTN",5.59738263843366
"SLAMF6",5.59615592735209
"PELP1",5.5951450490789
"TDRKH-AS1",5.59444338292361
"MAMSTR",5.59248508359464
"STAG2-AS1",5.59156131581636
"MIR34AHG",5.5879764846408
"KIF3C",5.58660247309884
"TMEM9",5.58656573925644
"KIF26A",5.58637018940716
"LOC107984316",5.58374138085702
"LINC01089",5.58334515901432
"CRTAP",5.57863570363412
"PDLIM1",5.5781219822177
"SLC2A10",5.57752711509234
"HSP90AB1",5.57561094985868
"FADS2",5.57315052682166
"KCTD7",5.57110859465498
"LOC100128653",5.56637883294012
"AMZ2",5.56617153821663
"NDUFA10",5.56547493774378
"ZNF433",5.56417686123975
"SLC25A11",5.56220583625917
"FOXP3",5.56099511397245
"ODF3B",5.5599254435874
"LOC105374071",5.55852667835932
"MRPL10",5.55543486143864
"CCDC169",5.55383548930089
"TAF1A-AS1",5.55090776423377
"PIK3C2B",5.55035481409535
"RASIP1",5.5503402379852
"TICAM2-AS1",5.55008472491969
"CCDC154",5.54581838756965
"FAM111A",5.54310296456501
"LINC03006",5.54301000125996
"TM4SF19-DYNLT2B",5.54143324767076
"DLGAP1-AS2",5.54123708644364
"LOC105372817",5.53918288706779
"PILRB",5.53841388070545
"LOC105375431",5.53811052830492
"TRIM21",5.53531446777283
"NSFL1C",5.53349971277862
"LOC102723401",5.53340701977116
"C10orf67",5.53324364972642
"MAMLD1",5.53083759636332
"SRPK3",5.52499280248702
"MLLT11",5.52271526698357
"ZNF20",5.52172168985812
"FOXL1",5.52088652644418
"BRPF3-AS1",5.52053250272541
"CETN2",5.51925843486102
"ZNRD2-DT",5.51910053691354
"ENDOV",5.51796280097372
"IGLV2-23",5.51478652879932
"AMY1B",5.5145792709865
"RHBDL2",5.51377162235639
"INPP5D",5.5100664352039
"C19orf44",5.50983407941955
"LINC03027",5.50794102031932
"NPIPA7",5.50787214910048
"LINC00663",5.50756032235789
"PCSK5",5.50083958811125
"ABCD4",5.49626168399982
"KIAA0753",5.49612376043191
"ECT2L",5.49292955518752
"C7orf50",5.4927076273984
"REC8",5.49094139785024
"IGLV1-44",5.4905959784986
"DYNLT2B",5.49042385089157
"LINC02018",5.48985128164028
"C2orf68",5.48850897278477
"LOC101929770",5.48481155217216
"POLH",5.48389667776898
"CDPF1",5.48098733700019
"LRRC46",5.4806048269023
"AMY1A",5.4768235468036
"RFX2",5.4758875858104
"ME3",5.47438992367771
"NSUN5P2",5.47248582736304
"PIP4K2B",5.47177291493711
"PPT2-EGFL8",5.4700842897145
"NT5C1A",5.46775897024593
"ZNF280B",5.46649483418471
"TAPBP",5.45825840108675
"PCDHGA5",5.45464154902367
"SCARF2",5.45437849228715
"FAM98C",5.45437386200934
"CAHM",5.45420804218641
"IGKJ1",5.45197872633404
"LOC107986837",5.44973616340458
"ANKMY1",5.44930309439312
"PGAP3",5.44895693562032
"SEMA4G",5.44870153891996
"CROCCP3",5.44853492433694
"XPO4",5.44666434484532
"GALNT11",5.4435363423749
"JAK2",5.44048925993987
"KLC4-AS1",5.44031028647247
"CHCHD6",5.44030252036415
"AKR7A3",5.43789671541162
"TSPAN33",5.43777394348686
"OSCP1",5.43733553482687
"MIR1287",5.43698395695045
"GATA3",5.43282380029924
"LINGO1",5.43017705449601
"CCN2",5.4301498176733
"HAS3",5.43000622872876
"LOC101927897",5.42871461388217
"ARHGAP19",5.42834686562171
"RBM38-AS1",5.42804516296527
"LOC107985986",5.42721403613182
"PTPRT",5.42554301773159
"TGFBI",5.42386504286732
"TMEM39B",5.42364030178728
"OMA1",5.42006768442713
"ZNF559-ZNF177",5.41844518887665
"LINC02298",5.41826247900443
"KDM2B",5.41716142805743
"TNFSF13B",5.41400995390692
"LOC107984428",5.41385091495252
"ZNF212",5.41327260960883
"SPDYE13",5.41153036444574
"C17orf67",5.4087129137593
"AARS2",5.40848612165566
"IDI2-AS1",5.40834118276937
"AMY2A",5.40706145912051
"P2RX4",5.40685422971916
"DUXAP10",5.40369581692714
"ZNF586",5.39192468415637
"SAP25",5.39171145877197
"RNF207",5.39135022761579
"PCDHGB1",5.39108029130127
"TBC1D17",5.39099673616787
"TRIM7-AS2",5.39088018387594
"MEGF10",5.38960802590507
"GAPT",5.38952438314666
"MRNIP",5.38890759725387
"CCDC90B",5.3877289303271
"SIPA1L3",5.3871275839887
"ADRA2A",5.38392031533788
"WDR6",5.38385712716807
"VPS45",5.38258945601376
"SDK2",5.37787992613532
"IGKV3-11",5.3762089979601
"IL12A",5.37208671202148
"ANP32AP1",5.37126071107214
"UBQLNL",5.37079337450991
"PCOTH",5.36857568947596
"LOC105370579",5.367552340725
"CRYGS",5.36377842606753
"PIGZ",5.36260484969588
"NPIPA1",5.36257236652376
"MGARP",5.35968720640054
"SPDYE14",5.3589168848948
"CRELD1",5.35567366739218
"LOC105377890",5.35316995630729
"IGKJ2",5.35214911508354
"YPEL1",5.35190469754582
"ANKRD35",5.3515754443507
"ZNF462",5.35149334892896
"SQSTM1",5.35100170274238
"POGZ",5.3502768237774
"IGFBP5",5.34761492215688
"ZSCAN5A-AS1",5.34646604132759
"PPIP5K1",5.34559142049274
"TNFRSF10C",5.34534117805904
"ZNF564",5.34450066160452
"ERP27",5.34349194658668
"IRAIN",5.34308893146598
"SIPA1L1",5.34127181899862
"SFI1",5.3393593187794
"BBS2",5.33912807721531
"ZNF767P",5.33889491085297
"TM7SF3",5.33863972278069
"CASC15",5.33650698441371
"PDZD11",5.33620886841277
"GMDS",5.33532471077257
"ACAP1",5.33393261291732
"MSTN",5.33327339564474
"MIR10527",5.33303255309059
"PPP1R3E",5.33234687760683
"LIPE-AS1",5.33114538519242
"LINC00205",5.32736658198764
"C17orf75",5.32550602523134
"CHRNA1",5.32444372618505
"ADGRL3",5.32152027424603
"EGLN3",5.31670741867331
"WHRN",5.31564868457624
"DTNB-AS1",5.31428455132163
"MARCHF3",5.30875752379446
"SLC20A1-DT",5.30768650254729
"SPOPL-DT",5.30742000235318
"LOC107984126",5.30633349797866
"CLN8-AS1",5.30263054443155
"CDK3",5.30245211415348
"RHEX",5.3017033313158
"MAST3",5.30056721976705
"CLTCL1",5.30003285117002
"NCBP3",5.29713593840701
"HLA-DOB",5.29499714521227
"PROCA1",5.29314392391595
"DNM1P41",5.29291452721385
"CRIP1",5.29146138997265
"IFFO2",5.28949976596409
"BMS1P21",5.28879079880903
"LOC101928055",5.28801959831675
"LOC100507547",5.28663356899367
"CDKL2",5.28651095908622
"RSRP1",5.28578820458666
"C16orf74",5.28491612437674
"VSNL1",5.28414984115555
"NRG2",5.2836859251044
"ZFHX2",5.28187204760783
"LST1",5.28160829268979
"SP140",5.2804621208134
"CISTR",5.27693892421398
"LOC105376806",5.27621058191954
"ARID3B",5.27559487698145
"TRAP1",5.27432349897349
"TMEM51",5.27184262471431
"TNF",5.27134637505828
"LOC101928032",5.26934134468075
"SEPT5-GP1BB",5.26885785062215
"LOC102724057",5.26579208359865
"PRKRIP1",5.26355847633451
"RNF227",5.2632522839461
"DSCAS",5.26054034970397
"GATD1",5.2596742284973
"PTCD2",5.2583005081667
"CADPS",5.25813348757575
"LMAN2L",5.25780957171829
"CSTF3",5.25451967673978
"SLC43A2",5.25431916631123
"MIR7160",5.250851376152
"CTNS-AS1",5.25006313724579
"LIPT2-AS1",5.24842525619681
"B4GALNT1",5.24680379823742
"SLC6A12",5.24555959924
"PKNOX2",5.24518627143442
"C11orf65",5.24401328544873
"SGSM1",5.24036799762153
"HACD3",5.23624687100118
"ACKR2",5.23519570161391
"LOC105371501",5.23274528589638
"BATF2",5.23081609653108
"SCN9A",5.22852686714929
"RNF215",5.22583467079232
"GABARAPL2",5.22560542803188
"GLIDR",5.22522004103553
"MNDA",5.22395151572052
"TRIM7",5.2234333089109
"IGKV4-1",5.219368201984
"CLEC4A",5.21884688415789
"LCNL1",5.21817072155807
"LOC101928658",5.21723271535683
"QPRT",5.21679772012927
"SEMA3F-AS1",5.21634709848439
"IGHGP",5.21441033521487
"SF1",5.21358855402266
"ZBTB11-AS1",5.21227385639554
"LOC105369823",5.21136805873043
"NLE1",5.20976689113644
"PIPSL",5.20969422917616
"FZR1",5.20482505453051
"SLC25A27",5.20264321830575
"ZNF300P1",5.19908059719986
"CNTN4",5.19669284431276
"ERMAP",5.19635376219471
"DCUN1D2",5.19524347599823
"SEPTIN5",5.19038672183451
"CCDC24",5.19010859219581
"ALG1L9P",5.18763087812058
"CCDC181",5.18718552665157
"ALPK3",5.18400915779549
"SGSH",5.18381007744871
"CEBPA-DT",5.18210402941997
"HRH1",5.18129318061422
"PYCR2",5.17947480810274
"NRGN",5.17331417369537
"TKFC",5.17320836045941
"CPLANE2",5.17171214020526
"HS3ST3A1",5.17167818654741
"LOC105371976",5.17094790914559
"SFRP2",5.17063761208744
"ST8SIA5-DT",5.17004220284869
"EML4",5.1697589566265
"AOC3",5.16156911551893
"XXYLT1",5.16017170211163
"YWHAQ",5.15861793946996
"EIF3J-DT",5.15765197823027
"SPIN2B",5.15396060074114
"CBX7",5.15359728291912
"TBCA",5.15268479646538
"IL11RA",5.15188134228037
"ZNF404",5.15132039732465
"RASSF1",5.15070519285667
"AFAP1L2",5.1478036475842
"C4orf47",5.14682689980194
"LOC107984004",5.1449595375601
"IGHV3-23",5.14339985391437
"AFAP1",5.14131803510515
"QDPR",5.14041527821588
"C1orf35",5.1402460534461
"RBM14",5.14016570832366
"C11orf71",5.1401233158723
"MANBA",5.13786036034412
"NSMCE1",5.13454491772437
"ILKAP",5.13374387052606
"MAGOH-DT",5.13363774759556
"LINC02861",5.13320109151894
"THYN1",5.13313136193426
"S100A2",5.12983972709709
"ZNF140",5.1281538012979
"FBXL9P",5.12133265784095
"LOC105377401",5.12113438262554
"DNM3OS",5.11913691407631
"PTGFR",5.11909069276434
"MAN2B2",5.11819453142275
"YEATS2",5.11731443115038
"DRC3",5.11595776842484
"PLAAT1",5.11504253263094
"LOC107984224",5.11416922929315
"TMEM179",5.11189262586552
"IFIT1",5.1085102297011
"LINC02367",5.10817629873505
"LOC107983950",5.1025104820113
"BMERB1",5.1014947514602
"NACA",5.10147423487224
"THOC1",5.1008312401822
"ALMS1-IT1",5.0978934331864
"CCDC61",5.0973865133316
"TNIP1",5.09630830258564
"LOC93622",5.09603284976695
"LOC105371472",5.09330195317228
"LOC107985054",5.09292225817105
"DAND5",5.09275876106492
"RPS2P32",5.0914627892578
"PADI2",5.08958529660564
"COX15",5.08804374261444
"DDR1",5.0864770071871
"MYOF",5.08444425094997
"PRICKLE1",5.08397573907835
"HABP4",5.08247186553742
"BLOC1S4",5.08096793269915
"ZNF557",5.08078593089941
"RPL23AP53",5.08025620101359
"KLHL22",5.07664399656529
"NPRL2",5.07591730302154
"IFNGR2",5.07525197420589
"HSPA7",5.07513501225178
"AKIRIN2",5.07319984351463
"ISG15",5.07290955159792
"NPIPB6",5.07243820032308
"CHID1",5.07168516361621
"AJAP1",5.07089473525825
"ZNF667",5.06446185608778
"CYP2D7",5.06333179660279
"RGS12",5.06271216143941
"RGS3",5.0614134185424
"IGLV1-40",5.0595687983608
"LOC102723690",5.0578533368511
"LHPP",5.05656756908872
"RABEPK",5.05651058059468
"RCN3",5.05601655950734
"CEP78",5.05565027429778
"GORAB-AS1",5.05303346469111
"LINC02615",5.05282139668931
"EARS2",5.05188807874522
"LOC105372018",5.0512143746181
"LOC112268079",5.04820139804088
"BMP6",5.04588407872809
"ACOXL",5.04495358553269
"AGAP5",5.04421299449024
"ISYNA1",5.04145017717954
"KIF22",5.04028691691282
"ZNF385C",5.0392575718151
"LOC100288570",5.03392073561558
"MYO15A",5.03216973696103
"ANXA2R",5.02617156548227
"PGBD5",5.02614610529593
"SLITRK6",5.02206743934699
"NAPSA",5.02197761078511
"TPTE2P6",5.02061585046538
"LOC105374612",5.01823177575954
"ZNF425",5.01778121342587
"GABRB1",5.01405989717324
"LCAT",5.01337333539086
"SMOX",5.01230810555729
"SPECC1L",5.00867033251236
"LOC112268239",5.0085819874834
"LOC100130987",5.00613451146873
"PCBD1",5.00474656119972
"LOC107985189",5.00389896245498
"LAS1L",5.00377373502981
"LOC101928764",5.00220826568224
"UPB1",5.00174077606203
"CCDC88C",5.00161612727087
"FAM86EP",4.99995114479474
"COL6A6",4.99932635358443
"LOC105376369",4.99315444785725
"HLA-DQB1-AS1",4.99210803120736
"CISH",4.99114625966077
"MYH9-DT",4.9887167811463
"PIM2",4.98736476084965
"FBXO31",4.98690738599472
"LOC105371058",4.98658279243246
"ZNF875",4.98328147824022
"MPHOSPH8",4.98303058501366
"TRNE",4.98268134945898
"DCST2",4.98122166831235
"VCAN",4.97732763791962
"DDX60",4.97694825590684
"EXT2",4.9746814508274
"TSPAN8",4.97254694449976
"GPR176",4.97166334846031
"UBE2E2",4.97159176385506
"LOC107986309",4.97071909789796
"ACTN2",4.96847024383754
"ALDH7A1",4.96791859144763
"HLA-A",4.96639381439889
"IFT27",4.96021956154486
"SPPL3",4.95865976898542
"GAPDH-DT",4.95671156347768
"IQCN",4.95057810526121
"RET",4.94720369575109
"ITK",4.9414218152373
"TAX1BP3",4.93588625541983
"TMEM234",4.93495955241798
"MMP28",4.93276626845419
"KHDRBS1",4.93085461738492
"LOC105375981",4.92697544565072
"CFAP61",4.92172230362743
"DICER1-AS1",4.92128617051279
"CCDC54-AS1",4.92041052413984
"RFX8",4.91980370603425
"NME4",4.91922226920616
"DUSP6",4.91890539443224
"EMC3-AS1",4.91729186587138
"MGAT3",4.91634071316024
"IDUA",4.91527253204752
"IGKV2-28",4.91431940082942
"LOC107987072",4.91264609884126
"SSPOP",4.91229240325883
"PRCD",4.91107577545174
"MHRT",4.91035460438076
"LOC112268092",4.90843834911993
"HCG25",4.90349957431983
"CFAP44",4.90237687066191
"HPS1",4.89999559547904
"ANKRD36",4.8971332615848
"GAS8",4.8956013885049
"LGALS9",4.8934592430711
"TGIF2",4.89292958395433
"LOC105376037",4.88854389727377
"DMAP1",4.88647856991715
"IGKV2D-28",4.88110182034148
"FAM107B",4.88052827305091
"TREH",4.87993600881213
"LOC107986859",4.87952565372064
"ENPP6",4.8774908402504
"ELAC1",4.87434690056359
"PRELP",4.87348937557394
"PLA2G4B",4.87311888308347
"LOC105377735",4.8729566395817
"CNN3-DT",4.8717865672955
"MB21D2",4.87130182663114
"TSPAN5",4.87081452669496
"TMIE",4.86931195448204
"INPP4B",4.86849391838365
"COMMD1",4.86658812010166
"LOC107984952",4.86614360897146
"LOC107984837",4.86421863246693
"MMP9",4.86264774655954
"TMEM175",4.86124996023792
"LOC101929759",4.86045169198084
"POSTN",4.86007445269454
"ZFAND2A-DT",4.85625802514519
"LOC105377576",4.85340082532583
"ZBTB7C",4.85302352882665
"ATP2B1-AS1",4.85285181629115
"PLAU",4.85251519389609
"LOC107987153",4.84741465679668
"IFI27L2",4.8472918365795
"EFCAB11",4.84403375456435
"ZNF630",4.84401226421855
"EMC10",4.8438869923595
"EGFLAM",4.84103810842858
"IFT20",4.84076120080959
"TCF7L1",4.8275815349791
"RASAL3",4.82731712996583
"RDH16",4.82584460675599
"LSMEM2",4.82558250170216
"TRNN",4.82183135653373
"ANGPTL5",4.82138454539343
"IGSF6",4.82138034196105
"TP73",4.82137841209559
"KRTCAP3",4.8168031706372
"SPINT2",4.81621526664312
"TNFRSF14-AS1",4.81586215116884
"SYT9",4.81576569702739
"PACSIN3",4.8137276357074
"PSMB10",4.8110529217099
"LOC102724775",4.81005420963883
"PXMP4",4.80889452980349
"SPAG16",4.8064083535632
"LOC101928047",4.80524693139217
"COPG2",4.80512653717057
"TMEM144",4.80469699125774
"LOC105378351",4.80247221940654
"LOC105378526",4.7986375191536
"PINLYP",4.7963243848885
"DDIT4L",4.79600318143843
"SNUPN",4.79362994252592
"GSDME",4.7928549661682
"SMIM10",4.79242914995217
"URAHP",4.7918557348862
"TTC36",4.79069955062954
"CEMIP",4.78648425755733
"TMEM176B",4.78573367446376
"NDUFAF3",4.78544637253056
"SNHG10",4.78526530324536
"CARD10",4.78520500229093
"AR",4.78379841833887
"SMIM29",4.78077793621349
"LOC107985303",4.77947523211297
"KMT5C",4.77878131618601
"C1orf127",4.77804088545023
"MEAF6",4.77516347453027
"C8orf44",4.77506063386524
"ATP2A1",4.77426090070725
"EP400",4.77400101112033
"LPXN",4.77268536047017
"ATP2B4",4.77164277489157
"LOC101926969",4.77087802208821
"GNRH1",4.76764641873791
"LINC01530",4.76648375258055
"TTC5",4.76570945982701
"LDLRAP1",4.76483674793408
"NFATC1",4.76327853618328
"RAB24",4.76095495173537
"LOC101929314",4.75877127635093
"WT1-AS",4.75644666991188
"EFNB3",4.75612255781492
"HEXB",4.75462276798638
"PER3",4.75404526082326
"USP30",4.75399329736845
"CCDC22",4.75297102222146
"DTX2P1-UPK3BP1-PMS2P11",4.75292607082472
"LCDR",4.75254151089339
"CXCL16",4.75204943112878
"TMEM35B",4.75053642150437
"HHATL",4.74900569363889
"CUBN",4.74639026043442
"FHOD3",4.74552257279026
"SEMA5A",4.74454607698054
"LOC107984063",4.74347291791234
"ZNF788P",4.73756685279394
"MINCR",4.73713438291834
"RRN3P3",4.73690891709491
"ENAH",4.73651140338593
"UNC45A",4.73584119945063
"PLCB2",4.73509868358581
"IFT52",4.73365628531574
"RAD51AP2",4.73254445484064
"SLC6A13",4.73098843283169
"GALT",4.73080058012548
"PFKP",4.73033669482064
"SAMD5",4.72950251173199
"ZNF502",4.72910134073908
"MSC-AS1",4.7239285201496
"CHRNE",4.7229657688303
"TMSB15B",4.71385774172461
"ARHGAP39",4.71087662962621
"RAB33B-AS1",4.71065792406406
"BICD1",4.71019229989069
"FRG1HP",4.70985701635627
"GLG1",4.70932414996983
"C20orf96",4.70790057278946
"PP7080",4.70750346181149
"ITM2C",4.70676283534362
"PYGB",4.7039069921486
"LOC101927572",4.70370733799049
"MKX",4.7035216308086
"SERPINB9P1",4.70321282763546
"LINC02660",4.70171172728946
"LOC100129534",4.69803434612861
"ATP13A4",4.69546759742161
"SMIM30",4.69412090751165
"PCDHGB2",4.69169294102542
"ARHGEF40",4.69122209908412
"IGKV1-39",4.69034167678212
"ERICH2",4.68865879108654
"CDC37L1-DT",4.6875109006252
"ADA2",4.68729736381481
"TAMM41",4.6857504350138
"SLC16A14",4.68570204642418
"KCNMB4",4.68396720869113
"PCDHGA9",4.68325395303098
"SLFN12L",4.68287249716447
"CTSO",4.68263988557898
"DHX9-AS1",4.68217420457162
"FAM24B",4.67919005513264
"TMEM191B",4.67768327072088
"GINS2",4.67714240308691
"PPP2R1A",4.67649328572108
"LINC00189",4.67608999308488
"LOC105372326",4.67560506368266
"LOC105374938",4.67144164385371
"MGST3",4.67049796670507
"DUS2",4.66868720620478
"LINC02482",4.66746307892054
"PDLIM3",4.66576003992286
"MOAP1",4.66407466267365
"DGKB",4.66385355840516
"ALDH5A1",4.66072288922125
"OSBPL10",4.65864655512779
"PHF11",4.65531588357462
"PIF1",4.65457368355043
"CUL9",4.65368606617676
"P4HA3",4.65259127707723
"LOC101928415",4.65181509295757
"MIR3918",4.65166065344241
"VEGFB",4.65164871680343
"GRM1",4.64961353469039
"FBXL7",4.64839412026284
"FAM86C1P",4.64819535722404
"ZFP64",4.64739695396004
"RAC2",4.64664877261164
"RNF150",4.64581452280213
"LOC101927609",4.64386442218058
"ZNF717",4.63998496113613
"BBC3",4.63801476464015
"SMS",4.63779404357455
"SLC16A6",4.63638178284561
"KIF9",4.63591924128243
"CCDC136",4.63428731824608
"LOC730101",4.63335367858327
"YPEL4",4.63226514159789
"NOTCH2",4.63191200820177
"GVQW3",4.62946517163432
"RBKS",4.62626768458415
"LINC00504",4.6240819097665
"SLC44A5",4.62226877891057
"ACD",4.62202407058102
"DCPS",4.6204793339393
"ARSA",4.61999351204166
"CSRP3-AS1",4.61761144043174
"PCSK6",4.61716811569363
"TRAF2",4.61715439308427
"HCG11",4.61658404338455
"HSPA1A",4.61211674455565
"FPGT-TNNI3K",4.6118878921169
"FBXO27",4.60879294976119
"GYS1",4.60735766134002
"HLA-DQB1",4.60460582668901
"TIGD6",4.6026403067498
"GPM6A",4.60092732179527
"LOC105376391",4.60014215948575
"PCDHB5",4.60002348228862
"MIATNB",4.59744243244117
"TET1",4.59680864558218
"TRNC",4.59617735778819
"PON3",4.59615559331136
"TFB1M",4.59603415274072
"LIN7B",4.59488531241922
"DOC2A",4.59446163280535
"SEPTIN7P13",4.5921844892645
"LRRC41",4.591544269335
"ZNF711",4.58903828333912
"NAT8L",4.58875123300367
"LOC105379499",4.58724876806165
"GGT1",4.58655920898035
"SNAI3-AS1",4.58655753951123
"PCED1A",4.58515422977898
"ZNF790-AS1",4.58223084178994
"AKNA",4.58146183775869
"GAL3ST3",4.58082979860824
"SPTBN4",4.57838246331908
"TOMM34",4.57817432145848
"SLC24A5",4.57657239283534
"ANKS3",4.57656230730253
"MB",4.57635133137919
"ARHGAP17",4.5753206400578
"LOC105370573",4.57371319130281
"MAN2C1",4.57299443041263
"DLK2",4.57127043990292
"RAPSN",4.5671752384611
"ZNF19",4.56707473381108
"AGAP7P",4.56636644603309
"LYPLAL1-DT",4.56510555704003
"LOC729291",4.56096871273875
"LOC101929457",4.55827535050345
"ELAPOR1",4.55747047145112
"MTARC2",4.55515905641299
"ARF4-AS1",4.55430322958761
"PGAP4",4.55173026823201
"WNT11",4.5472397979551
"SEPSECS-AS1",4.54654695892403
"HSF4",4.54624234285001
"OR2A9P",4.54613182148697
"FAM88B",4.5456669834272
"SNORD141A",4.54389686007566
"LOC112268182",4.5428556793434
"HAPLN3",4.54150965855125
"SEMA6A",4.54115467736589
"MIAT",4.54066842153406
"ZNF211",4.54024536235667
"ZNF763",4.53689723762662
"LOC107985251",4.53629743034063
"SULT1A1",4.53456305142035
"LYL1",4.52861299778159
"AMN",4.52826555210268
"MPO",4.52766401321283
"HIRIP3",4.52654730938923
"SWI5",4.52592332806343
"DIPK1C",4.52591251662065
"SRRM5",4.52587476202055
"SLC22A18",4.52188302778313
"NBPF25P",4.52107785018992
"CACNB4",4.51851191756524
"NAP1L5",4.51527706793079
"SVIL",4.51526037706295
"HLA-H",4.51471447172909
"STK38L",4.51403526334717
"LINC00515",4.51273093482158
"ADAP1",4.51241148824924
"KRTAP5-1",4.50975182593196
"PTPN7",4.50872666325795
"OLFML2B",4.50773932308239
"PABPC1L",4.50460432549704
"PRKCA",4.50223431940144
"TRNA",4.50054484935029
"COA5",4.49982225562155
"WDR54",4.49916372179712
"IL17RE",4.4991325497817
"MYH7",4.49711226452425
"HCAR2",4.49613309704093
"PDLIM2",4.49345113791575
"IFI35",4.49201726145083
"WARS2-AS1",4.49187947297475
"MIR637",4.49147725652079
"KIAA1614-AS1",4.48878526016953
"RBFA",4.48854587273142
"NET1",4.48784707571837
"NOP53-AS1",4.48713810456582
"C19orf73",4.48425781588639
"ATP5MGL",4.48309144941467
"TMC8",4.48297764397096
"TBCC",4.48292664235613
"FBXL20",4.48194676214316
"RHBDL1",4.48170504384042
"PTPRZ1",4.48083113420076
"TF",4.47640025442764
"PPFIBP2",4.4759619894126
"SUGCT",4.47504537803682
"INAFM1",4.46994159610863
"SPOCK2",4.46985166040276
"TSR2",4.46692139919111
"NHSL2",4.46665058229384
"SF3B4",4.46476356281526
"FKBP10",4.46385420677829
"FST",4.46188542008504
"ISY1-RAB43",4.46149748711338
"ZNF528-AS1",4.46023877319882
"PAF1",4.45905271054412
"LOC107986095",4.45809166831004
"PBXIP1",4.45655594682651
"CILK1",4.45558404398312
"KIAA0319L",4.44980314312453
"DNAJB2",4.44851823812555
"SYF2",4.44847820856041
"NECAB3",4.44787971727544
"ANKRD23",4.44741474833238
"DAP",4.4473078046383
"PPP1R26",4.44603456760363
"MLLT6",4.44235769412012
"POLL",4.44111107236386
"ZNF624",4.44078016701281
"PLEKHG4",4.44014172682737
"MGMT",4.4401075490842
"IRF2BP2",4.44002345774457
"ZNF544",4.4395188817444
"LOC105373968",4.43887489331946
"AKIP1",4.43870492200001
"PMS2P9",4.43822896670277
"LOC107985524",4.4370777450434
"PAK4",4.4369668876957
"BCHE",4.4359857947027
"CNTROB",4.43512967811137
"EIF2B5-DT",4.43337783512237
"CARD14",4.43127809455281
"IDS2",4.43078068703379
"CAND2",4.42813347769972
"CD72",4.42726467688207
"ATPSCKMT",4.42380970513614
"RCE1",4.42369493695554
"GDPGP1",4.42198421990945
"PPP1CB-DT",4.42056371528397
"RNF170",4.42055367233888
"LOC105369458",4.41753080818017
"YPEL2",4.41735232381387
"ZNF704",4.41674538308088
"CFAP58",4.4164233942055
"CLK2",4.41587033322319
"MAGEE1",4.4157344330058
"ARMC5",4.41531497634565
"PGAM4",4.41458159736092
"RECQL5",4.41419491039708
"LLGL1",4.41234236461419
"LGI4",4.40933603357432
"KRT80",4.40830276692592
"ME3-DT",4.40713214927658
"LOC100506235",4.40631902748147
"TRIM6-TRIM34",4.40255936824247
"GABRA4",4.40204867116224
"CFH",4.3980937828817
"LURAP1L",4.39760753400104
"PKLR",4.39419287978468
"CLEC2D",4.39188579751166
"ADHFE1",4.39165718122701
"TCF7",4.38926653583782
"CYP27C1",4.38896624641643
"BORCS8-MEF2B",4.38884991789672
"MMP17",4.38428625302073
"ZNF500",4.38386423258501
"PPIE",4.38372956781923
"TUBG2",4.37930338448427
"PYGO2",4.37909961777492
"ZNF16",4.37803519233698
"OXA1L",4.37737792049945
"SAMD13",4.37689936395618
"GADD45G",4.37673749840243
"MRPS30-DT",4.37663324563544
"PXYLP1",4.37589799502755
"ZDHHC15",4.37274028869127
"EIF3F",4.37174882240961
"SYNDIG1",4.37156135393829
"LOC101929280",4.36942127989439
"DYNLL2",4.36842310302213
"RING1",4.36612545975741
"CHAC1",4.36465263527079
"DPM1",4.36462208960767
"GNPDA1",4.36454427586789
"LOC105379243",4.36201468774983
"RPS18P9",4.36190615011744
"LOC105376074",4.36070656463261
"CHAD",4.35893837463056
"LENG8",4.35889350804812
"CASP16P",4.35823027979812
"JDP2-AS1",4.35569288096132
"ZNF460-AS1",4.35515551258413
"LOC105373957",4.3512081606046
"TONSL",4.35113428670559
"IRF3",4.35062366338755
"SLC25A5",4.35017113603934
"FAM86B3P",4.34917212844455
"NAGS",4.34906285576332
"POC5",4.34898123705866
"SMIM10L2A",4.34850610173949
"TIAF1",4.34848417353536
"N4BP2L1",4.34797836425446
"HIC1",4.34714752725123
"ZNF18",4.34635208296804
"DAPP1",4.34449430698454
"LOC102723475",4.34120418970438
"MPL",4.3389684744365
"LOC107984895",4.33873084481771
"FAM218A",4.33748584817773
"COX7A2L",4.33298826985902
"UACA",4.33227982772237
"LOC107985230",4.33135111069424
"GPR162",4.32964100356393
"BOD1",4.32890485041711
"LOC112268187",4.32883561308703
"MAEL",4.32826593074505
"POLR2G",4.32777895914032
"FAM66D",4.32736252851029
"RGL2",4.32488736921454
"PRR3",4.32421985758513
"NPIPB2",4.32153445396552
"TMEM218",4.3210065032634
"GID8",4.32082545206201
"TNNI3K",4.32041487809439
"CA9",4.31899162447529
"FN3K",4.31852802112805
"NIBAN1",4.31736337351543
"C2orf76",4.31519660162872
"RIPK2-DT",4.31500305301083
"OR2A20P",4.31491005301485
"RABGAP1L-DT",4.31469559164054
"SEMA6C",4.31431572545189
"LOC100507351",4.3140311886594
"NPY5R",4.31335711847047
"TNFRSF11B",4.31234910434979
"LOXL3",4.31028666903401
"PALD1",4.31016377840997
"RPGRIP1L",4.30944965229499
"EBF3",4.30846206885928
"DHX34",4.30790312438085
"USP19",4.30598514196038
"TRAPPC2",4.30542657618356
"COMMD6",4.29951918771787
"TSC22D2",4.29947977234201
"CCDC169-SOHLH2",4.2965840007742
"SAP18",4.2953761029374
"EEFSEC",4.29527755763676
"ZFP69B",4.29366551231867
"HABP2",4.28717938524768
"ECHS1",4.28603594216072
"PPM1F",4.28552735020611
"CCHCR1",4.28288088899053
"PLCG2",4.2828548422965
"FAM43B",4.28252623044028
"LOC107984561",4.28159567036005
"LOC101928669",4.28144545728778
"TMEM143",4.28025878955343
"LOC112268238",4.28007395490856
"LINC01232",4.27975582199763
"COL6A2",4.27916644439439
"USP27X-DT",4.27829757465366
"MRPL40",4.27807757430516
"TRPC6",4.27523720656963
"CZIB",4.27434807659719
"LOC107985400",4.27174337311351
"LINC00888",4.26954486233655
"CDR2",4.26810511280365
"FAT3",4.26801933655029
"ARSG",4.26690362632436
"CLDND2",4.26508901577919
"LOC105370249",4.26456798382673
"LRRC27",4.26451176531702
"FOLH1",4.26356744377948
"MCOLN2",4.26285443220534
"MAN1B1",4.26263477802069
"SKA2",4.26148220537747
"RELL2",4.26132751049726
"NFRKB",4.26063442410163
"OGG1",4.26054839399325
"ANP32E",4.25951178740085
"LINC01002",4.25949627705534
"GNG3",4.25858167947779
"LINC02941",4.2555990377532
"C16orf54",4.25556607230278
"OGFOD3",4.25477649237306
"FGFR2",4.2547353355435
"LGALSL",4.25386501377182
"TMEM94",4.25327321080703
"LOC105375798",4.25104457358638
"RNF214",4.24956085955454
"LOC112268189",4.24951472193941
"LOC101927189",4.24781799059368
"PIK3CD",4.24437463341234
"GHDC",4.24425053067161
"MSRB2",4.24161575293325
"PLCH1",4.24051890948121
"TNFRSF8",4.23851399767122
"BCKDHA",4.23826331740492
"DDX28",4.23754279188103
"ZNF429",4.23670313327615
"LOC107984293",4.23608009027751
"HEXA",4.23571232506539
"ZNF362",4.23362952884027
"DOCK10",4.23307588936654
"OTUD1",4.23306254401027
"RBM10",4.23242613356307
"PRPF6",4.23227991494274
"DDX17",4.23178250160862
"SUDS3",4.23177888124087
"MIR6891",4.2309540342951
"SCARF1",4.22671581201981
"URGCP",4.21990913365168
"AHSA2P",4.21937083957612
"GLIPR2",4.21905014819892
"HEXIM2",4.21609529252415
"MAP4K3-DT",4.21511453618368
"TPSAB1",4.21456902997694
"MIB2",4.21439262393012
"SMIM10L2B",4.21367531746024
"ACP5",4.21335997898531
"ZNF418",4.2110946168586
"HELZ2",4.21031193200607
"HSPB8",4.20907008906933
"SLC2A4RG",4.20635881338568
"SCARB1",4.20348602821348
"LOC400627",4.20334631156727
"LOC107983985",4.20217881200804
"TMLHE-AS1",4.20051324778737
"CAVIN3",4.19995912611469
"IGKV1D-39",4.19897898630032
"D2HGDH",4.19893780023092
"SLC44A2",4.1983888689001
"CCS",4.19552854349245
"ANXA6",4.19485848995305
"PTGES",4.19458782585352
"ATP1A4",4.19255370481104
"CD47",4.1912885335073
"LINC00265",4.19109035406052
"BHLHE22",4.19051832975423
"ZNF273",4.18941510368208
"AKAP17A",4.18795437680438
"HEY1",4.187642011627
"CHERP",4.18760784736206
"LINC00467",4.18711026315537
"THSD1",4.18683020032109
"PDLIM7",4.18671778909044
"COQ4",4.1824492628983
"LINC02453",4.18225937794688
"LOC728715",4.1820634446736
"SLC23A3",4.18172909956525
"IL33",4.18132408288608
"SLC27A1",4.1804065964944
"PKD1L1",4.18025694521583
"CAMTA1-DT",4.1788866762132
"FCRLB",4.1784128493382
"EIF3CL",4.17587978329357
"IRF7",4.17584032452543
"STKLD1",4.17560209727885
"TTLL7",4.16836446294868
"LXN",4.16587100167203
"PLCD1",4.16573951248599
"OFD1",4.16548885297364
"ABO",4.16506023195792
"CHTF18",4.16399247837375
"CCDC170",4.16304475107095
"KLHDC4",4.16238821361769
"BEND3",4.16078169355081
"NLRX1",4.15988518766531
"ZNF483",4.15556291451591
"KIF25",4.15349852695575
"CRYBB2P1",4.15339214376855
"HTRA3",4.15213205150989
"CBR3",4.15074627204867
"ADCY2",4.15017608940333
"PPIL2",4.15009313510274
"MATN1-AS1",4.14965101392134
"DPY19L3-DT",4.14871208389069
"NFATC2",4.1481975989291
"PTGIR",4.14740673242785
"CRIP3",4.14471610430789
"LINC02939",4.1436219450516
"CEMP1",4.14199516056356
"ARMCX4",4.14194368294647
"DCBLD2",4.14169202668798
"LRP5",4.14129038880516
"AMOTL1",4.14117894928704
"HAS2-AS1",4.13920770333544
"LIVAR",4.13785186712816
"TTC34",4.13755733902035
"LOC100507634",4.1356480578861
"FSTL3",4.13528127493899
"HSPB1",4.1349507601365
"BCDIN3D",4.13484121015072
"LOC112268463",4.13384883072144
"MIR4435-2HG",4.13216917504996
"ZBTB47",4.13097913778826
"ZNF692",4.12990159660652
"SLC9A3",4.12978127665517
"FHIP2B",4.12975700559013
"LOC112268246",4.12822852054472
"SART3",4.12713156963643
"JMJD7-PLA2G4B",4.12655629548114
"LOC105375116",4.12617226324162
"GLE1",4.12607545392388
"PSMA3-AS1",4.12566643315127
"SLC9A3-AS1",4.12542861833692
"HOMER3",4.12441462017185
"ZNF580",4.12232826571154
"CCBE1",4.12177791505231
"PCIF1",4.12159417590365
"TTLL13",4.11997442405279
"LOC101927830",4.11834567058675
"PATL2",4.11815335552572
"LRRC47",4.11561063693371
"LOC107987118",4.11534267435717
"ANGPTL2",4.11153051419686
"CYTH2",4.11054021980397
"ANP32C",4.10819866179267
"CFDP1",4.10775330594596
"TRIM39",4.10586565356041
"FOXO6",4.1058091545768
"STAG3L5P-PVRIG2P-PILRB",4.10543053348992
"METRN",4.10462481935231
"RMST",4.10099919875824
"ATF6B",4.10061376431419
"LOC107986195",4.10031915879504
"LOC107984878",4.09728299104155
"ZFTA",4.09665386638045
"RUNX1",4.09650817694164
"TMC6",4.09573928048859
"E2F1",4.094703850548
"ZNF696",4.09289652016196
"PLEKHG4B",4.09225209103896
"AGBL5",4.09170041428249
"MYOM1",4.09102193174941
"FUT2",4.09090900287058
"PLXNB2",4.08640668735401
"SYMPK",4.08605360533143
"FOXC2",4.08527046058285
"ULK4",4.08523435187393
"NSUN6",4.08481646198415
"CROCCP2",4.08434362641777
"LOC105377399",4.08317434074241
"PLEKHA2",4.08125925119269
"LRRC38",4.08121592786636
"ANKRD19P",4.08045838461218
"ENTPD3",4.07851060755089
"MAML3",4.07654365237175
"SLC5A7",4.07552495263498
"MELTF",4.07461678954908
"CAPS",4.07389521001142
"EIF3C",4.07300143906848
"GUCA1B",4.07299952996523
"CRYL1",4.07270109321356
"NKAPP1",4.0705684391089
"SAMD11",4.06945221176451
"HDGFL2",4.06791955289128
"LOC101927401",4.06584814523482
"LINC02982",4.06446274146538
"ELP2",4.06433601727272
"PTGIS",4.06300919506179
"UBL7",4.0593908672302
"KBTBD12",4.05855332488424
"IGIP",4.05840106565263
"ZNF512B",4.05545578697252
"MBOAT7",4.05535189714814
"BRD9",4.05498392481972
"ARAP1",4.0546664561361
"TPTEP2",4.0539499473993
"PPP1R32",4.05365939498005
"MSH4",4.05349363976134
"DUSP5",4.05347869758642
"AGO1",4.05317905809681
"BCL2A1",4.05234944306872
"COPG2IT1",4.05214883013227
"HUNK",4.05144126891523
"WDFY3-AS2",4.05094913276892
"LINC00487",4.04957863627888
"PMS2",4.04851389246835
"PKP3",4.04719435942857
"LAG3",4.04667889825203
"ZNF428",4.04666500190456
"SSR4P1",4.04587026407491
"RHBDF1",4.04537940962421
"METTL24",4.04389152350458
"ZNF514",4.04345450893075
"NBPF14",4.04339896103648
"PCDHGA10",4.04334639907319
"LINC01271",4.0422469838995
"LINC00938",4.0385522296044
"EHBP1L1",4.03568771743794
"CDC42EP5",4.03438685977711
"TIAM2",4.03413573357169
"TMCC2",4.03405722264103
"PRCP",4.03326165718576
"TBXA2R",4.03303771935894
"PLCG1",4.03252588767532
"PARP16",4.03015618549045
"PDGFD",4.03009462218201
"UBE2CP5",4.02714326820401
"LOC100134317",4.02684802393238
"MSH2",4.02618049362171
"DNAJB1",4.02553466735466
"LOC101929018",4.0239868173772
"RPL35A",4.02376461094912
"ILDR2",4.0225566790211
"RALY-AS1",4.01995963135074
"ALDH3A2",4.01957925861032
"PARP8",4.01871491762664
"RCOR2",4.01838048866967
"PMS2P5",4.01812834016818
"LOC105371493",4.01790316206707
"MIDEAS-AS1",4.01747637444436
"LOC101448202",4.01725205784245
"CDK10",4.0153474591282
"ZSWIM9",4.01478412280454
"PLAC9",4.01062057776232
"LINC01341",4.01001648324209
"HYDIN2",4.00991085431046
"ST6GALNAC4",4.00819311088296
"FAM86JP",4.00737224070812
"TRNY",4.00663678716492
"TMEM242",4.00605875393359
"FAAH2",4.00512481822019
"POU2AF1",4.00094731238509
"ITGA4",3.99987166299379
"ADAMTS9-AS2",3.99945927066084
"NFKBIE",3.99758681470441
"PKIG",3.99742739121993
"ZNF408",3.99714334681601
"KCNE1",3.99704655360389
"SV2C",3.99669627457245
"LINC00390",3.99391220342675
"ESRP1",3.99335378910264
"COPS7A",3.99315122149116
"GAMT",3.99307184732564
"CCSAP",3.99015811319578
"LOC100506289",3.98984197789642
"LIMA1",3.98948482983171
"PEX10",3.98798608477361
"CDH24",3.98540024445259
"RRBP1",3.98530636567172
"PHLDB1",3.98494403891078
"AARSD1",3.98426975695831
"GTF2A1-AS1",3.98414492844538
"NR0B2",3.98003198612195
"HDAC9",3.97979898396683
"LOC102723911",3.97846672773925
"EXOC2",3.97825281029096
"DOK6",3.97737964978588
"EXD3",3.9767613575482
"PRG4",3.97525485940742
"NOP53",3.97486142674836
"C21orf62",3.97387875757903
"GLIS2",3.97332744954095
"SHISA5",3.97037238245417
"PCDHGA2",3.96929727068119
"SOX9-AS1",3.96914921818479
"C11orf21",3.96906390841996
"CRIM1-DT",3.96892104947516
"KCNMB1",3.96874459831416
"RYR3",3.96677367088511
"KLF2",3.96608469481858
"LINC02897",3.96507085093738
"BEX3",3.9641668846973
"HCST",3.9641555319526
"ARHGEF7-AS2",3.96388348765436
"HLA-DQA2",3.96196872264619
"RNR2",3.96073849333147
"TPSB2",3.96068371662399
"UBTF",3.95791049019447
"ANKRD20A12P",3.95695673233798
"CROCC",3.95479142076548
"MAPK8IP1",3.95420674713433
"GSDMD",3.95245760467757
"LINC01372",3.95097836348825
"CSTPP1",3.95054656765146
"C22orf39",3.95048281453978
"PMS2P3",3.94970313834263
"ATPAF2",3.94844147140267
"PRKCQ-AS1",3.94766491715396
"MYO18B",3.94546777188324
"DEFA1",3.94505997809129
"GRAP",3.94246702975749
"SERPINF1",3.94086430099863
"THAP7-AS1",3.93975727842334
"ZNF76",3.93917823552617
"CNOT11",3.93737809146619
"TCFL5",3.93716782046225
"LOC105376025",3.9364410469652
"ND6",3.93471701032626
"SUZ12P1",3.93265326539967
"UNC13D",3.93024044788714
"DIDO1",3.92994503081302
"CERS4",3.92772333957793
"VIM",3.9276508121648
"NENF",3.92709424890244
"LOC107986652",3.9263187851133
"MXRA7",3.92496926871192
"SH3GL2",3.92453475302804
"LOC107986152",3.92229107576163
"ISLR2",3.92219047219363
"TSSC2",3.92069785706914
"CPED1",3.92036828813369
"GOT2",3.91942680051341
"ADPRS",3.91895437653578
"LAMB2P1",3.91839271593255
"CDAN1",3.9144763449882
"LOC105372300",3.91373581360397
"LOC441239",3.9136361806814
"RFNG",3.91358248486884
"CCDC197",3.91318337649613
"CLEC18A",3.9115835952655
"STX16-NPEPL1",3.91031170225335
"NPIPA2",3.90911748729981
"ITIH4",3.9082512794501
"IPO9-AS1",3.90820918735868
"LOC105373334",3.90681468243798
"BCAM",3.90634667795119
"SGCA",3.90595414553894
"OPRL1",3.90589425314369
"CCND2-AS1",3.90477266324523
"MZB1",3.90125143749248
"CKAP4",3.90088771043492
"FBLN5",3.90061783108902
"TSC2",3.90003078850769
"DUXAP8",3.89716848017108
"LINC02500",3.89463407864533
"FAM193B",3.89002461237317
"DDX51",3.88985746336902
"LINC01569",3.88903221716065
"CCT6P3",3.88595755211072
"GBAP1",3.88586953022326
"PRR5",3.88427609586705
"RAB28",3.88411857236302
"MSANTD1",3.8833970658997
"LOC105371912",3.88309323250571
"MYH15",3.88130240898095
"SLF2",3.88128450704603
"LINC01936",3.88110203915921
"TMCC1-DT",3.88098894470934
"IDI2",3.88094845009281
"SNRPN",3.88086292884084
"COPG1",3.88010216955542
"CKLF",3.87641274949578
"RGS10",3.87613978404328
"RNFT1-DT",3.87267008322351
"GSTO2",3.87228206172612
"LOC284412",3.87149163842267
"FLJ42969",3.87095263184732
"PTPN21",3.8708995802943
"FGFR3",3.86976420353356
"GNG2",3.86895082113048
"COL9A3",3.86522119945147
"PRPF19-DT",3.86374773144753
"SIRPA",3.8634165155364
"LOC100287846",3.86340985828272
"RNU7-1",3.86207535184988
"MTA3",3.86183739431733
"NDRG1",3.86174452531059
"SERPINC1",3.86168001706422
"LOC105373608",3.85913779746859
"ALDH1A1",3.85845606419201
"TMEM91",3.85781517095991
"SH3GLB2",3.85634525298485
"SNORD104",3.85124377473422
"TAF10",3.84857063132265
"VSTM4",3.84763348364849
"HDAC3",3.84706707454498
"TUBA1A",3.84699983531415
"ECHDC2",3.84481804777393
"LRP3",3.84378364543391
"C5orf46",3.84374480409613
"PLD3",3.84317220546515
"WDR90",3.84295027520458
"BLOC1S3",3.84281033280713
"YPEL3-DT",3.84175313089419
"DNAH1",3.84122071476061
"LOC105376020",3.84090522325037
"NKD2",3.84009375451164
"FBXO40",3.83847348595534
"TBC1D22A",3.8379250573284
"IRF2BP1",3.83478886824443
"SELENOH",3.83351865610857
"FLJ39095",3.83345275846403
"GRIN2D",3.83288552816355
"C6orf163",3.83260265625257
"ZNF793",3.83209794302976
"ZSCAN2",3.83140232765706
"GNG12-AS1",3.83109975161008
"RADIL",3.83057259938228
"KIF13B",3.83049136848836
"ZNF334",3.82871907367993
"CCSER1",3.82833399893859
"CIT",3.8258541729774
"ELOVL4",3.82583452004449
"NPEPL1",3.82558574873763
"SLN",3.8252443615692
"CCDC97",3.82267731739545
"ZNF311",3.82267083324405
"PCBP2",3.82213323512861
"PMM1",3.82050543965882
"SHISA8",3.81990463148383
"LOC105372273",3.81946136081556
"GP1BB",3.81622409445469
"FZD8",3.81563364050927
"RNF212",3.81510504300179
"PGGHG",3.81384086637777
"ZNF268",3.81366476273945
"PROS1",3.81230177550061
"EZH1",3.81028605062095
"ST3GAL3",3.80909823958095
"LOC102723594",3.80687270158808
"ZNF534",3.80398506004239
"LOC101926935",3.80336330115624
"LOC105374280",3.80174941554823
"CAVIN2-AS1",3.80161163512796
"LGALS4",3.79919605374815
"MAGI1",3.79721063092364
"LINC00910",3.79663255034449
"MRNIP-DT",3.79659329368233
"ANKS6",3.79477256979312
"HES7",3.79393925759091
"EEF1G",3.79356880097416
"ITGA8",3.79318143722664
"CHKB-CPT1B",3.79257380618835
"DENND1C",3.7913044210123
"EVA1B",3.78757886421567
"LINC01697",3.7871667900469
"LOC107985911",3.78540533362218
"SNHG25",3.78505250736917
"LOXL4",3.78484392071216
"AZIN1",3.78375145772416
"DCTN1",3.78366218301809
"SAP130",3.78358473977664
"GNAL",3.78253303550139
"RTN1",3.78237517621216
"TDRD3",3.78231729897624
"VAMP1",3.7821993234131
"C16orf86",3.78135009625572
"LINC02881",3.78118568259504
"HYDIN",3.78084078117241
"FLJ42627",3.78056515291994
"BORCS8",3.77927394509362
"MRPL16",3.77768567485168
"PDZD7",3.77758499658629
"WNK4",3.77658427492024
"ABCA3",3.77640042455426
"NIPBL-DT",3.77609818934954
"IK",3.77573737272744
"C2orf74-DT",3.77531346290151
"ATP6AP1-DT",3.77446196114917
"MEF2C",3.77434821476549
"EVC2",3.77320479054699
"LOC100287467",3.77318044762092
"GDAP1",3.7730994360306
"PTPRF",3.77291708874343
"UBE2Q2P13",3.7725543305703
"COL6A1",3.77228907324577
"LOC101929657",3.77208877689263
"UPK3BL1",3.76972454637579
"PRH1",3.76958817714211
"PCDHGA4",3.76888588616881
"ANKRD16",3.7682158677966
"JCHAIN",3.7681472171262
"H1-10-AS1",3.76765490304692
"RPTOR",3.76682876545153
"FRMD3",3.7658543357505
"SIX5",3.76535881665632
"TMEM240",3.76528252525213
"LOC154761",3.76387323049349
"MIR133A1",3.76365268786143
"ACAN",3.76362972521519
"UCK2",3.7620967017791
"PDGFA-DT",3.76135234752093
"LINC02926",3.75959236686265
"COLEC12",3.75739979596996
"LOC112268423",3.75738089021878
"HAUS7",3.75725827188085
"LRRC37B",3.7559057294951
"TPTEP2-CSNK1E",3.75436014773297
"NPTXR",3.75305804072054
"ATG14",3.75287551523057
"WDR86",3.75231930578587
"ASPHD1",3.7518635032275
"ZNF830",3.75110129021721
"HEATR6",3.74959853005024
"LOC100289495",3.74820910082688
"CD160",3.74799338181831
"TCF25",3.74479147179406
"ZNF843",3.74378706349057
"MICAL2",3.7429290467321
"SRD5A1",3.74189678378009
"C11orf68",3.74100066339088
"NR3C1",3.74058840743573
"IQCE",3.74037052840273
"MAP4K2",3.73990419088647
"SPIRE2",3.73978063040225
"ARFGEF3",3.73673895618678
"PRRT4",3.73669860179207
"PAXIP1-DT",3.73542257962245
"NPIPB9",3.73071362394669
"TMEM219",3.73057104499139
"SEPTIN11",3.72993696311417
"PRR4",3.72914521153933
"ILK",3.72786658291056
"CLDN1",3.72215050418396
"RELL1",3.72199522083887
"SETDB2-PHF11",3.72139294047807
"SOHLH2",3.72070250431852
"LOC642846",3.72061130253996
"GPX7",3.72043306318971
"MROH7",3.71999734847059
"ODF2",3.71984221376466
"QTRT1",3.71758324694258
"NRF1",3.71682863730592
"TSPAN4",3.71529972485872
"HSPA1B",3.71364733395788
"ARMC7",3.71246424296653
"RNF187",3.71185234116195
"LOC107985568",3.71072419306923
"DHX32",3.7101409953405
"DECR2",3.71013458955513
"SVBP",3.70567146507345
"DERPC",3.70565741205156
"CHTF8",3.70477053688368
"PCDHGA12",3.70379457936795
"ABHD16B",3.70332117841426
"HDAC11",3.70178561955866
"HSD3B7",3.70160297942317
"DSEL",3.70086459349379
"GOLGA8J",3.70079407850637
"TOLLIP-DT",3.70016232153869
"GPR141",3.69975582624683
"LOC102723575",3.6995861138382
"TSNARE1",3.69842869037248
"LOC107984029",3.69825715540244
"ANKRD65",3.69773495111789
"CAPN12",3.69767485537602
"SLC66A3",3.69700782273487
"SUMF1",3.69683534095613
"LOC101927522",3.69683373400239
"RPL23AP82",3.69674091876179
"SNHG22",3.69516099623077
"ZNF470",3.69295117053138
"C9orf85",3.69187881121084
"FCGRT",3.68960712721286
"CLTRN",3.6872990875892
"SNURF",3.68617292486774
"DGKE",3.68612743048299
"STIM2-AS1",3.68610031989975
"GYS2",3.68445374928779
"NOX4",3.68278604587155
"RGS6",3.68258641400597
"AMY2B",3.6824819063193
"FXYD6-FXYD2",3.67775517894474
"CYTH3",3.6773527208978
"SGTA",3.67722214863772
"FOXD2-AS1",3.67457627784285
"MAGOHB",3.67429458845573
"MAMDC4",3.67368874679055
"TOB2P1",3.67083967819808
"HLTF",3.67065551460421
"LINC00665",3.670548891836
"LINC03007",3.67049516322413
"KAZN",3.6681532636261
"C1orf74",3.66709883693521
"REX1BD",3.66482868842911
"SZT2",3.66261469976682
"PNMA6A",3.66209034480442
"POLR1HASP",3.66128529245112
"TCF4",3.65690468764216
"METTL16",3.65060624271159
"SCOC-AS1",3.64634645323098
"GTF2H5",3.64580482215109
"SLC40A1",3.64349478974841
"MYL9",3.64300988621859
"LOC101929289",3.63902666975985
"IRF1",3.63864560803091
"LOC105377449",3.63854128609256
"CAMK2N1",3.63817598969405
"LOC102725044",3.63766800836716
"CHCHD5",3.63655822516547
"LOC105376520",3.63080081140284
"ARMC2",3.63022212115757
"TWIST1",3.62938770191034
"ACVR2B",3.62936823105548
"AGPAT4",3.62926054243726
"APLN",3.62885952550401
"LOC105379028",3.62646757710569
"PHLPP1",3.62584277075925
"LOC441455",3.62521176580921
"TMEM17",3.62358936004414
"PRR7",3.6232178858406
"NEK3",3.62277490693904
"DLL1",3.62164325263631
"LY6G5C",3.62055002852108
"COLEC10",3.61855315026948
"NISCH",3.61758371088437
"MRGBP",3.61680349103122
"INHBA",3.61591211533844
"LOC102724227",3.61577053302679
"GSTM1",3.61566724037415
"CLUAP1",3.6140680897509
"CSNK1E",3.61296727719314
"PARP14",3.61262594332915
"HES4",3.61176520416925
"NEIL1",3.61158174235639
"TASL",3.61121941020102
"DNPH1",3.60937834829582
"WDR48",3.60846549020256
"KIFC3",3.6079108730411
"LEMD2",3.60756656201473
"INO80C",3.60660514708693
"ATP2C2",3.6063018691851
"LOC105371308",3.60401314847426
"NAA80",3.60211359078277
"GHRL",3.60188644055315
"HLX",3.60136015971351
"KCTD11",3.60105273160368
"MAU2",3.60060816259666
"LOC107987374",3.59897728028112
"LOC105372279",3.5969817398504
"PIK3R2",3.5966592789387
"SWT1",3.59502623020683
"LOC105378480",3.592637363619
"SLIT3-AS2",3.59051731523925
"IRGQ",3.59050651364851
"LINC02975",3.58962166178567
"RBCK1",3.58910915345858
"MEPCE",3.58910442419406
"LOC101930100",3.58876868653399
"LOC107984749",3.58792004334117
"LOC102724851",3.58575211277979
"EIF3L",3.58558338363763
"NFKBIA",3.58172153143366
"POLR3H",3.57915357015989
"PRMT1",3.57857385538484
"ZNF629",3.57771366262222
"VPS37D",3.57722928547559
"CCDC18-AS1",3.57668528904206
"USP5",3.57649025544274
"UQCC2",3.57531282566144
"GBP2",3.57228482756818
"XRCC1",3.57198721953625
"OTUD5",3.56831596115519
"RHBDD2",3.56451804911473
"IL7R",3.56439820593741
"LOC105379337",3.56385876959884
"PDE8B",3.56238551043139
"ZNF84",3.560693472958
"LOC105371795",3.56061888268651
"ZNF263",3.5605015285746
"NDUFAF8",3.55993945546843
"CTNS",3.55964597667293
"CGREF1",3.55951124069678
"ARF1",3.55768201928735
"FSD1L",3.55481457598325
"FEZ1",3.55458742602051
"ARL10",3.55420466341759
"ZNF516-AS1",3.55308456951603
"RPS26P11",3.55028223087444
"ASTE1",3.54939271868177
"SETD4",3.54901060275614
"TRIM69",3.5462567873484
"RNASEL",3.54594710068434
"RNU6ATAC35P",3.54415770282804
"GLIS2-AS1",3.54358938157773
"C12orf57",3.54302611965701
"LOC105372411",3.54180520659923
"TMOD4",3.53951641755583
"POLR3F",3.53916666708738
"CALM3",3.53773860213631
"LOC100505728",3.53739360690868
"CMIP",3.53656611772337
"MPC1",3.53520836680851
"RRP12",3.53416874465552
"C4orf36",3.5341063671996
"EPS8L2",3.53224261090352
"LOC105377384",3.53101770562967
"TRAPPC2L",3.53071277578596
"DHRS12",3.53044050683172
"UBE2Z",3.53034521478292
"SPDYE10",3.52966473046262
"TRA2A",3.52959827573631
"PCDHGB3",3.52948979489
"ARRDC1-AS1",3.52840524270171
"ITFG2-AS1",3.52659783227645
"MIOS-DT",3.52595989116403
"AMDHD2",3.52454483272969
"PDGFA",3.52344276607041
"PPFIA3",3.52238393730554
"NBPF10",3.52177103740239
"HPN",3.52060923705505
"ENKD1",3.52030834436084
"NMNAT2",3.51990612934194
"HCN2",3.51967849307607
"ARRDC3",3.51848542272768
"NFIB",3.51749220839574
"TARDBPP3",3.517111677396
"TRPM4",3.51681451704656
"MRPL46",3.51629826115437
"VWA1",3.51545284132494
"TYMP",3.51347438997596
"LINC02985",3.5132373672527
"LOC100505774",3.51273732257127
"HOXB3",3.51018503408957
"TVP23C-CDRT4",3.51010662215463
"FAM234B",3.50919120503086
"HLA-DRB6",3.50900988829054
"PPWD1",3.50411497376544
"TPRG1L",3.5036150899488
"ZNF213-AS1",3.50251211553932
"NUDT16L1",3.50169319932925
"EGFL7",3.50096113507892
"SNRNP70",3.50061759660742
"COSMOC",3.49882909617795
"NAT14",3.49728557928241
"ILF3-DT",3.49701084896951
"CPT1B",3.49618563272119
"BCL2L2-PABPN1",3.49519079580355
"LRRC23",3.49508065655539
"HCN3",3.49164553578176
"RNASEH2A",3.49072891514183
"LOC105371873",3.48966306877618
"PLEKHA8P1",3.48960032296517
"PARD3B",3.48866344037565
"PNKD",3.48820172578694
"GRM6",3.48768620080342
"CKLF-CMTM1",3.48593868843843
"LOC105374235",3.48520026241771
"RPL37A-DT",3.48428731568573
"RTL10",3.48399158649859
"ISY1",3.48311336327154
"ZFHX4",3.48196149208313
"MDFIC",3.48152324515913
"TLCD3A",3.48041112547234
"FHOD1",3.47910973879666
"PTRH1",3.47899992216393
"DLL4",3.47864668572987
"TGFB1I1",3.47841978768502
"ADCY5",3.47752124419201
"LOC105376722",3.47682783766907
"SCGB1B2P",3.47548708963935
"DNAH11",3.47492291824066
"PLAT",3.47439654261413
"LOC102724562",3.47318419867545
"PCBD2",3.47312904663971
"ALKAL2",3.47287872155417
"CKMT2-AS1",3.47091145705319
"LY6E",3.4700497186825
"KIF6",3.46888472234236
"HAND2",3.46888114567673
"LOC112268166",3.46879264010757
"RPA2",3.46839316078318
"HSPA4",3.46615322252365
"RRAS2",3.46537617068617
"NLRP1",3.46516364726639
"PCDHB15",3.4649809101089
"LOC102723722",3.46476324461895
"CCL14",3.46326965416875
"RAB40C",3.46203407918147
"IGDCC4",3.46203066266999
"RTN3",3.46043771605512
"MC1R",3.45953915584626
"ZNF2",3.45947015402598
"IGFBP2",3.45740602719267
"RBFOX2",3.4573863095892
"ICA1-AS1",3.45724572160634
"MYH7B",3.4561855022506
"SIAH2",3.45532339253788
"LOC554206",3.45456966071498
"C6orf141",3.45450660306092
"ZNF316",3.45296183239287
"BANF1",3.45262537340183
"C17orf97",3.45256868646707
"ZBTB48",3.45200762865098
"SF3A2",3.45138086960014
"BAIAP3",3.45113707203246
"LRRC4B",3.45072413712678
"CCL15-CCL14",3.45008703322319
"NAB2",3.44868368704275
"EPHB2",3.44852387732789
"DNAAF5",3.44421039797752
"PBLD",3.44201560058124
"LSMEM1",3.4396827097244
"MRI1",3.43856680915043
"CCR5",3.43770561923242
"ZNF529-AS1",3.43704071993022
"PRH1-PRR4",3.43508947206922
"ZFP62",3.43441544328425
"CCDC102A",3.43197303661632
"LOC105379280",3.43113219270692
"LCMT1-AS1",3.43084018561903
"ZACN",3.43006677836964
"UBE2I",3.42891394898922
"LOC105371874",3.42800306612728
"GNG7",3.42650029134845
"MDP1",3.4262959546709
"LOC107984754",3.426156612807
"NELFA",3.4249590778205
"PRKCSH",3.42491882278448
"SURF6",3.42460172900945
"KEL",3.42395107617444
"PSMB8-AS1",3.42278808547689
"SH3BGR",3.42272666493172
"CMKLR2",3.42261621141372
"SLC39A5",3.42234177732303
"NPIPA3",3.42194320297336
"LOXL1-AS1",3.42164347278294
"SRGAP3",3.42125333821874
"MEST",3.42025516783762
"SLC29A3",3.41991111469966
"AMIGO3",3.41964248769128
"DMTF1-AS1",3.4188974645762
"MCF2",3.41659072992146
"TLE3",3.41650421059633
"CD69",3.4125530689606
"CHKB",3.41247519733017
"NAV2",3.41124092061057
"CUTALP",3.41046313041635
"CDIPT",3.41016613832962
"EFR3B",3.40960586877435
"PRKAR1B",3.40831297019913
"TRAPPC14",3.40709133506742
"CNKSR1",3.40681561756469
"S1PR4",3.40654729712475
"PDCD2L",3.40562313756439
"PPP1R7",3.40548589399056
"TCTA",3.40524274819106
"LINC01091",3.40402777618525
"RNF20",3.40288453405357
"NUTM2B",3.40255379773928
"H2BC21",3.40028165780194
"PDGFRL",3.40026015583388
"PSPH",3.39898545469164
"FGF13",3.3981590208203
"CIB2",3.39700198004887
"NPIPB12",3.39646914995101
"CFAP92",3.39602397725573
"TCEA3",3.39586439392164
"SCAMP4",3.39504888376965
"CLK3",3.39446960747558
"CLASP1-AS1",3.39358230744533
"THAP8",3.39337160346056
"CHMP4A",3.39278967641634
"ZC3H12A-DT",3.39055942036536
"RASAL1",3.39053516866567
"ZNF574",3.38981467361524
"LMF2",3.38844361721498
"DYRK4",3.38729693707032
"FLG-AS1",3.38498032209883
"COQ6",3.38492649823001
"MIR193BHG",3.38348781466351
"ADAM12",3.38345845053533
"IDH1-AS1",3.38333735084254
"LRFN5-DT",3.38313740806026
"LENG1",3.3828539836164
"TRPV1",3.38268568712077
"LOC107985544",3.38168939465019
"DMKN",3.38156159418684
"PARTICL",3.38105681316428
"LOC105373383",3.38096396473154
"LOC105379566",3.38093756592168
"MIR3658",3.3806590339055
"NAP1L4",3.38046569175767
"PGM5P4",3.38036402971205
"AGA-DT",3.38013194431858
"NCK1-DT",3.37818005145109
"NUDT6",3.37801551197755
"NEO1",3.37574030196562
"PKP4",3.37304505798388
"BISPR",3.37192215175068
"LRP5L",3.37164910222677
"TMEM74",3.37127469439413
"SAP30-DT",3.37023550184674
"FAM177B",3.36906269913199
"GRHPR",3.36689645196915
"SLC16A11",3.36597763455688
"ACOT1",3.36576697653691
"GPR135",3.36480285032175
"COG4",3.36433716908131
"FAM86HP",3.36316752599354
"LOC107985023",3.36307066599981
"LILRA1",3.36223662051743
"CD2BP2-DT",3.35979828004856
"ZSCAN4",3.35912006515521
"RBFADN",3.3587557080369
"LAMB2",3.35869328336284
"ZFPL1",3.35866063781375
"RENBP",3.35704609635901
"LRP11",3.35643761075659
"LOC105372733",3.35454018978225
"RPS6KL1",3.35450509099066
"FOXP2",3.35373533832504
"GOLM1",3.35277766586922
"TMUB2",3.3502431237041
"CLEC3B",3.35018464301319
"DENND3-AS1",3.34971925888047
"PILRA",3.34819979089583
"ATP5ME",3.34763935780987
"MIR762",3.34666525860576
"GAB2",3.3454534164866
"HLA-DRB5",3.34515017494677
"SPX",3.34463922838159
"SLC38A3",3.34408112393501
"KDM8",3.34326916686187
"CARMN",3.34326351128135
"SLC19A1",3.34167101050483
"LRRCC1",3.34149763834446
"COA6-AS1",3.3392143845322
"APTR",3.33842706351815
"LRRC24",3.3347693557063
"CES1",3.33471623736089
"ATP8A2",3.33400884536191
"HAVCR1P1",3.33395678026198
"CYSLTR1",3.33279956494722
"C2orf42",3.32839618428646
"LGALS3BP",3.32773138934124
"CAD",3.32719310402083
"RBP7",3.32576568291851
"SCTR",3.32509033546521
"WASH2P",3.32484588492789
"SLC16A8",3.32420724405834
"MEGF8",3.32234842151995
"SLC1A4",3.32085518661785
"PCDHGB4",3.3202019683116
"TYSND1",3.31665468895015
"DCTD",3.31636048121152
"LOC107986760",3.3156363992877
"GOLGA6FP",3.31458906765456
"TVP23A",3.31412957197029
"CPNE1",3.31344260343745
"IQGAP2",3.31263976643864
"SBDSP1",3.31254594582885
"CAMKK1",3.31202613439882
"LOC105370274",3.31199993578284
"SLC25A41",3.31173460787634
"NOP14-AS1",3.31148373001068
"RHD",3.31080028701439
"VMO1",3.30616158887265
"INPP5E",3.30427112131708
"UBOX5",3.30313042545987
"TCF3",3.30200181657938
"ANAPC4",3.30174035459256
"SMG6",3.30107771589057
"ARHGDIG",3.30054965866482
"CRTC1",3.30019852587625
"LOC107984026",3.29967382977131
"PLXNB3",3.29861772000694
"IFT88",3.29756930899774
"ARPC1A",3.29736909911963
"NDUFA6-DT",3.29591035694925
"TNFSF10",3.29583818204288
"TMEM59L",3.29528275998128
"NINJ2-AS1",3.29420580035629
"SRSF6",3.29328549435743
"LOC101928505",3.29300425309578
"CEACAM21",3.29283284954999
"LMO2",3.29266162345245
"LRRIQ3",3.29254154057912
"MICU1",3.29242196531367
"HOOK2",3.29176117293755
"C1QTNF3-AMACR",3.28998957228818
"NUAK2",3.28978649587994
"LOC105371056",3.28906460333733
"ALDH1B1",3.28906446746035
"HCFC1R1",3.28699503319453
"LINC02139",3.286887419545
"CCDC30",3.28509328621986
"SAFB",3.28411080436211
"ADM5",3.28344237010307
"GSS",3.28164979333704
"ADCY6",3.28052715930494
"SHOC1",3.280307179269
"HERC2P7",3.27983961780714
"FAM86DP",3.27923290085814
"WASH7P",3.27910720734438
"TBC1D2B",3.27841773682624
"GEM",3.27678519995461
"CCDC54",3.2758599565329
"FITM1",3.27577418198747
"CRNDE",3.27527259484495
"CNRIP1",3.27516890120341
"PML",3.27344201293182
"BABAM2",3.27182338334929
"LOC112268467",3.27170173990787
"FGFR1",3.27034571064702
"PAQR9-AS1",3.27025829479861
"PFKL",3.26798394780509
"LGALS1",3.2664198003624
"GUK1",3.26640184758052
"ISCA2",3.26440634607693
"GPATCH1",3.26405393412798
"TRAPPC9",3.26262609326123
"GPI",3.26252969758252
"MRPL57",3.2610591329472
"LOC101928824",3.26102590489929
"TRIM72",3.25951145310682
"LOC105369968",3.2585277988568
"TP73-AS1",3.25852144447517
"SERPINH1",3.25788101327903
"RBBP9",3.25757995590973
"DHRS3",3.25740355073443
"FCGR2B",3.25735860412124
"C3orf14",3.2570361890692
"NPR1",3.2545486118981
"NIPSNAP1",3.25244089465613
"OTULIN",3.25065771887724
"HMGCLL1",3.24974252505237
"SAYSD1",3.24603974354392
"TRIM27",3.24443947896325
"GNAZ",3.24247664229166
"POP5",3.24070516075616
"ZC3H4",3.23691661200394
"LOC105372426",3.23677005731271
"COL18A1",3.23603614773828
"GSK3B-DT",3.23552539254689
"WASH8P",3.23551343024466
"QRICH2",3.23483970025174
"OXCT1",3.2339636362007
"GJB2",3.2333086710203
"NEPRO-AS1",3.23302122875438
"XYLT2",3.23197110904098
"CYB5RL",3.23077422110625
"ACSF2",3.22954518330753
"ERGIC3",3.22938040280725
"SLC13A3",3.22826584957316
"ZNF561-AS1",3.22737755252018
"BCL7A",3.22711901134533
"RNF25",3.2243946630006
"ZKSCAN3",3.22437082298816
"SLC30A1",3.22231692461927
"CCDC71",3.22052977296853
"LINC01273",3.21719207498173
"CCM2L",3.21673556993222
"SNHG11",3.21605035938204
"LINC02918",3.2155412808942
"COX4I2",3.21464692345041
"CCDC85B",3.21432917793662
"AGAP4",3.21401351992736
"PHYH",3.21221105222399
"LOC102723850",3.21026833033414
"NCKAP5",3.20991907856547
"SIMC1",3.20876154104236
"HCP5",3.20858327024571
"SCO1",3.20730408431809
"CH25H",3.20702750147954
"SMIM27",3.20402061329146
"PARP3",3.2027014304124
"NRIR",3.20262595838416
"ABCA2",3.20223472396984
"GNG11",3.20201293244032
"ADORA2B",3.20147608046311
"MAPKAPK5-AS1",3.19986074554504
"SLC27A6",3.19880086427707
"GET1-SH3BGR",3.19859283644623
"LOC105371275",3.19665604544168
"ZNF503-AS1",3.19592321000993
"RGS14",3.19487175463371
"ZNF880",3.19473522075429
"TOP1MT",3.19404366738162
"LOC107987261",3.19356844075184
"WEE2-AS1",3.19278727928196
"LOC107987175",3.19178639169298
"PRR34-AS1",3.19119494969665
"LDLRAD2",3.19019564703078
"LINC01238",3.19014034062316
"DLG4",3.18994321845197
"FAM50B",3.18934330354946
"ZNF786",3.18908893671655
"TSPYL1",3.1889721850736
"SLC27A5",3.18762631161111
"UNC5C-AS1",3.18712592885284
"SLC7A10",3.18680011926608
"GNL1",3.18624742204207
"LINC01315",3.18411259991683
"WDR97",3.18221178628834
"PSMD10",3.1808334710951
"SLC26A1",3.18072559993584
"LOC105374029",3.18062148849246
"FDXR",3.18044799140587
"SLC28A3",3.18015505917976
"EYA2",3.17998046282739
"FUNDC1",3.179313707189
"XPO6",3.17695383697527
"TSEN54",3.17473242105444
"PNPLA7",3.1746662710105
"RGL1",3.17417263691962
"BCL7C",3.17343462736425
"PCDHGB6",3.1732439874836
"SALL2",3.1730447878283
"ITGB1-DT",3.17266854859288
"LRRC14B",3.1722789144337
"LOC107987116",3.17225955038049
"IL3RA",3.17124394338852
"RPP25L",3.17049417731713
"HDAC7",3.16969227348014
"ZNF202",3.16926278662344
"LOC112268272",3.16839546870859
"LOC541473",3.16767428269801
"H3P4",3.16693955891663
"SNX5",3.16688239678068
"NKD1",3.16558520066918
"TAF15",3.16468617334039
"SSH3",3.16467893228512
"SNHG9",3.16458347866284
"TMEM256",3.16359371957546
"NPDC1",3.16311558386832
"PHF13",3.16270970058148
"LRRC4C",3.16237586355177
"RAB11B",3.16185188435026
"PCDHGA11",3.16173794756059
"PITPNA-AS1",3.16061301491686
"MORC2",3.15822298181141
"LOC105374328",3.15792230188096
"PCDHGA6",3.15708055958938
"FAM171A1",3.15629188741875
"IGFBP7",3.15540283426375
"FIBP",3.15538941736412
"ISG20",3.15442795764084
"LOC107986488",3.15428467412383
"FNBP1",3.15358048208515
"POLR2J2",3.15211807477003
"ELMO3",3.15128774378842
"SMIM2",3.14952300927463
"CYP2D6",3.14927724638195
"P2RX5-TAX1BP3",3.14852009094088
"FCHO1",3.14721777760305
"VPS72",3.14708207973563
"TYRP1",3.14689075711764
"UFSP1",3.14474059058361
"ARL16",3.14404733491228
"BRME1",3.14380579293481
"RNASEH1-DT",3.14373229850906
"ANKRD13D",3.14184094432219
"RAB11FIP1",3.14038628335196
"GAS6",3.13991239254538
"ZNF777",3.13534053702087
"LOC105378120",3.13521456420754
"PIGU",3.13416897711601
"SMARCE1",3.13339438376057
"PRECSIT",3.13320458571051
"FAM13A",3.13258017790721
"TFAP2E",3.13166934825582
"CFAP410",3.13124681133461
"LOC112268143",3.13096576262197
"NCAPH2",3.1298756414925
"LOC105371490",3.1294645774801
"FAM85A",3.12817294820045
"UPP1",3.12669331200421
"PARP15",3.12620342384585
"CUEDC2",3.12570199454044
"MECR",3.12405538722079
"EPB41L4A-DT",3.12295962705025
"CDC42EP3",3.12252779339439
"RABL3",3.1222990930585
"CD4",3.1213979878008
"FNDC10",3.12131550260868
"CIDEA",3.12005715626002
"TSPAN5-DT",3.11956063944862
"SLC9C1",3.1195153425846
"UBR1",3.1185596378553
"LOC107985031",3.11802219255359
"RAB34",3.11763126767118
"GSTZ1",3.11642811394494
"ZNF818P",3.1162214894979
"AFG1L",3.11570908765581
"ATPAF1",3.11475753338549
"TBC1D7",3.11385925480867
"PLVAP",3.1114327811841
"ACYP1",3.11121928125122
"DTD1",3.11102335736182
"CNNM3",3.11028484387447
"LOC100132287",3.10934234040706
"TPD52L1",3.10871926349915
"IGF1R",3.1085114107601
"NUP62",3.10782691546451
"SLC14A1",3.10781681813968
"BAMBI",3.10674081002842
"LOC107987266",3.10669091627588
"LENG8-AS1",3.10576506642672
"ZSCAN30",3.1050111168155
"MEG8",3.10393552168892
"CAPN9",3.10386051142364
"H2BP1",3.10339017881595
"DNAH7",3.10236210810089
"WASH9P",3.10103261112362
"XIRP2-AS1",3.09962486233475
"LOC105378180",3.09927033639744
"MINDY2-DT",3.09798742008243
"LOC105371566",3.09793048731747
"SCARNA13",3.0964146713987
"MZF1",3.09565873373207
"DUSP10",3.09519309830494
"YTHDF3-DT",3.09503227030892
"ZNF775",3.09356393900427
"SAMD4A",3.0935312245966
"PTOV1",3.09326656177316
"CADM1",3.09240810398943
"EDF1",3.09214473887557
"ZNF835",3.09166348208069
"CD28",3.08974124146197
"SLC25A23",3.08845980661364
"GFM2",3.08835639178402
"ZCCHC7",3.08823282910146
"MIR10399",3.08713727332841
"LOC100132062",3.0869665246466
"ADCK5",3.08471389159231
"MED27",3.0834575428911
"MTARC1",3.08324003992929
"CFAP298-TCP10L",3.08286962291823
"CCDC146",3.08248006566574
"MTRNR2L9",3.08237315620432
"LOC101927511",3.08039936283192
"PABPN1",3.08015524952594
"MSX2",3.08008489652986
"TMEM106C",3.07917437852606
"HSPB11",3.0788486565559
"UCP1",3.07883699965545
"CPSF7",3.07753299190833
"NBPF11",3.07646645214078
"MAPK3",3.0748655260843
"NOL12",3.07420178156918
"CENPBD1P",3.0711588315019
"TCTN3",3.07052456604265
"SORD2P",3.07029455644148
"IRX2-DT",3.06914840222408
"ZNF660",3.06900299441115
"EPHA7",3.06855961221978
"STAT2",3.06817388482205
"HENMT1",3.06786677691554
"RRAS",3.06747418164926
"CSF3R",3.06722921347352
"SCNN1D",3.06594615570032
"ABTB1",3.06587520861879
"C3orf86P",3.06400479350674
"PGLS",3.06350493471448
"SNAP25",3.06267507790295
"LRFN5",3.06244492041737
"TCEAL4",3.06193002992125
"ENTPD1",3.06079609062266
"TPBG",3.05903119579618
"NATD1",3.05768532620111
"CHMP6",3.05747236425678
"YJEFN3",3.05513802940656
"UPK3BL2",3.05501684157957
"IRX3",3.05280446877784
"DET1",3.05036357882185
"LOC107984035",3.04958188896678
"BDH1",3.0491884918741
"LOC102724734",3.04869860887308
"ZSCAN20",3.04801248890285
"UCP2",3.04661500503671
"SNRPA",3.04600698895131
"LOC105372791",3.0458025314587
"TMEM249",3.04473485508645
"PRDM5",3.0444531744389
"AVPR2",3.04372646407877
"MAP3K9-DT",3.04164428513973
"LINC01786",3.04113507357701
"DPF3",3.04069748250164
"ADAMTSL3",3.04054149195324
"LSP1P4",3.04023703140083
"EFCAB6",3.03974301786504
"MEG9",3.03929313783018
"ARHGAP5-AS1",3.03926619156884
"GLRX",3.03920785537487
"CYTOR",3.03874346777594
"FBXL19",3.03855811823034
"NUCB1",3.03848389367733
"ANAPC1P4",3.03835371862218
"PIN1",3.03803394130442
"LOC105374937",3.03795300738873
"ZC3HC1",3.03691735129842
"CYTH4",3.03646655676956
"SSR4",3.03448903275187
"GET4",3.03404824135145
"LOC101927164",3.03116595408708
"LOC105375019",3.02972967948785
"LOC112268195",3.02966770495951
"CCDC183",3.02935516355759
"NDUFV1",3.02934269700763
"GRIN3B",3.02911723965589
"MAP1A",3.02852432485433
"DDX6",3.02744079176163
"ALKBH7",3.02699917327595
"CARS2",3.02652004810047
"ZNF487",3.02562493198143
"CCDC40",3.0247762921519
"RFX5",3.024611879496
"LOC107984421",3.02388377546861
"BTN2A2",3.02101978931158
"RP9",3.02084233727505
"MGAT4B",3.01945252817498
"LOC105370998",3.01867363490488
"MSC",3.01792498078769
"TBC1D3D",3.01748033642042
"METTL21C",3.01619269458865
"MBD6",3.01596766905451
"ZNF414",3.01468020053932
"RADX",3.01293374476382
"SEC61A2",3.01292251882857
"LOC105375921",3.01146429118166
"RAMP2-AS1",3.00912511697549
"PRSS53",3.0083335742862
"ZSWIM4",3.00783789182951
"FAU",3.00750789334206
"SLC25A6",3.0069316595948
"LOC105375648",3.00681412946859
"ALKBH4",3.0056552712338
"TMCC1",3.00562016833077
"MISP3",3.00539877525431
"GNAI2",3.00128575246729
"TMED2-DT",3.00052768813913
"NPFF",2.9996771411795
"C2orf49-DT",2.99783498355771
"AATBC",2.99750947201735
"LOC107987245",2.99684543946547
"TMEM86B",2.99636378354763
"PPP1R1B",2.99627236815483
"DPCD",2.9961937724613
"C4orf46P3",2.99535634487454
"VPS53",2.99506083203665
"B3GNTL1",2.99431418397577
"LINC00963",2.99333617537677
"PRKAB1",2.99207918737169
"LOC105375833",2.99128241182118
"NEB",2.98514014620447
"FMNL1",2.98398184273276
"ARL2",2.97987401015506
"TCEAL8",2.97923780885402
"MIR3654",2.97921986418291
"VAT1",2.97870685413163
"SEC1P",2.97818737952146
"ARSJ",2.9779706528257
"C11orf24",2.97704755218582
"FGD3",2.97670405579929
"RPL13AP20",2.9761961121815
"ZNF599",2.97572341908125
"DNAAF9",2.9754380279674
"YIPF7",2.97337549660751
"PPP1R35",2.97289584017537
"BRAT1",2.97188572293501
"LOC105374085",2.97129395081757
"PCDHB10",2.96910223138577
"GTF2IRD1P1",2.96860342038094
"XAB2",2.96852921957352
"LOC105376333",2.96703341842585
"LYSMD4",2.96701079481461
"FOXP1",2.96655746721025
"PPP1R35-AS1",2.963661514522
"SPATA33",2.96361568615041
"VPS28",2.96350079735985
"SSBP4",2.96288288853189
"GNPTG",2.96260556808471
"SEL1L3",2.96244478923245
"FKBP8",2.96196215758526
"IPW",2.96007044336124
"GRIA3",2.95933232188918
"CUTA",2.95869815036244
"CYP4F24P",2.95709071589692
"RALGDS",2.95472467152269
"SFPQ",2.95282774251382
"SCARNA17",2.95248771598929
"LOC105369574",2.9516955985008
"POLR2M",2.9495785070669
"SNRK",2.9483563419605
"TBC1D7-LOC100130357",2.94735745028407
"LOC283038",2.94677221038238
"LINC02232",2.94359345134595
"BRCA1",2.93994054112243
"MED17",2.93992188469805
"VWA3A",2.9391916154251
"UQCRQ",2.9388641027182
"NPIPA5",2.9384141222744
"CNOT3",2.93767835609478
"INTS4P1",2.93641863404335
"DHODH",2.9344616403605
"ZFTRAF1",2.93438147349001
"LOC105370792",2.93262269458513
"POMT1",2.93225178756617
"B4GALT7",2.93111983187271
"FDX2",2.92993926412718
"LOC101928462",2.92775532989774
"IMMP1L",2.9261776342122
"LINC02097",2.92545797437961
"IFT46",2.92350752197093
"PLS3",2.92330262232588
"PRR12",2.92313655499148
"GOLGA8H",2.9228615311275
"GALNT10",2.92237450791718
"GATD1-DT",2.92185943504252
"ZEB2-AS1",2.91910895792737
"PNPLA4",2.91828819321356
"SMIM7",2.91792962635257
"CENPS",2.91666849125145
"RARA",2.91272220892746
"RTCA-AS1",2.91117542744927
"GPR37L1",2.91108356555095
"TOMM22",2.90978441732294
"KCNT1",2.90792418167787
"TUFM",2.90761607336968
"AOC1",2.90607647644086
"LOC112268063",2.90604404746577
"SUGP1",2.90583791995375
"SCAF1",2.9051570206972
"RND3",2.90481037969335
"TMEM167B",2.90433812103558
"LERFS",2.90414240310093
"ZNF416",2.90328279559643
"NLRP3",2.9030163869064
"NOXA1",2.90176774475176
"LINC01778",2.90096590708928
"LINC01278",2.90077196671593
"SHROOM3",2.89945386382834
"C5orf63",2.8993367991307
"MCM7",2.89835791493146
"MGLL",2.89820583953463
"LOC107985263",2.89805345731759
"DNAJC17",2.89674924676684
"DNAJC3-DT",2.89520386804533
"APOC1",2.89512751882245
"ABCB8",2.88996238665418
"BSG",2.88955635309077
"ABHD1",2.88904157310443
"GPNMB",2.88882271645201
"MYL5",2.88790692659262
"MYO1G",2.88779820672961
"IFITM1",2.88715909785106
"PGM5",2.88658083810666
"PTOV1-AS2",2.88615468115189
"TGM1",2.88471041234493
"C19orf18",2.88449392032687
"APOL4",2.88217268477154
"LINC01359",2.88210589138956
"S100A1",2.88142254545046
"TRIB3",2.88076748339904
"UCN",2.88051049476796
"STARD3",2.88005171972165
"SLAMF8",2.87700355119348
"ZKSCAN8P1",2.8764809561602
"CXXC1",2.87634045570862
"EFEMP1",2.87511539137743
"CD81",2.87450356799989
"DPH6-DT",2.87441449713784
"WDR83OS",2.87292377175186
"LOC105371060",2.87256879798888
"ZBTB45",2.8723953222764
"PDK3",2.87224882771695
"TRAPPC6A",2.87216382509324
"CCDC78",2.86949788253391
"DNAH12",2.86851152321413
"GUSB",2.86823502360681
"ZNRF2P1",2.86709008786468
"SMTN",2.86675744462175
"FUT1",2.86529146489255
"MPZ",2.8644890322746
"LOC400682",2.86429347086823
"DPY19L2P3",2.86317861821703
"MAP3K11",2.86211862929121
"KDM4D",2.86165911021292
"ADCY10",2.86046820789111
"SUGT1P4-STRA6LP",2.85808846103036
"FOXRED2",2.8562539308596
"ATRAID",2.85590776926613
"WRNIP1",2.85566810911412
"TNNC1",2.8549309509078
"LINC00654",2.85463871325127
"INF2",2.85391609432503
"RUSC1",2.85386502365469
"LOC105370456",2.85304708808678
"CENPT",2.85081751855783
"SLC23A2",2.8483366782071
"RPL26L1-AS1",2.84763981037205
"GLI4",2.84713271406179
"LOC105369782",2.84557100037965
"DNAI7",2.84509235186365
"FRG1JP",2.84459781250975
"ZNF471",2.84413042987891
"MMP23B",2.84368910804149
"LOC105370026",2.84304775798071
"CPN2",2.84299073881374
"TECR",2.84298652771968
"PDE4DIPP1",2.84185471822523
"PNMA2",2.84138321730475
"PPIC",2.84120016514358
"LOC112267872",2.83898678213534
"FHIT",2.83879042349263
"CSRP1",2.83859134292747
"PIGQ",2.83820412421245
"ERCC2",2.83729752587456
"GRN",2.83634082272541
"TUBA8",2.83626587636906
"SNORA31",2.8357650394573
"ZMYM3",2.83564450714152
"LOC112268418",2.83560161272608
"MFN2",2.83528523787507
"TBCB",2.83505400750224
"NOTCH2NLR",2.83465997834709
"C16orf95",2.83435469913367
"NME3",2.83350259369453
"PIN4",2.83197655164117
"EIF1AY",2.83068628908288
"OST4",2.83068056987696
"ERICH5",2.83016050148918
"LOC105375001",2.82873202875314
"DCT",2.82752541070214
"AOPEP",2.82751510997309
"SERINC5",2.82748317310018
"SVOP",2.82687914993147
"VRK1",2.82676224045878
"SMYD2",2.8263816700094
"ARHGEF33",2.82623095844055
"FAHD2A",2.82298025629421
"LOC440300",2.82203535769031
"LOC105375846",2.82198561117217
"NHLRC3",2.82032148712598
"INTS4",2.81992934792573
"CTRL",2.81986494987249
"MIR503HG",2.81966892409692
"AMBRA1",2.81964145160534
"LOC101927566",2.81947793685818
"NDUFA8",2.81804630139028
"LINC02580",2.81795981156126
"NDUFA7",2.81730024565693
"DNAJC4",2.81585564500431
"NUMA1",2.81571778773796
"WASH3P",2.81115821044491
"BUD13",2.81018091069496
"PYCR3",2.808614252565
"LOC101927418",2.8083061009874
"ENGASE",2.80801482894998
"KANSL1-AS1",2.80734580425113
"CCR10",2.80713760354409
"DTX1",2.80500252601947
"PIANP",2.80311385554427
"RWDD3",2.80201711837408
"ACSL6",2.80171092125253
"PLCXD2",2.80125112446614
"TMCO4",2.80102137492904
"BBOF1",2.80069243005869
"IQCD",2.80036659915585
"LOC105371818",2.80034590557889
"BOK",2.79999894987999
"AGPAT1",2.79806271888683
"JAK3",2.79679121337161
"ARIH2OS",2.7965049651593
"LOC105377945",2.79405210770708
"NRL",2.79225760786855
"PI4KAP2",2.79177845290855
"TXK",2.79124367382403
"LOC107985368",2.79031907636175
"BGLAP",2.7897173838366
"FAAP20",2.78966641191587
"PGM5P4-AS1",2.78913614066966
"VDAC3",2.78906841738363
"MST1L",2.78895688590601
"TMEM237",2.78867469020048
"ZNF676",2.78535807215959
"EXOC4",2.78421735511623
"ARFRP1",2.7805208142611
"LOC100128361",2.77994888588822
"SMARCC1",2.77950938031481
"KIAA1614",2.77935534300812
"TTLL4",2.77915059974069
"UBOX5-AS1",2.77892614241182
"RGS2",2.77635000063316
"ZNF444",2.77609294106105
"VPS41",2.77593350347637
"LOC102724319",2.77477761421084
"EDRF1-DT",2.77399567658198
"TSPAN18",2.77398966511193
"ALYREF",2.77302872818563
"SRSF5",2.77271740080768
"RPL18",2.77262881711908
"PKD1",2.772558870964
"LOC100652758",2.77174920624227
"CYB561",2.77064736170962
"LEAP2",2.76819436742277
"CELSR1",2.76789532349855
"SOX12",2.7678121706113
"LOC107984974",2.76737402238482
"OBSCN",2.76665260705615
"POLDIP3",2.76637275923781
"TBC1D3B",2.76616288068507
"COX8A",2.7659297561444
"APC2",2.76529594824657
"SPEGNB",2.7649532408082
"HLA-J",2.76388896927437
"AP4M1",2.76387851504059
"TSFM",2.76387252096131
"ZNF248",2.76206568722317
"MRPS26",2.76194846304297
"DYNLT1",2.7609223890206
"LOC107986368",2.7592778092836
"AGAP2",2.75690584975332
"ZNF436",2.75639146788419
"MYL6B",2.75622388626458
"ABHD17C",2.75465843141526
"EXOC3-AS1",2.75441773386864
"ACTA2-AS1",2.75309110229528
"PLA2G7",2.75058275731816
"PFDN5",2.74976252942296
"LOC105369250",2.74873500088676
"FRMD6",2.74812874088429
"SOX17",2.74696633650988
"LOC105371592",2.74557321906451
"DIP2A",2.74540503433342
"PAXX",2.74483028294184
"OGA",2.74368543245003
"PHYHIP",2.74282631603562
"PCDHGA3",2.74053656197397
"DLG5-AS1",2.74030102113363
"ITGAE",2.74020663583348
"GGTA1",2.73926145714932
"DOLK",2.73905500566663
"LOC107985877",2.73863432272675
"LOC102724615",2.73800651662843
"BUD31",2.7375270950938
"HSD17B7P2",2.7372738110999
"ANKRD18CP",2.73383648902852
"NDUFA4L2",2.73259709234787
"NFKBIL1",2.73220912373824
"DTX2",2.73194939747585
"SH3BP1",2.73136501554755
"LOC100505915",2.73106228192336
"SRD5A3-AS1",2.73090679911925
"LIME1",2.72834454272637
"BACE2",2.72793357373237
"FXYD5",2.72755633807148
"GLT8D1",2.72743190573955
"THAP7",2.72706343848295
"DZIP1L",2.72699745350354
"RPL36",2.72628969027318
"NAALAD2",2.72551745337454
"RBM42",2.72460406905409
"JUND",2.72415521073772
"ZNF443",2.72339788649971
"SMARCA2",2.72164174763016
"BCAT2",2.7206465603027
"ZNF446",2.71915308272438
"LZTS2",2.71860419230028
"CLEC12A",2.71855271300343
"PSORS1C1",2.71854135399628
"FGF9",2.71770706456463
"ACO2",2.71764079156997
"WDR59",2.71710820056959
"C1orf198",2.71703782036261
"GBP3",2.71619619298156
"CASS4",2.71513736602584
"MIR497HG",2.71480289199646
"TRIM28",2.71168560679823
"ADAMTS19",2.71110389614115
"KANK3",2.7101456452109
"CLCNKA",2.70813066573165
"CHMP1A",2.70716397023939
"BBS4",2.70695501303661
"ZFPM1",2.70680046080886
"ITLN1",2.70663452574437
"NAGPA",2.70623444932681
"FTX",2.70461592845909
"GYPE",2.70440461113958
"ACTN4",2.70365366485208
"MMP23A",2.70301904623231
"ANKS1B",2.70299600584845
"NRN1L",2.7029732192876
"TTTY15",2.7029652230606
"KCNJ5",2.70294424836881
"RNF207-AS1",2.70266999182984
"UXS1",2.70194359039739
"RTF2",2.70166077363952
"TBC1D3",2.70117660271139
"LIPT1",2.70080511003203
"TEDC1",2.69948038137249
"LMTK2",2.6990107380519
"ZNF44",2.69618826767472
"NAP1L2",2.69599048128152
"NPM2",2.69427456603011
"TEF",2.69325346349968
"SEMA3D",2.69245054805427
"GLS2",2.69241928629209
"ZNF808",2.69239319041407
"CD1D",2.69232006143712
"HNRNPC",2.69210619479153
"PLCE1-AS1",2.69122386501826
"EMD",2.68770388483311
"MYEF2",2.6872345192848
"CCL13",2.68555640898609
"CDK15",2.68491678667303
"ZNF627",2.68378443687193
"SLC16A1-AS1",2.6833598556422
"SOWAHC",2.68333580778926
"MIR4426",2.68180176408267
"AGAP3",2.68062216331578
"NQO2-AS1",2.68031210465761
"PKD1P5-LOC105376752",2.68001960080422
"RBM22",2.67829527883638
"SNX21",2.67732831809667
"ARMCX1",2.67676917717248
"LTF",2.67601778102796
"PGBD4",2.67586057425591
"TMEM262",2.67505701682647
"CD44",2.67446428729278
"HTRA2",2.67375216917027
"MYRF",2.67241754060861
"SLC26A10P",2.67064636351537
"RNR1",2.67014569981041
"CPXM1",2.66694384374432
"TNK2",2.66642233262782
"B4GALT2",2.66633673621966
"GATD3",2.66489327096188
"LOC101927825",2.66335076352331
"CA4",2.66245154690653
"ZFYVE1",2.6624088860861
"PCDHGB7",2.66133575640577
"CHRD",2.66052418116952
"OXLD1",2.66012828080441
"ERAP2",2.65954837971345
"CCDC34",2.65896510744656
"H2AC15",2.65885280621402
"LOC105377782",2.65604676773342
"TDH-AS1",2.65519671310209
"SLC16A4",2.65371284935351
"LOC107986785",2.65318196435347
"SNORA105B",2.65155142623675
"ZNF540",2.64967743159883
"LYAR",2.64883717601015
"RTL8C",2.64671919733054
"FKBP7",2.64493499746857
"LOC107985876",2.64316538854779
"MTRES1",2.64174248659361
"XPA",2.64118644580906
"ZNF528",2.64106952754365
"RPS4Y1",2.6392604247859
"SDHAP3",2.63824510551456
"ANK1",2.63693591546271
"MCPH1-AS1",2.63547877685078
"AKR7L",2.63530337332006
"KHK",2.6344965620943
"FBN1",2.63399024607771
"TFEB",2.6326639601689
"STK32B",2.63226714278197
"HEATR5A-DT",2.63213261485074
"MRPL52",2.63179080918086
"LOC107985259",2.63173549576167
"ACSM5",2.63099763571359
"CYB5R3",2.63063625844652
"REEP6",2.63034494519373
"LOC105374101",2.63012861117041
"RNF166",2.6296247241644
"KAT5",2.62711068510523
"APLP2",2.62484910499306
"USF2",2.62472614532895
"PLD2",2.62445498958341
"LOC112267929",2.62010152967879
"CCNG2",2.61835269136101
"LOC102724023",2.61831059628236
"MIR3917",2.61708969761893
"TNFAIP3",2.61652995969799
"MEX3D",2.61647256793956
"CDC42EP1",2.61470522704618
"ZNF766",2.61456018976763
"GPAA1",2.6141800729216
"PKD1P4-NPIPA8",2.61388106301541
"B3GAT3",2.61354215509555
"TBX6",2.61283312563419
"RAB6D",2.61263274276468
"GTF2H4",2.61257667869956
"GTF3C1",2.61184223023623
"LOC107985399",2.61157262885576
"TERF2",2.61005612495872
"PPP1R1C",2.60992945682956
"MYHAS",2.60957185437252
"SF3B2",2.60951467730743
"PDRG1",2.60801521343346
"EXOC3L1",2.60685531605389
"DOK1",2.6056746108591
"ZFP69",2.60504364818895
"TAF12-DT",2.60435752370099
"ZDHHC24",2.60388263013076
"SLMAP",2.60370424875889
"ZNF497",2.60369189678278
"FGF11",2.60207332923121
"ERP29",2.60076547525462
"STAP2",2.60040920537263
"PTGDS",2.59961297687368
"LETR1",2.5994425113772
"ITPRIPL2",2.59851810450692
"PPP1R9A",2.59745509976535
"ZNF185",2.59714057596877
"PPCDC",2.59638726419494
"GUSBP1",2.59637824923178
"PLA2G15",2.59437169606999
"CCN1",2.59319509293544
"RAI14",2.59272977570631
"CTBP1",2.59161151079197
"KIAA1671",2.59003568865658
"UBA1",2.58929875659063
"EPB41L4A-AS1",2.5875157603732
"SLC20A1",2.58685689891837
"SCX",2.58632981646489
"KLHL12",2.58429777822967
"DNASE1L3",2.58387519965962
"JCAD",2.5831818204156
"ZNF346",2.58277609176638
"EIF3G",2.58262402021253
"NDUFA11",2.58243875888289
"AGTRAP",2.58132135139993
"LOC101929767",2.58091958502576
"NDUFB7",2.58070774586947
"PPM1F-AS1",2.57992959946893
"C19orf48",2.57989581426648
"NUDT14",2.57845497011684
"RPL3L",2.5784269215523
"CLYBL",2.57810786243715
"TTTY10",2.57757993885367
"LOC107986858",2.57292612404469
"TRIM26",2.57270591995861
"ASH1L-AS1",2.57218894637104
"LOC105377544",2.57043393059148
"ZBTB3",2.56990695403793
"TTC39B",2.56952496562345
"ENTPD2",2.56655468163986
"DDX50",2.56511284078
"PRDX2",2.56499979172662
"RNH1",2.56425767682275
"AKAP13",2.56255984226054
"PAQR9",2.56158265792222
"LSM7",2.56142645817085
"ZNF213",2.56134689300293
"PMPCA",2.56039932358935
"ULK4P3",2.56021811792341
"ESS2",2.55901536102294
"FLYWCH1",2.55895089478188
"GDI1",2.55758847895229
"RIMS1",2.55709748179929
"RPS26",2.55705655559808
"SIRT5",2.55629218849861
"PHPT1",2.55512167121469
"CCDC63",2.55497619805627
"C21orf91",2.55474660477589
"DPM3",2.55466079166029
"SPTBN1",2.55308546667253
"EEF1D",2.55250592963299
"VRK3",2.54944216369188
"FAM124A",2.54889886155375
"LOC105373980",2.54695630409806
"ACAD8",2.54517427888732
"RPS15",2.54441464009692
"DDX60L",2.54199691286953
"TMEM108",2.5406123438217
"MIR3606",2.53976160106792
"LL21NC02-21A1.1",2.53939218522991
"TRIB1",2.5384567691605
"NR1D2",2.53812576110328
"SMG1P7",2.5378374794122
"COMT",2.53766255001844
"ACY1",2.5376270594748
"MAGEH1",2.53752343316038
"CHMP2A",2.53677625340537
"TDRP",2.53588502844775
"COL7A1",2.53451529187576
"C8orf58",2.53354334837175
"UROD",2.53285372763606
"BNC2",2.53181175049954
"LRPAP1",2.5313391896881
"ZNF469",2.53031384818415
"MRPL43",2.53027695650116
"FAM21EP",2.52929517780645
"AP4S1",2.52833456189721
"LRRC14",2.52825476001786
"SH2D3C",2.52770520402384
"CDC34",2.52731928769548
"C8orf33",2.52643860323631
"CHST11",2.52617042741579
"CTSZ",2.52596195168753
"LINC00106",2.52459612835754
"ATP5MG",2.52420089534871
"VPS51",2.5224729772581
"LOC101929007",2.52178402539457
"LOC112268122",2.52176194679182
"IFI27L1",2.521456177514
"BRWD1-AS2",2.52111939243338
"LOC100132356",2.52007109164846
"SLC2A11",2.51919703004915
"PDE9A",2.51846549861761
"KLHL7-DT",2.51776852791909
"SP140L",2.51742801003265
"PRAF2",2.51696886474343
"FTCDNL1",2.51675694201532
"TMEM222",2.51544965366677
"BCAS3",2.51462179058871
"L3MBTL1",2.51422322286454
"GVINP1",2.51284713433327
"GPRC5C",2.51225986965766
"GCAWKR",2.51139839733637
"RPS29",2.51083236367182
"PRNCR1",2.50969220622361
"SNHG20",2.50927914862977
"FRAT1",2.50888954490507
"U2AF2",2.50849812022039
"SV2A",2.50819147420285
"PAK6-AS1",2.50796438134188
"ECI2",2.50774797367626
"NPIPB15",2.50750976619754
"VPS11",2.50717744923844
"PTGS1",2.50568508133353
"AGBL4",2.50548440187959
"FAM43A",2.50512444568514
"LAMA5-AS1",2.50502603421897
"RECK",2.50445087634845
"CIR1",2.50406006301319
"OSER1-DT",2.50343582401876
"C4orf51",2.50145416585421
"TMEM255A",2.50106740909937
"TDRKH",2.50078265133937
"DCTN3",2.49907961803983
"NPRL3",2.49776590577721
"CENPS-CORT",2.49671209545088
"LOC112268222",2.49618372155373
"COA3",2.49564209321924
"GYPC",2.49540181553019
"NRP1",2.49515843850456
"LRRC42",2.49512034781341
"LMF1-AS1",2.49476611528701
"LIMS4",2.49252660372785
"CCDC188",2.49084857181649
"GABBR1",2.48989531829685
"SERTAD2",2.48969338940273
"PCDHB11",2.48967348988728
"LOC105369816",2.48943572106153
"MIR762HG",2.48937850399019
"CEP83",2.48890229963097
"DPH1",2.48874269252661
"SMARCD1",2.48670890338042
"CLSTN3",2.48609455663018
"BMAL2",2.48595041230468
"NSUN7",2.48562966398859
"METTL26",2.48507690094544
"KCTD17",2.48170622752046
"LAPTM4B",2.48112142773011
"MYH13",2.48090886601355
"TFIP11-DT",2.48061102865722
"SRRT",2.4805487709778
"FAM157A",2.48047453124636
"LINC01176",2.47931474550704
"CFAP68",2.47874581045545
"LCMT1",2.47798566890326
"LOC107986524",2.47753219430246
"LOC101928274",2.47734457214062
"POLR1H",2.47658230021273
"CBX8",2.47639811040586
"NMNAT1",2.47633023638567
"SMIM2-AS1",2.47619740119162
"FAAP24",2.47460415419745
"ZNF814",2.46979023796652
"ARL6IP4",2.46920770978879
"MITD1",2.46916414914535
"CIDECP1",2.46858128974319
"POLG2",2.46839084174374
"ARMH1",2.46827535211069
"CD300A",2.46824795067855
"PTPA",2.46799869641619
"IFITM10",2.46701810958536
"WDR91",2.46690782476977
"LAMTOR2",2.4643604325042
"ADCY4",2.46234221212761
"CCNL2",2.46093976655335
"PSMB8",2.4607641184101
"DDX19A-DT",2.46055206936015
"USP9Y",2.46001553251893
"BAG6",2.45978730813136
"PFDN2",2.45944624208186
"CNNM3-DT",2.45900844367832
"MED22",2.45857111264823
"SULT1A4",2.45724085299977
"MAPK12",2.45587470663498
"CCDC28B",2.45571423864183
"P3H4",2.45562067943637
"SHC2",2.45477784407789
"DRG2",2.45456201528605
"TBC1D3H",2.45312922875829
"SULT1A3",2.45213506738604
"SLC9A8",2.44951248952719
"TMEM101",2.44903461301071
"FAM234A",2.4488597883427
"LINC00965",2.44872103769101
"ARMC10",2.44800863783809
"MCM3",2.44621028809489
"MAL",2.44577877383829
"LOC102723534",2.4427414250447
"CLNS1A",2.442306593609
"RAB3IL1",2.4422736715053
"VKORC1",2.4399719725103
"SMARCC2",2.43764817209092
"LOC100133331",2.43736987217308
"CPLX1",2.43598455325615
"CCDC96",2.43535976926855
"TRIM11",2.43511898626084
"TBL2",2.43508489562725
"CCDC150",2.43467702958871
"SAMD4B",2.43393344464713
"LINC00999",2.43300180083759
"CNPY3",2.43219496404915
"RPS9",2.43151265169534
"MIR939",2.43087097459268
"SUV39H2",2.43053644925055
"DOP1A",2.42835271800024
"GEMIN4",2.42635537690831
"EMX2OS",2.42595994958062
"ZNF783",2.42449520893558
"CDH11",2.42151671308442
"SYDE1",2.42122870199379
"TEAD3",2.420926478518
"POLR2J3",2.42016086813175
"HSPBP1",2.41936670324664
"CEP131",2.41796497930511
"KLKB1",2.4173708947125
"DDX3Y",2.41691185009659
"ATXN10",2.41615853682621
"BASP1",2.41515112441467
"MIR671",2.41500508414035
"APOL6",2.41488675822088
"ACOT9",2.41411007727013
"TP53I3",2.41387522316462
"TLN2",2.41276340928975
"EDC3",2.41035502700983
"TAB1",2.40926575963852
"ZMYM4",2.40817108827469
"TPM1",2.40807732289073
"MYO1E",2.40742592736429
"ZNF747",2.40574835976089
"NECAP2",2.405351184745
"TIGD5",2.40479866902311
"C1orf53",2.4039843571242
"RPL28",2.40397698712401
"PI4KAP1",2.4037912354137
"LOC105370854",2.4035049033356
"MROH7-TTC4",2.40260650876369
"LOC100287808",2.40227215108687
"LOC105373422",2.40219733492995
"SMIM19",2.40165160077493
"PWWP3A",2.40130571005552
"TMEM134",2.40036851010369
"MPND",2.40024304056363
"FAM24B-CUZD1",2.39935630516943
"WDR83",2.39856030546338
"ABHD14A",2.39848202078991
"USP3-AS1",2.39760848351595
"ZNF341",2.39746623915896
"PISD",2.39745798182983
"TTC28-AS1",2.39702257263747
"PSMB4",2.39679132774654
"TULP3",2.39645377103903
"NPIPB3",2.39497126664897
"SERF2",2.39374478382402
"SMAD9",2.39328211904444
"NUDT1",2.39265342501132
"PPM1J",2.38904737577625
"SNORA71E",2.38795225432318
"TMEM129",2.38725848931007
"PPP1R37",2.38646733717852
"LOC112268251",2.38461936590761
"SLC12A2-DT",2.38460762880365
"OXCT1-AS1",2.38328539173535
"CCDC103",2.38326670801342
"NUDT11",2.38311967115851
"WRAP73",2.38274811714445
"KLF16",2.38253092477067
"SAMD10",2.3824274546638
"RAB11B-AS1",2.38237764921368
"COL13A1",2.38229063205853
"ZXDA",2.38151710342169
"MRPL9",2.38086530199612
"PHB2",2.38031062322137
"GAS6-DT",2.38012139021113
"MYG1-AS1",2.37980636386876
"IRF4",2.3796201698651
"MYZAP",2.37715315309052
"LOC101927330",2.37679615162557
"MSRA",2.37670700484008
"DYNC1H1",2.37655706736782
"TUBGCP6",2.37598713918181
"PSAP",2.37542828342217
"OGFOD2",2.37528714679322
"ZNF594-DT",2.37477806550139
"EPS8L1",2.37472291468926
"MRPL54",2.37265056682752
"ACTC1",2.37246212994874
"DSC1",2.37033135509251
"SCRN1",2.37032147217191
"SELENOM",2.36940128831249
"TEC",2.36935565748113
"LOC112268296",2.36906057223411
"CCDC9",2.3672862293259
"CCRL2",2.36653252904712
"ATP5PD",2.36626630865501
"DGCR6L",2.36600596021238
"PTGES3L-AARSD1",2.36564298794597
"LOC105369663",2.36385479657199
"ACAT1",2.36377501600127
"RNASEH2B",2.36351808688897
"SRBD1",2.36333148167201
"RUBCN",2.36328205094225
"LOC107984387",2.36121632352384
"MIR12136",2.36094238177796
"SYCE1",2.35898961706677
"ANTKMT",2.35895697296129
"LAGE3",2.35839183637482
"MACROD1",2.35795591106667
"LOC107985423",2.35757888592822
"UPF1",2.35696651663537
"ABHD16A",2.35585480743442
"DNAJC18",2.35498856329786
"CELF4",2.3538803092289
"NUDT10",2.3535985977367
"PNMA3",2.35300645657192
"FECH",2.35143399703939
"UQCC5",2.35097068881307
"PEX6",2.35077635771845
"AP1G2-AS1",2.35066471882606
"C1orf50",2.34992453440798
"NIT1",2.34885268496606
"MAPK8IP2",2.34790315205542
"VIM-AS1",2.34612236138678
"DGUOK",2.34596309642894
"COCH",2.3455067605964
"NKAP",2.34514448067069
"SPAG7",2.34344277007934
"NDUFS7",2.34338838811574
"TTC30B",2.34325066930011
"RNF44",2.34236450272127
"H3-7",2.34055842746315
"PCDHGB5",2.3394024089435
"LOC730098",2.33801088811624
"LOC100996583",2.33778602338318
"BCL2L11",2.33718966870405
"LOC105374997",2.3368920880236
"PIWIL2",2.3362636873993
"LINC01634",2.33615786153083
"SMG9",2.33563836511943
"FAHD2CP",2.3329624258918
"LOC105371686",2.33258125852904
"HR",2.33154084927406
"BBLN",2.32679267316114
"AAMP",2.3260716946308
"ROMO1",2.32599490676422
"CD226",2.32570454449948
"PPM1N",2.3250698492791
"LOC105372435",2.3228717024465
"PLK3",2.32171082624881
"LOC102724701",2.32071925212925
"SAE1",2.31998695928552
"C19orf25",2.31959176082658
"RPL23AP32",2.31909222875116
"GDF11",2.3189953453385
"LINC00339",2.31820320775585
"RBSN",2.31747840555713
"EFCAB2",2.31661521052581
"METRNL",2.31633260022967
"AURKC",2.31610937245193
"FAM118A",2.31451563465444
"RHOJ",2.31440181512924
"COX6A2",2.31434913378963
"EMILIN1",2.31136742053524
"OS9",2.31121880159847
"LOC102723342",2.30970800490906
"PEF1",2.30828171422701
"LDHD",2.30792293605447
"CD37",2.30765956460482
"TCIRG1",2.30648498910629
"ATP8B1",2.30575587933545
"EIF3K",2.30509259414896
"ATP6V0E2",2.30470504200641
"ZCWPW2",2.30459828108103
"CERT1",2.30440073815424
"CACNA1A",2.3027885318437
"LBX2-AS1",2.30235572843312
"APOBEC3C",2.30169705514526
"FCSK",2.30154416453132
"CXCL2",2.30109676250787
"LOC112268260",2.30054810354783
"CHCHD10",2.30011750848587
"RPS27",2.29978079904759
"LOC105379854",2.29963008868613
"TBC1D3K",2.29884365774343
"TSPAN31",2.29818755837301
"TTC16",2.29775259049503
"HYKK",2.29764805467222
"SHLD2P1",2.29719988356277
"LOC107985414",2.29578035125972
"CLEC14A",2.29354222008272
"ELP1",2.29046622637327
"NPIPB4",2.29041441450974
"PFKFB1",2.28909162634832
"RAC3",2.28893631209231
"EEPD1",2.28841182724161
"CFAP43",2.28780243035711
"ATCAY",2.28757417249089
"NDUFA3",2.28733340768921
"ANXA2R-AS1",2.286334157967
"MIA-RAB4B",2.2854308486455
"HSD11B1-AS1",2.28533510830758
"CBX1",2.28508265568618
"SH3TC2",2.28443453039149
"FBXW9",2.28294300083245
"LPL",2.28173080568436
"NDUFB8",2.28150309744424
"BLMH",2.2809971053789
"PRDM6",2.28086990210104
"AKT2",2.2808488533968
"IFT140",2.27930595820902
"LOC107986924",2.2785592188962
"LINC01954",2.27841436935768
"PLAAT4",2.27840888429912
"LINC01474",2.27537899129398
"SYNGAP1",2.27496324989826
"HTR7",2.27418977576232
"TNRC6C",2.27392394363095
"HMCN1",2.27361793922722
"LINC02361",2.273064568876
"APOE",2.27270258898163
"SNIP1",2.27242574429987
"SNX20",2.27175541401437
"LOC729218",2.27157892424993
"COG8",2.26880940678717
"GPKOW",2.26854853650596
"FAM120AOS",2.2683715779179
"C6",2.26679474144639
"INTS6L",2.26644940004652
"UNC93B1",2.26633990017874
"RBM15B",2.26581106683429
"SNRPF",2.26374517868151
"SPINDOC",2.26284420086847
"LAMTOR4",2.26227863419968
"RFXANK",2.26177357317186
"COX5B",2.26159067483299
"TOMM7",2.25982385183465
"PSMC4",2.25813144532394
"UBXN6",2.25770030703974
"CSF2RB",2.25694533908869
"B3GALNT2",2.25654196266861
"FGD5",2.25644659654853
"SFR1",2.25567461974509
"LOC107986257",2.25525153715078
"SP2",2.2547634825931
"CCDC62",2.2545654529123
"FIRRE",2.25300268430849
"SIRT3",2.25249570313143
"SIRT6",2.25228368843352
"PRUNE2",2.25155942734101
"LOC105377223",2.25053367705813
"SARS2",2.24979080040791
"FAM162A",2.24917837254344
"RPL8",2.24813110375158
"PDIA5",2.24812897951104
"RPL39L",2.24707644880287
"TMEM204",2.24628259734773
"DGKQ",2.24607187883048
"NFKBID",2.24517582928969
"TNFAIP8L1",2.24491014130773
"AIP",2.24482981695497
"DPH3P1",2.24282778030793
"RN7SK",2.24235922146954
"RPS11",2.24219098904769
"ABHD14A-ACY1",2.24166392529117
"DOCK9-DT",2.24133533691268
"NT5C",2.24120049551411
"BMF",2.24047251915757
"INTS1",2.24036569693914
"MTCL1",2.2403515074704
"NPIPB11",2.23968806020388
"GIPC1",2.23882151377758
"PFKFB4",2.23867459599753
"DDX41",2.2381007622775
"IL1B",2.23785879117793
"NELFE",2.23682758842655
"BMP8A",2.23616588424862
"NTMT2",2.23441780762471
"MICB-DT",2.23427890004325
"NDUFS8",2.2337578160652
"TMSB4Y",2.23362370260711
"RAB43",2.23325631470594
"GPSM3",2.23249435484322
"HIGD2A",2.23182235370081
"SBK1",2.23163258929057
"PAFAH1B3",2.23076694836836
"SYP",2.2299305183074
"ABCA8",2.22954252023483
"CLASRP",2.228702592016
"WDR18",2.22856335342823
"RHPN1",2.22586082386462
"PLD4",2.22352041693865
"ACSF3",2.22305088623831
"UTY",2.22166161980985
"ZMAT4",2.22142738759112
"TADA3",2.22117273511039
"PDZRN3-AS1",2.22081854399079
"LRFN4",2.21961567699749
"TXLNGY",2.21868312359013
"ITGB5",2.21866985369976
"HLA-C",2.21720147381365
"BICRA",2.21697378100899
"CACNB3",2.21656682826688
"LOC100288637",2.21624456459987
"LOC112268253",2.21598112849272
"DKK2",2.2155210360115
"LOC105372976",2.21491336027298
"SMARCD3",2.21477603748448
"TRAF6",2.21460208060764
"ATP6V1B1",2.21433362489914
"FIP1L1",2.2134131878869
"RPL26L1",2.21279901656965
"MAGEF1",2.21088718766276
"HMGB3",2.20921668407755
"LRRC37A3",2.20880657043113
"CAMK2G",2.20780954154314
"DEAF1",2.20721772427749
"C15orf39",2.20682200042885
"CTDSPL",2.20551795717745
"OVCA2",2.20457321985814
"RALY",2.20427963013732
"HSPA8",2.20245367577977
"NTPCR",2.20140178259926
"MIS18A",2.20122357569903
"LOC105378827",2.200242531028
"HINFP",2.19963779639762
"TRMT2A",2.19943728606098
"MOSPD3",2.1990020668526
"UQCC4",2.19708110044142
"LUC7L3",2.19564040570994
"C1orf56",2.19560789641277
"CTC1",2.19489337521524
"MAOB",2.19304379975403
"KLRG1",2.19269536907023
"LOC112694756",2.19258762891734
"LOC729683",2.1924920409912
"FUCA1",2.19161464710392
"MROH5",2.18979878044772
"TTTY14",2.18966242073433
"FAM167A-AS1",2.1886035503698
"SEPTIN2",2.1881388126673
"PPIP5K1P1-CATSPER2",2.18759860681514
"EEF2",2.1872354489747
"C2orf74",2.18704553666896
"ULK4P1",2.18567454452901
"F8A2",2.18499027646931
"VCAM1",2.18466904192385
"GFER",2.1837483685141
"TXN2",2.18371215150827
"ECD",2.18244806883559
"ZFP37",2.18107793856769
"ALG14",2.18077202237613
"DOC2B",2.18071251331466
"ALDOA",2.18053951896926
"LYNX1",2.18030459664001
"YIPF3",2.17973342125818
"KDM4A",2.17951739417816
"MCOLN3",2.17942498156274
"ABTB3",2.17885512015569
"HLA-DQB2",2.17837472039983
"NUBP1",2.17770076316357
"YIPF2",2.17610328393751
"RABEP2",2.1759778931924
"ANXA7",2.17540515915427
"OBSCN-AS1",2.1725428613252
"FAM219A",2.17224160395273
"DPY19L1P1",2.1713130288671
"RPL13P5",2.17111474173247
"RBMS3-AS3",2.170601163815
"C14orf180",2.17031075834408
"FAM120B",2.16979274502172
"KDM5D",2.16947471099521
"CSTB",2.1681715049783
"SURF1",2.16415756634771
"TNRC18",2.16356416453795
"GPX4",2.16073148000851
"IGF1",2.16014538000378
"PRKY",2.15918298309853
"USP36",2.15809999829151
"INHA",2.15760133764659
"CYP3A5",2.15637217182449
"TNC",2.15617252491361
"LOC112268006",2.15588211588491
"UQCR10",2.15516618470922
"LINC03009",2.1548710418695
"ARHGAP24",2.15392110925053
"EMC9",2.15376430265771
"S100A13",2.15373665340636
"ERC2",2.15322444027144
"INPP5F",2.15305384348471
"EGR3",2.15239044469675
"CTSD",2.15180462013529
"ACAD9",2.14949292232451
"CRIP2",2.1481589787254
"SART1",2.14755738905809
"LOC105378512",2.14722880886382
"PICART1",2.14706541230614
"PSTK",2.1467664973075
"PNPLA2",2.14629765162361
"MOV10",2.1460802761401
"MYCBPAP",2.1457130341636
"LINC01001",2.14518689093934
"ZNF276",2.14511189174513
"BCAR1",2.14406940149485
"IER5L",2.14317877357719
"METTL18",2.14250307690918
"LOC389765",2.14206855055567
"DYNC2I2",2.14200664041931
"MFSD10",2.1418732212606
"DLEC1",2.14097752916811
"PELI3",2.14043885380379
"TMEM160",2.1402876214122
"HINT2",2.13939882970229
"COMMD4",2.13928859875888
"LINC01772",2.13847799037063
"CPNE2",2.13803969462452
"DHRS9",2.13770652127957
"PTPN23",2.13553377372259
"DIS3L2",2.13510681316011
"PPP4C",2.13460696874906
"IFI27",2.13231212742978
"PCBP1-AS1",2.13070099954879
"TP53",2.13047705018402
"LOC105374968",2.12990967381436
"LOC107987401",2.12933426513187
"YPEL3",2.12792849148167
"CDHR1",2.12768466483005
"UBE2Q2P16",2.12669335507176
"C8G",2.12446805319187
"GPR63",2.12405659495539
"RAB27B",2.12323363016093
"EFHD2",2.12280356541986
"MRPL53",2.12255282227447
"THPO",2.1223420862506
"MIR1184-2",2.12169051366589
"HNRNPD",2.12143593455256
"ACTR1B",2.12120240270663
"NSG2",2.12104882867892
"LOC112268415",2.11844917777192
"ZNF319",2.11833676679618
"CLDN10",2.11815311790534
"LOC105370834",2.11799567193892
"TFPT",2.11716621168592
"ARFGAP1",2.11647769968034
"CREB3L2",2.11575634398638
"IDH3B",2.11515937370333
"TRIM22",2.11480673567694
"LZTR1",2.11479210089221
"THOC6",2.11343399606511
"FOXF2",2.11251235708784
"NDUFA2",2.11248740291233
"RBP1",2.11166751047236
"PPP1R12C",2.11123553678065
"MRFAP1",2.1103308752448
"SFSWAP",2.10934488674327
"AKAP6",2.10929802986506
"LOC101928230",2.10817757772997
"RPL21P28",2.10786380311671
"HPS6",2.10667912425063
"FAM111A-DT",2.10556175670972
"PLEKHA7",2.10525228488986
"BRF1",2.10456162833973
"FOLR2",2.10430289141644
"NOSIP",2.10174802208015
"LINP1",2.10012623558523
"FYCO1",2.09871863788421
"ARSD-AS1",2.09778845936106
"TMEM176A",2.09727224785678
"ZSCAN9",2.09683543929838
"NSUN5",2.09635956807143
"MAL2",2.09608991461272
"PHYHIPL",2.0935993109168
"LINC02983",2.09263548712738
"LRTOMT",2.09065586172841
"LINC02680",2.09015008374468
"LINC00685",2.0897841811129
"BIN1",2.08974108526464
"CTB-30L5.1",2.08948387620936
"GYG2P1",2.08928218274724
"ARHGDIB",2.0892014356553
"SLC5A4",2.08794668755897
"AJUBA",2.08788765212089
"THSD7B",2.08531919303715
"PPIF",2.08504974907633
"FAM110A",2.08410327368151
"RPL9",2.0837589333733
"TGFB1",2.08374865998143
"DHRSX",2.0834213259952
"TOB1-AS1",2.08337613573384
"LRP2BP",2.08257266586176
"SNORD138",2.08251831945349
"TBC1D3I",2.08175362061289
"SIVA1",2.08137824232373
"ALMS1",2.08134760755906
"PRKAR1A",2.08068439185992
"RBPMS",2.08055664819772
"RPP21",2.08003981852201
"RAB23",2.0787159576454
"IDH3G",2.07750273207264
"HRC",2.076202278897
"TTC31",2.07582361205223
"DNAAF11",2.07573045945427
"KIAA1328",2.07561260378722
"ERF",2.07557095226048
"LOC100506207",2.07517872854567
"MYRFL",2.07492660313171
"DDX24",2.07304833941578
"PKD1P3-NPIPA1",2.07257023279175
"SHBG",2.07168851858855
"DEF8",2.07081372180842
"ADH5",2.06827104529463
"IGSF8",2.06792921033008
"IGFBP6",2.0672969067714
"ZCCHC9",2.06711772856697
"ACTA2",2.06676848676643
"ATP5F1D",2.06631591258722
"TRADD",2.06600231005028
"GPS1",2.06546234265429
"MMP24OS",2.06523156819399
"SNX8",2.06470029082919
"CCDC110",2.06386326235968
"CAMTA1",2.06258577950734
"PMAIP1",2.06095124548436
"C2CD2",2.06059406618602
"PHYKPL",2.05993899971011
"RD3L",2.0592688778127
"ETV5",2.0572833025576
"CFB",2.05698750805469
"ETFB",2.05646155897651
"SDF4",2.05548516556875
"NR2F1",2.05509518967162
"ANKDD1A",2.05493017753736
"RPIA",2.05468513174788
"ARHGAP11A-SCG5",2.05468147133501
"FBXO21",2.05369133811129
"ALKBH2",2.05305501289515
"FAM114A1",2.05259135507523
"NPIPB5",2.05181992895929
"SRSF7",2.0511700789947
"ATP8B4",2.05114599990906
"RRP7A",2.04938351041468
"SPRYD4",2.0493257568505
"RABGEF1",2.04832260971717
"ELOB",2.0478343154576
"PEF1-AS1",2.04781236083474
"WDR88",2.04725350302381
"TRIM7-AS1",2.04590690654119
"FAHD2B",2.04425848921079
"RPL22",2.04357366977217
"HYAL3",2.04297464603027
"ZNF554",2.04217130552688
"LOC105376805",2.04206314372658
"RBM43",2.0418813389598
"PLEKHG2",2.04163111501156
"ATP7B",2.04041041470599
"ZFAS1",2.03902143857599
"FLJ20021",2.03893969164906
"AP5Z1",2.03880573961584
"MGAT5",2.03781671452343
"FBXO32",2.03699599239142
"LOC105378302",2.0354320679631
"ANKLE1",2.03487532994914
"DDX11L16",2.03462244686285
"CCDC122",2.03450564100522
"GABARAP",2.03388631460468
"NPY1R",2.03382692869722
"ATXN7L3-AS1",2.03321322615751
"C1GALT1C1L",2.03311780224025
"ELAPOR2",2.03276453600215
"KIAA2013",2.03106811579746
"TAFAZZIN",2.02929220747006
"LOC105377546",2.02920296273463
"EBF4",2.02778325036511
"STOML1",2.02748843792951
"ARHGEF18",2.02718222704067
"TSPY26P",2.02589682037219
"RAD54L",2.02584908570633
"KLHL6",2.02519542897382
"UBL7-DT",2.0232751575386
"GJA3",2.02321602926757
"C1orf159",2.02264371809766
"FHL1",2.0225805266048
"P2RX3",2.02241600521434
"PPME1",2.02216371293745
"LONP1",2.02181266125864
"ZNF727",2.02158318857226
"LOC105374307",2.02112559004832
"SDHAF1",2.02093571282044
"MILR1",2.01917163284291
"PARGP1-AGAP4",2.01854991808519
"NCKAP5L",2.01841179764688
"HDAC5",2.01729475282941
"S1PR1-DT",2.01664226770616
"PRH1-TAS2R14",2.01489968026319
"H1-10",2.01464079767895
"KCNJ3",2.0134810636383
"ACOT6",2.01294623485016
"LINC01479",2.01273159442063
"MRPL23",2.01223341761974
"NDUFA13",2.01185023503911
"FAM76A",2.0114587314302
"NKAIN3-IT1",2.01107087101248
"C1orf122",2.01064296399985
"ATG10",2.00826597260689
"SPPL2B",2.00663760266251
"CXXC5",2.00551452537014
"TMA7",2.00550901918686
"RUVBL2",2.00498123108162
"SRRM1",2.00476017167865
"SGSM3",2.00417560054608
"GSEC",2.00387483801541
"PHKG1",2.00312760216454
"COQ7-DT",2.00301713556046
"FILIP1L",2.00217397073598
"GRTP1",2.00028955364231
"RHOT2",1.99980864856405
"PDXP-DT",1.99695625613551
"NOVA2",1.99687027479985
"MAD1L1",1.99651722088357
"LOC107986871",1.99613440900228
"SLC3A1",1.99602095029098
"LINC00852",1.99554913418452
"LOC100270746",1.993863318174
"TEKTIP1",1.99278922752429
"TAFA2",1.99238555637161
"WDR25",1.99216536143652
"SLC38A10",1.99145916035878
"C19orf53",1.99127132984452
"DPH7",1.99089737134164
"PLCB4",1.99032151500491
"RTN4RL2",1.98939872926364
"LOC102724135",1.98832338131812
"MYLK-AS1",1.98743355271823
"LOC107987135",1.98741742468594
"SNORA70",1.98544430955078
"MRPL55",1.98530943109664
"LEPR",1.98523874709747
"LOC105374373",1.983498778012
"ADCY7",1.98254045367387
"SLC26A4-AS1",1.98247889948533
"ARMC6",1.98206225951843
"GPRASP3",1.98182023258949
"SGF29",1.98150001149657
"TREX1",1.98005470052243
"TMEM14A",1.97866739087492
"LSM3",1.97843871813379
"TBX5-AS1",1.97736749365551
"NR2F2-AS1",1.97647546898567
"DGCR8",1.97610296001429
"LOC101927673",1.9757702445896
"NRAP",1.97533323602747
"ADCY10P1",1.9751453592544
"TRAFD1",1.97478943250358
"SLC35G3",1.97457188641231
"XNDC1N",1.97381015649662
"LRRC75A",1.97299233478465
"RPLP2",1.97217354033901
"EXO5",1.97099803372958
"SNHG17",1.97063259112531
"LOC105379003",1.96996021607465
"PXN",1.96895504181204
"ICAM1",1.9684506812301
"TSR3",1.96692674341873
"AGAP2-AS1",1.96645625007334
"LOC112268148",1.96627854662822
"MED16",1.96581428021606
"HOXA3",1.96570281467147
"AP2M1",1.96537479489903
"GGA1",1.9653485735028
"NUDC",1.96481532106573
"COX6A1",1.96467797791399
"BTBD2",1.96368121162798
"ATP5MC2",1.96291119955005
"KCNT2",1.96228721829996
"TAGAP-AS1",1.96117881055882
"MIF",1.9611713396867
"MIR1-1HG",1.959951037099
"RPUSD2",1.959882631841
"CIITA",1.95987505244434
"CHPF",1.95964883084412
"NUTM2A",1.95824018669894
"CAPNS1",1.95669567033849
"GRIN3A",1.95661429358372
"GAA",1.95497747854865
"FH",1.95492667039655
"C6orf52",1.95172329052897
"SMIM8",1.95110915674675
"RUVBL1",1.95013474425668
"ZNF688",1.95010177514095
"LINC00702",1.94966928062842
"SCRIB",1.94942005554966
"ZNHIT1",1.94740376681208
"CNTNAP1",1.94598275128551
"TOLLIP",1.94471660016873
"PM20D1",1.94383540892507
"GTF2F2",1.94347811528378
"IFTAP",1.94331676772049
"HGF",1.94285590547393
"RNASEH2C",1.94237129574643
"TRG-AS1",1.94208060845093
"RAB9B",1.94187743641467
"SP2-DT",1.94039587290437
"C17orf49",1.93954794499055
"DLSTP1",1.93838483630458
"HSFX1",1.93767436581857
"DDX43",1.93759955702902
"HSFX2",1.93723021005272
"LINC01679",1.93715822141826
"ADGRL1-AS1",1.93715817627942
"A2M-AS1",1.93701976020647
"DNAH5",1.93651082960162
"LOC102723406",1.93602261733363
"ZNF205",1.93472773366315
"RAB11FIP3",1.93465413074502
"RNF181",1.93317502534018
"MIR4761",1.93297795962122
"RCAN1",1.93195917389472
"RPL11",1.93141975469458
"ZNHIT3",1.93052644877741
"PHLDA3",1.92939633371799
"RPS3",1.92912356013129
"SLC12A7",1.92851810879193
"LRRC61",1.92782941951943
"RBMX2",1.92731033641951
"YIF1A",1.92647678440873
"LOC101928466",1.92504716449649
"ARHGEF9",1.92483802213806
"FHDC1",1.92473442950754
"ACTR5",1.92466995298997
"PARP2",1.92395071092438
"FBXW5",1.92385353026669
"CRNKL1",1.92367373977005
"RPS4X",1.92324459724287
"PRR14",1.92292833641497
"LOC730183",1.9228779087449
"FAM20A",1.92167197475883
"RBM20",1.92118786340093
"POLR2L",1.92109214082634
"SCTR-AS1",1.92079215609459
"ATF7IP2",1.92031734668803
"CHST12",1.92017439293371
"FAM149B1",1.91884783490032
"CDCA7L",1.91780248482157
"CFAP300",1.91743654383639
"TRIM55",1.91669585593432
"MSH3",1.91460100635801
"PKD1P1",1.91457340637662
"RPS28",1.91453876705201
"ATP5F1A",1.91446830363372
"PDCD6",1.91084696074153
"CD151",1.91045772058157
"HOXA-AS2",1.91034571144005
"CCDC12",1.91027734504027
"FBXL6",1.9101293842031
"LCMT2",1.90983886206875
"LOC105374634",1.9097848980234
"SPSB2",1.90933695987276
"LOC388436",1.90890056477722
"LOC100129034",1.90751382152875
"RFX1",1.90722523425068
"AGT",1.90382458403157
"DUSP2",1.90363766704289
"PNPO",1.90199883963366
"LINC01355",1.90174029899839
"SLC6A16",1.90149483378206
"LINC01535",1.90083682819556
"RAB3A",1.90076675995452
"DPY19L1P2",1.90035366091202
"PPP2R3B",1.90014244090536
"ROGDI",1.89999211261704
"WDR70",1.89926325371971
"ZSCAN16-AS1",1.89784032483489
"RUNX1T1",1.89660715106499
"MICOS10-NBL1",1.89633009639665
"LOC105372321",1.8952867931372
"LRRC20",1.89420514812066
"SNAI1",1.89388428774992
"UBXN11",1.89161804662325
"CYB5R2",1.89092120253015
"DBN1",1.89071806928451
"CD40",1.89056887155989
"CD200R1",1.8904612236935
"LOC107986876",1.89036349906618
"LEPROTL1",1.89027165463375
"RPL3",1.88895872240156
"ATP1A3",1.88881171044552
"XPR1",1.88849664587867
"JAZF1",1.88692006496948
"POU6F1",1.88680899392387
"KLHDC8B",1.88668779117293
"LOC107985004",1.8863221685917
"A1BG",1.88590205883693
"MYG1",1.88584918088023
"LINC02202",1.8857618547994
"AS3MT",1.88519802539726
"EIF1",1.88481425958298
"TSC1",1.8835928902852
"CCNA2",1.88336159813255
"LOC101927445",1.88321092071798
"H2AX",1.88204714495286
"SYNGR1",1.88134954001059
"BET1L",1.88118756499724
"AMACR",1.88105729414163
"GRINA",1.88072341118487
"ANKRD42",1.88071974987115
"SDHAF4",1.8804682041773
"NTHL1",1.88037467762571
"RIC8A",1.88013923264371
"SLC17A7",1.87657418470995
"GLP1R",1.87642730470202
"LOC100129203",1.87641229428595
"HRAS",1.8760143894008
"LOC107984826",1.87577197160948
"ZNF785",1.87548279602314
"LOC102724262",1.87538902837576
"MED15",1.87284393742226
"FAM66B",1.87227133530685
"OAZ1",1.87027456981962
"FAM88C",1.86989315454136
"SDHA",1.86941855441097
"DUT",1.86879114821341
"MDM4",1.86785837527476
"RPL13",1.86785126311866
"FLYWCH2",1.86714841241511
"TNPO2",1.86689157034506
"NOTCH1",1.86671919591074
"C6orf226",1.86628487165152
"BORCS6",1.86561943642391
"SULT1C2",1.8651867047894
"AIG1",1.86491911810803
"NBDY",1.86479717657627
"HSD11B1L",1.86444235268362
"KCNG2",1.86364051274937
"MTLN",1.86217823650237
"THRSP",1.86148203476003
"OXTR",1.86114171438641
"WDR73",1.86029537246678
"PABPC4L",1.86024598879396
"LOC283731",1.85995750972054
"ESRP2",1.85968207165951
"GPR3",1.85944819237341
"NOC4L",1.85941904771018
"RNF208",1.85784530619019
"DERL3",1.85759533528443
"KLF8",1.85751005434809
"ZNF563",1.85591621078972
"KLHL4",1.85537389946591
"MAGI2",1.8550670557292
"FRAS1",1.85410169825656
"LOC112268048",1.85381053860014
"TBC1D3F",1.85271722904698
"COPE",1.85270822608636
"RPL38",1.8514687834097
"S100A6",1.85112694847594
"LINC01521",1.84992077748606
"VCP",1.84984814509366
"PDIA3P1",1.84945276465932
"DGKZ",1.84934062784865
"DTYMK",1.84843896420911
"LOC102723340",1.84468940481991
"THAP3",1.84423063941839
"ITPR3-AS1",1.84347397503828
"FJX1",1.84324892863729
"VLDLR-AS1",1.84175779331458
"VAC14",1.84161876187678
"PJVK",1.84130995088172
"LOC101927610",1.8398794770849
"LURAP1",1.83953461576318
"SPEG",1.8393032656219
"NRSN2-AS1",1.83915810602873
"TMEM161A",1.83889523334473
"F8A3",1.83855867533895
"NT5C2",1.83837114228951
"ACOT2",1.83831804721198
"SH3YL1",1.83806826833628
"VOPP1",1.8375879942292
"PRKACA",1.83753437171964
"CPSF1",1.83631718734038
"MYBPC3",1.83603711225531
"NR2C2AP",1.83563082293583
"LOC107987063",1.83522438194526
"CCDC178",1.83472175118727
"ZNF410",1.83378707614439
"HDAC2",1.83366934002482
"MIR4721",1.83311871869633
"DAB2",1.83112868427536
"TMEM72-AS1",1.83090165135535
"CD300LB",1.83022806905993
"BRD3",1.82990492201264
"LRRN2",1.82947786318023
"ALKBH6",1.82854162165281
"MAP1S",1.82809966227449
"LOC101928373",1.82790047688176
"ARL2-SNX15",1.82780052387409
"LOC107985291",1.82739946833604
"GATA4",1.82480230371788
"MYO5B",1.82457494954506
"RPL19",1.82389056200916
"ODF2L",1.82338577735885
"SLX1B-SULT1A4",1.82274584039261
"PODNL1",1.82223818891182
"BRD8",1.82196571343547
"AHSA1",1.82028941322005
"CNPPD1",1.81894478271617
"THTPA",1.8165340709568
"BOLA1",1.81645914361483
"ODAD3",1.81474508731752
"PARM1",1.81438833319455
"KMT2A",1.81427061568821
"B4GAT1",1.81398231618439
"PIGT",1.80896257230088
"PCDHB16",1.80820132580547
"LOC100126584",1.8081417298451
"COQ5",1.80773511784619
"PKD1P6-NPIPP1",1.80730339842386
"LIAS",1.80726855241469
"LOC400464",1.80623595015577
"LOC105371430",1.80599833610367
"CHEK1",1.80464713780356
"ABAT",1.80447312488062
"SNHG14",1.80434362671811
"SPRED2",1.80356097913118
"LINC02352",1.80306650346665
"COPRS",1.80169386375488
"ZFY-AS1",1.80161530952728
"PEX16",1.80142356122916
"GHRLOS",1.80126310401378
"RPS19",1.80012156070082
"SLC5A10",1.79988226130663
"PRKD1",1.7997263849909
"BAHCC1",1.79940933518703
"ELL3",1.79893143804071
"LOC101928409",1.79816589554748
"VIP",1.79693132720448
"LOC105370569",1.79683617253605
"DNASE2",1.7966553983413
"LOC112268466",1.79476088764991
"PSIP1",1.79355187260126
"ATP8A1",1.79206302654373
"DFFB",1.79033141353339
"SLX1A-SULT1A3",1.78956072347861
"ATG4B",1.78930086423373
"TTC41P",1.78755633890444
"SPR",1.78746775214731
"GAS5-AS1",1.78650926268687
"YARS2",1.78563326446438
"LOC101929555",1.78489587780373
"PCBP2-OT1",1.78380280903942
"CCAR2",1.78287545112624
"MSRB3-AS1",1.78128948427683
"LOC101927045",1.78081455955762
"ECI1",1.77846095661317
"LOC105372282",1.77659849385957
"LOC105376794",1.77573654398816
"ACTG1",1.77480068811133
"PAPSS1",1.77397096641878
"PPP1R21",1.77196580986542
"SCAND1",1.77190904677877
"ALAS1",1.77179372250622
"BIN2",1.77161200070609
"MEA1",1.77154266987532
"RBM14-RBM4",1.77088350900264
"MIR1184-3",1.76964094640512
"LOC100507403",1.76933132871779
"SMIM10L1",1.76902111567796
"UBQLN2",1.76638639627527
"PPIC-AS1",1.76498376755942
"OIP5",1.76483223512219
"FBL",1.76319048722469
"SARNP",1.76316260014286
"P2RY11",1.76307416804444
"LARP4B",1.76231883171646
"GTPBP3",1.7622658065681
"RNA5-8SN4",1.76214752694111
"LOC105374010",1.76121288462113
"LOC107986649",1.7588099863288
"MMAB",1.75864149522365
"LOC105375489",1.75724811656836
"C9orf40",1.75654086092131
"PRDX4",1.7564722998682
"PUF60",1.75568076145092
"ZNF581",1.75514601669142
"SLC29A4",1.75500397676067
"E4F1",1.75389704401406
"STRADA",1.75376043142051
"DNPEP",1.75335275940414
"MRPS21",1.7532930526616
"TCF19",1.75293974776116
"CYGB",1.75101371975907
"RPL35",1.74997917462443
"UBE2O",1.74820983388528
"ZNHIT2",1.7461070349482
"SHARPIN",1.74569838698208
"MST1P2",1.74535986860353
"LIMK2",1.74466138239689
"TRI-AAT4-1",1.74405414289858
"COPS6",1.74339277405381
"LOC105372323",1.74288019899967
"RAB4B",1.74276388205123
"MIRLET7BHG",1.74079734901692
"STK33",1.74047030726348
"ADIRF",1.74040597042506
"SYT15B",1.74012785857744
"TMEM241",1.74012609821604
"CALB1",1.7395532109429
"ZNF549",1.73942403994789
"CDK5",1.73850958092134
"CDK9",1.73812950661017
"LOC101929732",1.73740943508111
"NUBP2",1.73691219919448
"PEBP1",1.73545407131009
"FRRS1",1.7350129887787
"LOC103021295",1.73422384748325
"IQCH-AS1",1.7332420527082
"LOC101929534",1.7324440509879
"PPM1H",1.73125489392542
"SNHG19",1.73111148021493
"LOC105371307",1.73063439890921
"DYNLRB1",1.73043095527276
"TBC1D3C",1.73013962780989
"LOC105376754",1.73001174420639
"HOXB2",1.72999175450149
"SOD1",1.72965233819039
"CCDC88B",1.72928082694577
"KRTCAP2",1.72860483998791
"VPS18",1.72831328696071
"LINC01503",1.72777981241881
"HLA-L",1.72740239844301
"ZNF461",1.7268182265247
"POMC",1.72532640203353
"RPS27A",1.72402815804202
"NAXD",1.72338149835116
"RNA5-8SN3",1.7218375111803
"LOC102724479",1.72065798931905
"RUBCNL",1.7191364592225
"BSCL2",1.71815357747819
"LOC101927145",1.71618841339367
"LOC105371427",1.71581235346508
"C14orf93",1.7131466213215
"MIF-AS1",1.71295039567787
"CFAP73",1.71217522949534
"DIRC3",1.70991753656811
"ZNF396",1.70934692345197
"CD79B",1.7085543195539
"POLD2",1.70853871245659
"TSC22D4",1.70825573696953
"LOC102723638",1.70695682062389
"GNG5",1.70691139376257
"NUP188",1.70659539811139
"HCG4B",1.70596240608722
"C22orf15",1.70532205388545
"GALNT8",1.70514237142254
"ITPR1-DT",1.70461408627035
"HOXA4",1.70455880602569
"MROH8",1.70434105413195
"VARS2",1.70414298411278
"STX18",1.70345571174943
"DHFR2",1.70256894028694
"RPL27A",1.70236914110218
"LNCOC1",1.700817597669
"SLC66A2",1.70024964282809
"LINC02067",1.69961552741008
"CIC",1.69809101281865
"BMP8B",1.69788973634203
"LCA5L",1.69741474487921
"NFS1",1.69729323752975
"MED26",1.69470339080241
"GDF9",1.69455238889102
"KBTBD7",1.69406620950604
"ZNF672",1.69337219668206
"LOC107984591",1.69308962148942
"TH2LCRR",1.69253919273569
"PCDH7",1.69238773390716
"LRRC53",1.69167319288802
"SCNM1",1.69097274311012
"CNN3",1.6906673069875
"LOC105377543",1.68814532550058
"ZP3",1.68801327537952
"RPL31",1.68765117568254
"DOCK1",1.68748620581281
"FAM174B",1.68748060229614
"TYROBP",1.68745033718178
"LOC112268219",1.68704993424428
"MYORG",1.68574271856839
"TSPAN6",1.68536709206442
"AVPR1A",1.68332050857841
"GNB5",1.68272525818085
"ARF5",1.68177028490083
"EPDR1",1.68168433597669
"HSPA4L",1.68144840961411
"ACP6",1.68079892044167
"PTCD1",1.68014015936457
"ADSS1",1.67899290592421
"MAP3K12",1.67694428641286
"LOC101059906",1.67630314884638
"KRBOX1",1.67623710901755
"EEF1A2",1.6732697484679
"C10orf55",1.67319974995999
"MTUS1-DT",1.67248473215985
"STX1A",1.67237074723303
"NUTM2D",1.67214547449801
"SYNM",1.66948053282737
"LINC02009",1.66914255792924
"AURKAIP1",1.66849059136819
"SLC4A11",1.66838943413384
"FRG1BP",1.66805855673106
"CMBL",1.66754665846265
"LOC101928317",1.66489439016872
"MRPS2",1.66485331836098
"NDUFS3",1.66428796447288
"RPLP1",1.66326421939124
"LOC105373387",1.6631630707937
"MROH6",1.66270008802517
"CTBP1-AS",1.66255927195351
"TENM1",1.66164579564553
"LOC105375216",1.66086650943627
"ATF5",1.66021058716811
"RPL13A",1.66013933479408
"CYSLTR2",1.65961329414218
"SEC22A",1.65889339786772
"SLC30A3",1.6574950208864
"AADAT",1.65641714438544
"TELO2",1.65612504039712
"LINC01629",1.65443519402931
"B3GNT8",1.65442646066293
"CEP290",1.65419331257378
"B3GALT9",1.65278137638547
"HACD4",1.65176605661701
"CORO1B",1.65159215907072
"MYO1F",1.64967287367066
"TMEM198B",1.64911822554381
"TLE4",1.64872419151444
"PRPF31",1.64856668648155
"LOC102724142",1.64834555979762
"ITPA",1.64830305922886
"RPL34",1.6468483835901
"ZNF90",1.64574710516353
"PPARD",1.64530927847785
"TRUB2",1.64440211613424
"SAMD14",1.64401741806212
"MSX1",1.64332535829836
"FRMD4B",1.64332473822447
"SCAI",1.64241112895804
"PRRT3-AS1",1.64149900924507
"BCL2",1.64072039143545
"CIAO3",1.64009429206422
"SEC22B4P",1.63815217829302
"COX7A1",1.63702766260951
"TMCO6",1.63476069415666
"MAPK11",1.63418974709693
"LOC105378473",1.63406666884279
"NOP56",1.63251934804048
"PEX14",1.63086376836019
"LOC102724843",1.63075531443981
"ZNF426",1.63036081157669
"LOC101929703",1.62960995175243
"RHBDD3",1.62904759579165
"TMCO3",1.62894527650842
"PCGF2",1.62792072292577
"HNRNPL",1.62762814951674
"GAPDHS",1.6267212203731
"CCNI",1.62671604722004
"RPS20",1.62641206638884
"TCF7L2",1.62577237522859
"B4GALNT3",1.62522891782126
"LSM4",1.62406844236339
"AKAP5",1.62400673241989
"GALNT14",1.62301760298046
"CEP57",1.62268839224983
"LOC112268234",1.6209659233363
"RANBP1",1.61928952397623
"TRIM65",1.61883634260604
"GAS5",1.61663276606669
"TBX2",1.61569925276955
"CDC42BPG",1.61502920069332
"SLC4A1AP",1.61494084517553
"KCNJ5-AS1",1.61487211328292
"GOLGA8M",1.61478209520863
"GSTT2",1.61339633786747
"FOXRED1",1.61285201151883
"TMC7",1.61277049810155
"SPON1",1.61263481496103
"DCXR",1.61025814845431
"LOC105378035",1.60936055650188
"ESRRB",1.60921291785463
"MRM1",1.60796558482768
"SUPT5H",1.60752908452893
"PLXND1",1.60620937179197
"NPIPB8",1.60418403596753
"LINC02880",1.6035396774109
"CCL28",1.60314929625351
"NOD1",1.60307045308746
"LOC107987251",1.60232671232007
"TFAP4",1.60118414357316
"MTRNR2L8",1.60099593622042
"POMZP3",1.59980859489915
"TTC23L",1.59933251867204
"MFGE8",1.5976677145203
"NRXN3",1.59747435326054
"TRPM6",1.59608403250137
"VSIG2",1.59591735270221
"MVD",1.59513305858185
"C4orf3",1.59496492569174
"PHETA1",1.5949494862434
"PGAM1",1.59366594094971
"TXNRD2",1.59320233219462
"CRACR2B",1.59169508750798
"RNPS1",1.59166870174179
"LIPC",1.59053453745954
"TBKBP1",1.59015957772287
"ST8SIA4",1.58872825019832
"GSN-AS1",1.58804280776985
"SPRY2",1.5876291537068
"UQCR11",1.587111837756
"ELMOD1",1.58709888240964
"LINC02269",1.58594141665155
"APRG1",1.5853531667802
"ZNF226",1.58527426566752
"MBLAC1",1.58288561568043
"CCDC183-AS1",1.58154165023501
"POLR2E",1.58151695505952
"RPL37",1.57983458617733
"CKS1B",1.57724352803463
"LOC105378841",1.57642596997931
"SYNPO",1.57595365009815
"WDR38",1.57581731065396
"SUMF2",1.57546929448434
"CCDC13",1.5751383572917
"MED11",1.57380500182679
"MED29",1.57238156945816
"ZFY",1.57162265094426
"ADGRB2",1.57068393687142
"ATP6V0D1",1.57036373671896
"STAC3",1.5681390605318
"RPL23A",1.56607962108712
"SRSF12",1.56606717062953
"GSTK1",1.56594923086103
"CDC37",1.56564410071541
"LOC105376810",1.56494073577467
"CDO1",1.56458373094382
"GPC1",1.56451552813689
"RPL37A",1.56183013895277
"SPATA5L1",1.56176782728971
"WFS1",1.56155884755192
"SLC39A13",1.56125746981181
"PSMD4",1.56098716696003
"PDK1",1.5605606602582
"HTR4",1.56001829577343
"STX6",1.55901980167786
"MRPL20-AS1",1.55853195765176
"AKR1A1",1.55795602364597
"RP9P",1.55530466638773
"SNORA103",1.55453263390781
"TMEM140",1.55393595296684
"TNFAIP8L2-SCNM1",1.55311739122042
"TCTN1",1.55298303652007
"MCRIP1",1.55248130385605
"POLR2I",1.55243060814097
"LIFR-AS1",1.55234355157179
"RNASEK-C17orf49",1.55179707804971
"TRIM74",1.55176581120412
"TMEM199",1.55062616049798
"COX4I1",1.55009266286295
"MRPL28",1.54964858441124
"S100PBP",1.54915763137387
"DNAAF10",1.54877015385087
"TMEM18",1.54873102616866
"PPIH",1.54777808768134
"UNC119",1.54692058518578
"L3MBTL2",1.5464825624841
"LOC107984252",1.54433687989488
"DGCR2",1.54251692333889
"DHRS13",1.54237996698976
"JMJD7",1.54236396599207
"STEAP1B-AS1",1.54230902062801
"NT5M",1.54205318950516
"PSMG3",1.54203526116784
"SAXO2",1.54070661896024
"RDH13",1.54067905516356
"H4C15",1.54057219042099
"CTU1",1.5388561222735
"KDM5B",1.53877797588138
"FAAP100",1.5371809177437
"KRT222",1.53691323613192
"MTA1",1.5347182231651
"HGH1",1.53468316657222
"TMSB4X",1.53406237907968
"PTMS",1.53390552245017
"DIPK1B",1.53239158885681
"SLC46A2",1.53219100113448
"LOC105372401",1.53103011203653
"ABCF1-DT",1.52897546162121
"RNF40",1.52888169849974
"SORBS3",1.52839252983461
"DHPS",1.52833634810106
"LOC112268136",1.52826365955343
"HSF1",1.52793787572563
"TBCD",1.52699479497888
"PLP1",1.52698162299693
"TIMM17B",1.52659725125741
"CSRNP3",1.52554826218945
"ZNF117",1.52226870727058
"PGF",1.52222351524782
"SMYD3",1.52037380776649
"ZNF572",1.5202618859211
"RAE1",1.52013015398786
"CLHC1",1.51951595629572
"NAPA",1.5180750823321
"SEPTIN7-DT",1.51729049909898
"RPL10A",1.51584277273929
"LOC112268289",1.51416472147616
"LOC644285",1.51352743901788
"DOCK7",1.51287857444007
"BBS1",1.51142597569807
"BORCS7-ASMT",1.51142258907123
"NUP37",1.51136885089936
"USP40",1.51134557855827
"DNAJA1",1.51074020673697
"NUDT2",1.51034744557716
"ACAA1",1.51007075261647
"NPM3",1.50999463495334
"TRAPPC5",1.5097101191835
"CDR1",1.5096243932964
"LMAN2",1.50837288908443
"LOC105374187",1.50755374104972
"KLF11-DT",1.50739640992203
"ADAMTS17",1.50613499044718
"ESYT3",1.50611777475962
"ZNF626",1.50586684343447
"ATAD3B",1.50413619406766
"ZNF616",1.50387411159562
"ATRIP",1.50336685562678
"CLEC4GP1",1.50093880739569
"B3GALNT1",1.50050080218309
"ZNF282",1.50000237582046
"OLFM2",1.49981685623757
"NAB1",1.49930264455299
"CLCNKB",1.49916028830817
"SLC10A4",1.49908101834722
"LGALS3",1.49877988346374
"LOC107986099",1.49866574283824
"COX6B1",1.49849571089453
"SKIC2",1.49825102494687
"NLGN4Y",1.49655134425809
"EPC1",1.49653808566096
"DYNLT5",1.4958079284991
"RNPEP",1.49577651969048
"HSD17B1-AS1",1.49565676754945
"SNORA25",1.49514914056563
"NOL3",1.49438138647876
"TPM3",1.49407867375293
"COMMD5",1.4935646483149
"MRPS9-AS1",1.49297861652179
"FRMD5",1.49273841979555
"CHCHD2",1.49225807252557
"PFDN4",1.49209007064931
"WSB1",1.49027995384925
"DXO",1.48883448106894
"SOGA3",1.48827346018379
"LOC107984839",1.488038975355
"TMEM259",1.48743792577369
"BLCAP",1.48687104321875
"DDHD1",1.48653962636247
"PTCD3",1.48605649955518
"EBF2",1.48581003599492
"CHMP5",1.4857217802995
"PARK7",1.48570645401772
"ARL1",1.48492246987666
"GLB1",1.48422757809029
"TP53I13",1.48399480480983
"RWDD3-DT",1.48258141305212
"MVB12A",1.48224412452407
"SARAF",1.48130982309972
"OBSL1",1.48119723637246
"HELB",1.48110428253313
"LOC105374985",1.48087342306142
"NOPCHAP1",1.48058853884413
"HNRNPM",1.48042412005099
"MMP24",1.47952761200197
"SPATA2L",1.47943093166609
"HTR7P1",1.47863196399196
"MCAT",1.47816546932253
"RHOC",1.47732437982369
"ACADL",1.47720061377417
"LOC105371382",1.47529398296382
"AGMO",1.47462314160898
"SNORD14D",1.47446402678139
"RAVER1",1.47435167247633
"ZBED5-AS1",1.47432714235959
"KCNJ2-AS1",1.47338679648744
"EBPL",1.47290447375105
"MED12",1.47218400779896
"THAP4",1.47206366282723
"SLC25A35",1.47163612458268
"PRKCZ-AS1",1.47158817922425
"DDX49",1.47045032562467
"CELSR3",1.46930384496623
"CENPU",1.46924087575976
"ULK1",1.46913306244515
"IL4I1",1.46826518514192
"ANP32B",1.4676307411259
"ORAI3",1.46726991026919
"EEF1AKMT1",1.46621423170001
"GFPT1",1.46597935114725
"SOX11",1.46595232512969
"NPIPB13",1.46527029098962
"CC2D1A",1.46488918272423
"GOLGA2P7",1.4646574905321
"SAMD9",1.46454099043326
"LY86",1.46445569770238
"THAP6",1.46403241091355
"MPG",1.46337526562539
"LOC107984281",1.46212497531801
"UQCRBP1",1.46175280170362
"LOX",1.46107909583416
"PSMF1",1.4592597817472
"MATCAP1",1.45908493722032
"GDAP1L1",1.45876734817933
"DPM2",1.45849309469946
"RERE-AS1",1.45835950919793
"ALDH3B1",1.45736602688975
"ZNF521",1.45633992867201
"GRIPAP1",1.45610907088153
"DMTN",1.4557535156118
"PCF11-AS1",1.45557601445154
"ZSCAN31",1.45465471038075
"TRIM39-RPP21",1.45320625246936
"NARF-AS2",1.45232946741134
"TRIM66",1.45228519960995
"DDX12P",1.45210615301281
"UAP1L1",1.45110186759625
"PARP11",1.45074805169016
"SLC1A2",1.44987258109489
"GLRB",1.44904235371976
"STS",1.44845229227751
"ZBTB10",1.44831342058855
"HLA-F-AS1",1.44733936304233
"ASCC3",1.4471795859038
"RPL18A",1.44665941901758
"IMMP2L",1.44655148358828
"ERV3-1-ZNF117",1.44654283747571
"CNGA1",1.44631849296052
"LOC101929319",1.44586648658909
"LOC107986986",1.44574012196257
"UBL5",1.44481269959347
"LOC102725051",1.44384534549624
"LOC107985200",1.44282255299921
"RNFT2",1.442555377717
"NUPR1",1.44202145935112
"ZC3HAV1",1.4415072638162
"DUSP12",1.44149986111082
"ANKRD13B",1.44149165200292
"SLC26A7",1.44140268749747
"SLC35C2",1.44099609309969
"LOC105377920",1.44037892741373
"HHIPL2",1.43738585518793
"FRA10AC1",1.43735986313312
"RPL13AP5",1.43699814019905
"MEN1",1.43696185262445
"KIF15",1.43523296987703
"TRAPPC1",1.43502119324316
"APOL3",1.43466642720379
"FBXW4",1.43454051440783
"CDKL3",1.4321595924669
"STX5",1.43175497319848
"TTF2",1.43108018406858
"LOC102725238",1.43075121450836
"ILVBL",1.43015029338016
"TBC1D9",1.4299517349924
"B3GALT6",1.42949666656955
"CXorf65",1.42873659233984
"NPR2",1.42690593422169
"LOC105373585",1.42649506993184
"CLIC3",1.42627595027584
"MTRFR",1.42485084709561
"N4BP2L2",1.42476189461496
"NRXN1",1.4227248655478
"LRRC34",1.42223671718656
"ATP13A1",1.42202654757708
"NTMT1",1.42127215476754
"NDUFS6",1.42066562909672
"ZBTB37",1.42059001403337
"ASB5",1.4205145314226
"LOC102724916",1.41887233823646
"BABAM1",1.41821981329863
"LOC105374298",1.41808354094454
"SPEN-AS1",1.4179275505411
"LOC105372859",1.41669155484445
"RICTOR",1.4166787071979
"SIPA1",1.41602313811019
"MT1L",1.41600765822684
"BCKDK",1.41537852845473
"DGKG",1.41535844687732
"PRRC2A",1.41487913295841
"CCDC137",1.41475663401746
"CABIN1",1.4139171160312
"GALNT18",1.41390188973193
"FMC1",1.41369578174677
"NDUFS4",1.41352626070437
"PRKACB",1.41262837873605
"TMEM258",1.41258897172016
"MR1",1.41252155311406
"ANKRD54",1.41242471274673
"SPTLC3",1.41116145662543
"CORO7",1.41102789853971
"LOC107984643",1.40995542576933
"KIAA0408",1.40959923716944
"NUTM2B-AS1",1.40908221797907
"SNAPIN",1.40848424441488
"CRTAC1",1.40847942049988
"LOC101928180",1.40810126209208
"ATP6V1D",1.40809006189246
"AK1",1.40783935409627
"MIR3936HG",1.40781630334398
"PGM5P3-AS1",1.40730151780594
"RPAP1",1.40721018404861
"PCDHA10",1.4055137620038
"NDUFB4",1.40367627422179
"ZCCHC17",1.40198262018652
"LOC105376963",1.40159213838912
"ZNF782",1.40154107730987
"DOCK8-AS2",1.40082516320652
"WDR87BP",1.40036085526172
"SMG5",1.40009740433287
"UTP25",1.40006383378022
"NF1",1.39968512550781
"CRB2",1.39930455485959
"TRPC3",1.39907336097227
"STK16",1.39844949659802
"ETHE1",1.39771337053657
"WDFY4",1.39699203328917
"CDIP1",1.39620032507436
"ID4",1.39509081324969
"SLC25A1",1.39436422350476
"MALL",1.39372462861689
"MT1HL1",1.3934937272819
"NUDT22",1.39322779291648
"ZBTB17",1.3929148823607
"FUZ",1.39213811230257
"MRPS9",1.39134347299418
"NAV3",1.39094713111932
"TIMM29",1.39081547043298
"PTGR2",1.3907752700815
"HEXD",1.39026985891464
"RAP2B",1.39001254958721
"RAB1B",1.3896352367137
"ATRIP-TREX1",1.38939281583319
"LOC105378539",1.38872046911793
"KIZ",1.38813342546078
"SEL1L2",1.38583229527875
"ARFGAP2",1.38467887564003
"HNRNPD-DT",1.38461454394476
"MSH5",1.38425478759392
"STUB1",1.38420021919343
"SYT2",1.38369028885606
"PDXP",1.38240710401874
"CLDN9",1.3821556761351
"DCAF15",1.38106247085409
"TSTD3",1.37965576481888
"LTO1",1.37936412933929
"SLC9A5",1.37890136392585
"ISOC2",1.3783157832191
"TBC1D3G",1.37753885381212
"SZT2-AS1",1.37751334103786
"SCN8A",1.37587785553822
"TSSC4",1.37411570733175
"ANAPC15",1.37404686983414
"VMAC",1.37326297864045
"LINC00680-GUSBP4",1.37286715117051
"LOC105371059",1.37276747759564
"MED19",1.37210181171622
"TBX1",1.37199831359434
"SPATA7",1.37093643208248
"LOC101929718",1.37048417910428
"DPY19L2P1",1.36965965785326
"RFLNB",1.3685077771766
"FAM27E3",1.36841171895348
"MUSTN1",1.36718797033443
"COX7A2",1.36665950288395
"FKBP9",1.36659046393836
"TRUB1",1.36605230794919
"RNF123",1.36603131007307
"FNTB",1.36594196547608
"RNASEK",1.36392890981933
"TTC9C",1.36362659146616
"HOTAIRM1",1.36317256039315
"NUDT9P1",1.36285738809235
"PRDX5",1.36277453372454
"TMEM184B",1.36275187241847
"MVB12B",1.36260967141631
"LOC606724",1.3626088306223
"NAPRT",1.36230333780651
"IL20RB",1.361929438429
"DDB2",1.36145482302676
"LOC101928953",1.36119676918502
"LARS2",1.36033627491642
"ZC3H3",1.36019594536666
"DCTN6",1.35873142604499
"EPHX1",1.35743497196792
"MLXIP",1.35732962896649
"TPRA1",1.35691032635557
"FAM27E4",1.35605064210868
"AP2B1",1.35550262301404
"RASA4CP",1.35361984076953
"SLC35A1",1.35333191741934
"OCIAD1",1.3532769296817
"ZNF710-AS1",1.35265864558972
"GATB",1.35178006206156
"CENATAC",1.35050347155354
"SF3B6",1.35048464394527
"MSRB1",1.35029273730876
"ZNF394",1.34972211136329
"NPHP3",1.34873013853602
"LOC112267985",1.34787576762253
"PNKP",1.3470499687406
"ICA1",1.34652555460631
"SCLY",1.34620472628148
"SMIM20",1.34615210936703
"YLPM1",1.34600449908692
"ANKRD39",1.34567461001665
"IQCH",1.34567356357452
"SNORA10",1.34555997248539
"LOC646762",1.34549292227475
"OSBPL6",1.34546022906324
"SAFB2",1.34509848702903
"C2",1.34503629330112
"JUNB",1.34371634421155
"KIAA1107",1.34359752872948
"FAM88D",1.34324262472496
"F2RL1",1.34307304312309
"NEK6",1.34230981357281
"LOC105376922",1.34053688516411
"CCDC106",1.33867361015864
"SNORA100",1.33866676396467
"CPT2",1.33849556726606
"UQCC3",1.33790666462865
"LOC112268144",1.33716474613925
"GOLGA2P10",1.33620506452174
"SLC2A1-DT",1.33608821677914
"LINC02455",1.33576639624891
"LOC110091768",1.33472088390816
"RORA-AS1",1.33444003468081
"ARHGAP27P1",1.33420212347914
"SKP1",1.33391013807267
"CORO2A",1.33362200504513
"ADAM20",1.33349645272482
"TSPO",1.33281887473238
"PRPF38A",1.33278697464907
"TRPT1",1.33224421835685
"MGST2",1.33207052509297
"FASTK",1.33168259469465
"SPATA17",1.33122819147816
"PARP9",1.32950345616079
"STIM1",1.32882916944723
"LOC100507053",1.32860745836841
"GSTT2B",1.32790355307606
"SCAMP1-AS1",1.32558478969274
"SOCS1",1.32542485272434
"NFIX",1.32525779370263
"ARMH4",1.32511367773033
"CDC25A",1.32462213490813
"PI4K2A",1.3243719215752
"RPL23",1.32368419706958
"SNAPC4",1.32353438745891
"LOC729737",1.32342795891194
"ACIN1",1.32313416626144
"TRAPPC4",1.32212648698583
"ZNF665",1.32146431635256
"VPS16",1.32131132894303
"SKP2",1.32130476047522
"UBXN1",1.32122550919449
"UBA52",1.32119719335638
"THAP10",1.32062354332452
"NPC2",1.31823230500553
"DST",1.3175141730798
"CMPK2",1.31672490269432
"SLC9A9",1.31663802370333
"ST20",1.31663200947802
"SRM",1.31656267464632
"RPL5",1.31580392522725
"PPP2CA",1.3156771365805
"MIR4658",1.31554631639868
"MICOS13",1.31532152283237
"LOC105370297",1.31483095240344
"DLST",1.31283948514385
"SPHKAP",1.31252900676443
"LINC02268",1.31173968458593
"PPP4R3B-DT",1.3113148831745
"KDM6B",1.31083983407096
"NAT9",1.31037643121336
"ASB6",1.31010683942726
"TMEM9B-AS1",1.30970454810012
"LOC105378570",1.30925878171862
"ZFAND2B",1.30900338052319
"CCDC157",1.3086896715594
"RIN1",1.30850728663448
"MRPL4",1.30795910449767
"RPL24",1.30738349017736
"MPV17L",1.30717716562984
"HPRT1",1.30696481170598
"H2AC6",1.30680597434801
"ALOX12",1.30573728500092
"SURF2",1.30542745135767
"RAD9A",1.30487874115037
"PLEC",1.30467718192177
"WNT3",1.30237419726838
"MROH1",1.30208369363038
"HSD17B1",1.30174417398033
"ZNF707",1.29987415050829
"SLC10A5",1.29809599500542
"LIMK1",1.29696650442605
"ETV1",1.29616581973687
"CNP",1.29571266231341
"PTPRD",1.29414024937072
"ZNF460",1.29193721316838
"LOC105371230",1.29136190637232
"POLRMT",1.29128370764646
"ADAT3",1.28966710220393
"GSPT2",1.28942586808464
"ACAP3",1.28911912734176
"ARHGEF1",1.28576313553399
"JMJD8",1.28515383156335
"CLCN6",1.28373024592406
"SUMO1P3",1.28303075130906
"CNTRL",1.28268880382393
"ST6GALNAC6",1.28248032537443
"LOC107986997",1.28233147774643
"TUBA4A",1.281622853063
"UBAP1L",1.28059911585967
"NDUFC1",1.28052046463779
"NSD2",1.27907964839232
"LOC107985057",1.27890774224068
"KRI1",1.27712451450995
"LOC107987373",1.27564268783187
"HGS",1.27517021050447
"FBXL15",1.27513057767155
"MRM3",1.27388436102405
"RPL34-DT",1.27385634988129
"DDX11-AS1",1.27215589103862
"TIGD4",1.27202977502631
"CA5BP1",1.27148874813878
"MYO18A",1.27124788708541
"AIFM3",1.26980709671334
"LOC105372602",1.26914457046504
"RWDD2A",1.26834405238202
"TOR3A",1.2681273055093
"A4GALT",1.26789383088127
"B4GALT1-AS1",1.26773706084678
"MIR10393",1.26753978704848
"RPS21",1.26695322472898
"FANCA",1.26621169227417
"CLN6",1.2648147022813
"GPRC5D-AS1",1.2646145688377
"FBXO48",1.26338964187632
"TMEM25",1.26328162096775
"LRRK1",1.26260719006542
"MRPL38",1.26204655254506
"GOLGA8K",1.26191997754277
"ASB9",1.261234506524
"ZNF214",1.25841089027307
"TRIM4",1.25808919398604
"TMEM147-AS1",1.25674338789712
"NXF3",1.25629593201852
"PLPP6",1.25596807652852
"H2BP2",1.25402340446382
"MT1E",1.25192990534865
"ZNF593",1.25178615258747
"GMPPA",1.25165428433146
"TCF12-DT",1.25130483138113
"UBE2Q2",1.2510684174346
"FLJ37201",1.25080342966902
"RPL29",1.25044318661611
"XPNPEP1",1.2499556376099
"PGM3",1.24988732368838
"MIR1282",1.24889685854027
"VANGL2",1.24859706014401
"CYP26B1",1.24810008534094
"ERH",1.24700741064584
"PGAM2",1.24617287067774
"SPINK1",1.24505768479255
"FRAT2",1.24234716020021
"NMI",1.2414443082934
"MRPL41",1.2406151700824
"ZNF132",1.24046754632465
"IGBP1",1.24012582444534
"PCNX4",1.24005057627591
"CDC16",1.23964722134738
"MAEA",1.23948389289897
"CIZ1",1.23782661856442
"HNMT",1.23678077292725
"AGPAT2",1.23565971112335
"MIR635",1.23553543693091
"TPST1",1.23548745270304
"SIAH1",1.23498758685095
"NUTF2",1.23401061945595
"SNORA105A",1.23326132413152
"USP41",1.23265641716863
"PLXNA3",1.23166922511232
"FAM13C",1.23129145959186
"NRROS",1.2307301503937
"ATP5F1E",1.23049861354481
"CARD19",1.22981786195788
"TBL3",1.22944695737904
"GADD45GIP1",1.22902063328638
"TTC4",1.22832623385741
"CYBA",1.22818531271408
"RNF217",1.22499960989287
"MIR133A1HG",1.2247224166261
"PPP1R13L",1.22433437017032
"RPA3",1.22395502314013
"TMEM14C",1.22337628157699
"MFSD3",1.22185274612018
"DENND2B",1.22123956250832
"PTGES2",1.22102964204495
"AP4B1-AS1",1.22095586722412
"LIX1L",1.22024920162846
"TMEM60",1.21988856466662
"SCO2",1.21970277075471
"CASP10",1.21831494224953
"LOC112268055",1.21683674772037
"GRK3",1.21553235980963
"TRPA1",1.21529754596747
"APOO",1.21524726056556
"GPC2",1.21491387956613
"ASL",1.21366481970214
"STIM2",1.21354309162974
"LOC105373102",1.21308645854826
"CTDSP1",1.21246082704274
"FABP3",1.21218114075236
"LSR",1.21179162440225
"CD34",1.21070052339263
"ZNF358",1.21043808704615
"RPS14P3",1.20987106818578
"EFCAB13-DT",1.20943665222977
"ARHGAP30",1.20938102179639
"LINC00997",1.20788624896159
"RPL32",1.2075872551427
"TUBGCP2",1.2074742263268
"RIIAD1",1.20734490515173
"RNF115",1.20731591193314
"DNM1P46",1.20651374446945
"ZNF816",1.20629424259722
"UCKL1",1.20481893249222
"ZNF709",1.20469148056692
"NOL9",1.20424722251508
"LOC102723630",1.20245790122974
"GSTO1",1.20238289707454
"LYPD6",1.20223783251954
"MIR6073",1.20215614423776
"MIR6859-3",1.2019446216464
"NELFB",1.20180424005364
"LOC101928728",1.19987923132037
"FIS1",1.19984608329401
"PLOD3",1.19983168192556
"TP53TG1",1.19951937157626
"KLHL40",1.19934818183683
"SLC16A13",1.19850393387866
"CEP95",1.19715738836326
"LOC105371277",1.19612950751374
"MRPL17",1.19387776522293
"SPINK5",1.19274389598611
"SULT1A2",1.19229421897596
"TP53INP2",1.19208779461949
"CSKMT",1.19206486844206
"GPRC5D",1.19136561303459
"GNB2",1.19101558595363
"LOC107987209",1.18949585236675
"RCBTB2",1.18773915162838
"KRT10",1.18718530941527
"PCDHB12",1.18708904944018
"AGAP11",1.18686617604283
"TTLL11",1.18685974499477
"RPL10",1.18624572176435
"DGUOK-AS1",1.1862404002744
"EXOSC5",1.1848033157374
"NLGN2",1.18448184657015
"EPB41",1.18432480535416
"LINC01515",1.18373042751108
"OCLN",1.18361358756407
"MANBAL",1.18322505113036
"ZNF8-DT",1.18168690092038
"CBX6",1.17872606050485
"GGACT",1.17851980778056
"MVK",1.17797424522578
"MAP3K3",1.17768666956774
"SLX9",1.17602200801542
"LOC100506730",1.17375983899035
"ZNF30",1.17318594211539
"ZNF415",1.17178700356689
"CCDC124",1.17156401798787
"ZBED3",1.171050920236
"CABP7",1.16889013415579
"RPS18",1.16884814440442
"NCOR2",1.16882732666716
"ZNF160",1.16859701342826
"SNRPD2",1.16804657927007
"GAK",1.16777274471897
"SDHAP1",1.16607243584345
"LOC101929174",1.16582026164514
"HSPA12B",1.16259122145407
"HOXD4",1.1595168166659
"PXDC1",1.15890857119856
"TAP1",1.1587725495617
"CPEB3",1.15783330376878
"CWC22",1.15510055341465
"LOC642361",1.15460089444244
"ACTR3B",1.15447199131326
"LIG3",1.15402413438527
"TCEAL3",1.15390702957203
"SLC41A2",1.15327629844287
"PRORSD1P",1.15317479041146
"ENO3",1.15209830314227
"NUP93",1.15129178811308
"LINC00639",1.15038256207971
"LPCAT1",1.15016442451744
"ANO8",1.14967214612062
"LRRC70",1.14891535667254
"MBOAT1",1.14871688324748
"ZNF547",1.14857249816222
"TSN",1.14806000144039
"LOC728989",1.14802268746563
"DGAT1",1.14798601065328
"DDX56",1.14749864965251
"MRPL58",1.14672699271614
"PLCD4",1.14641845072132
"INO80B",1.1459244410065
"MUC3A",1.14483123506891
"LOC101930053",1.14449390969199
"LAMP1",1.14412383784002
"ATOX1",1.14366025803457
"SKP1P2",1.14228775388981
"TNFSF8",1.14175673260579
"CCN3",1.14141251614883
"SNX29P2",1.14032130702473
"URB1-AS1",1.13922769536277
"NUTM2E",1.13857811238855
"COMMD3",1.137874516438
"LOC102724770",1.13734643521419
"GTF2IRD2",1.1372608035209
"POM121",1.1361796696039
"SWSAP1",1.13602328561374
"STARD9",1.13506251606528
"ZCWPW1",1.13389701404882
"AFG3L1P",1.13236624269356
"NDUFB11",1.13118655000282
"PVRIG2P",1.13110549109388
"MAPT",1.13074706526937
"RPS16",1.13021834031019
"MFSD12",1.12796071601788
"SNAPC3",1.12775593996995
"SLMO2-ATP5E",1.12713485908468
"CTPS2",1.12630982226376
"WIPI1",1.12614066686091
"LOC101930071",1.12274372772303
"ERCC3",1.12255761214466
"PSD4",1.12237504302133
"ATAD3C",1.12221815475136
"MIR6859-2",1.1207999621187
"LOC101927209",1.12072757298883
"IKZF1",1.11972803852499
"DBNL",1.11954961442122
"TEX29",1.11917096863649
"SGK2",1.11709788217829
"SLC25A37",1.11579302990671
"C2CD4B",1.11518396057873
"HAUS4",1.11435559923682
"PRR22",1.11433455138792
"GFUS",1.11318180020768
"TSPEAR",1.11305811507562
"ZNF764",1.11292224943776
"SEC61B",1.11276524479801
"DLG2",1.11252576746981
"SLC38A7",1.11222337180615
"ZBTB25",1.11199654835036
"FAT1",1.11106157397101
"DNAH17",1.11099855725107
"PCNX3",1.11082367818392
"MED30",1.10984973105235
"YJU2",1.10920204124205
"LOC101927366",1.10889054790546
"APMAP",1.10829336944915
"SYTL3",1.10729071025393
"LOC105376177",1.10691731988022
"TTC30A",1.10674268309439
"ACOT8",1.10650789616208
"HERC4",1.10650767553675
"ARIH2",1.104443404878
"GRAMD1A",1.10436366347811
"PTHLH",1.10217916756151
"VIRMA-DT",1.10173899200385
"MRPS34",1.09985415144086
"STK11",1.09876866725706
"PPAN-P2RY11",1.09870675195081
"SNX17",1.09831103881262
"FOXP4",1.09827063872
"MAGOH",1.09786613326342
"BHLHE40",1.09611294035058
"TLE5",1.09549404059337
"NMRAL1",1.09477969893096
"CDON",1.0947634171272
"HNRNPA0",1.09447464159429
"RARA-AS1",1.09447319366919
"KATNB1",1.09314022442584
"PPP1R16A",1.09273707819455
"ZNF807P",1.09267165215879
"HSPD1",1.09254145388234
"EIF2B3",1.09245493932672
"LOC107986820",1.0915778544798
"ZNF567-DT",1.09139551713551
"ARPIN",1.09008761875578
"DMAC2L",1.08970331269973
"NUCB2",1.08911728539325
"EIF2AK2",1.08905117724456
"CLTA",1.08877897531246
"RPL30",1.08861572082276
"NLRP12",1.08773401002741
"LOC101927741",1.08743184065644
"HMCES",1.08686987612105
"C14orf28",1.08660257461375
"UQCRC2",1.08636570348982
"LOC105377781",1.08536508266212
"FAM117B",1.08495716691944
"MARCHF9",1.08384368965115
"IGFBP7-AS1",1.0838113076622
"NIN",1.0831417021928
"PHRF1",1.08292007151058
"KIAA1191",1.08234020703982
"VPS39",1.08230171364394
"LOC107986633",1.08227566466454
"ADCK2",1.08221251766042
"ADORA2A",1.08080954905773
"LOC105371578",1.08080914318568
"DPH5",1.08076840393343
"GPR137",1.07921416526699
"EIF6",1.07892592913911
"LOC374443",1.07848561416995
"FAM120A2P",1.07822572811463
"EEF2KMT",1.07796557728931
"LOC112267916",1.07698495359375
"WNK2",1.07639521701041
"MYH9",1.07617792635324
"WDR24",1.07580425555543
"MOB2",1.07539093502217
"GLTP",1.07535721844449
"MHENCR",1.07484536499296
"SDR39U1",1.07260226726356
"HNRNPA1P10",1.07016186661349
"BLOC1S5",1.06935292204284
"TIMM13",1.06917835318866
"LEKR1",1.0687212783286
"CACHD1",1.06839933185035
"ALDH2",1.06814468416174
"ATXN7L1",1.0665894750989
"THAP9",1.0665064981728
"HAGH",1.06604486527008
"FLNA",1.06592326602784
"CENPP",1.06507184545343
"SELPLG",1.06501483535011
"GP1BA",1.06491397508628
"ICA1L",1.06440236305144
"RALGPS1",1.06430898501271
"DDX54",1.06387420237192
"ADAM28",1.06378266289148
"ATP5MJ",1.0635015746404
"HS1BP3",1.06262898569686
"EEF1DP3",1.0623538971666
"FAM83H",1.06215463997952
"MRPS28",1.06157883219259
"ZNF607",1.06031695674578
"MIR583HG",1.05996573013245
"LOC107985720",1.05975665659677
"TTC21A",1.05908997857681
"TCAP",1.05825080687199
"ABHD17A",1.05702205682784
"KIAA1656",1.05656386672871
"IZUMO4",1.0563872272768
"KDM4A-AS1",1.05578921290534
"DDA1",1.05514621387161
"TCP10L",1.05511406201285
"LRWD1",1.05422898744102
"ERCC6",1.05324418029826
"LOC101927872",1.05320651250445
"PRUNE1",1.05265896014734
"NXT1",1.05189341198971
"H3-5",1.05119430328689
"SVIL-AS1",1.05091516240894
"VWCE",1.05086183609998
"PYM1",1.05058674544642
"SRR",1.05034075687392
"MON1A",1.04982027114916
"NAPB",1.0492539440008
"LOC107984329",1.0484285444053
"OGFR",1.04825328759823
"MTMR3",1.04785665399284
"ANAPC2",1.04770703004976
"SPSB4",1.04660843768334
"LOC101929507",1.04578330126588
"EPM2A-DT",1.04564910117524
"LOC100506472",1.04559476124558
"ATXN7L2",1.04492030817021
"MZT2B",1.04484802064236
"INTS4P2",1.04357013745256
"LOC107986973",1.04328401589838
"ZNF204P",1.04314544613648
"SPARC",1.0428056333492
"TNKS2-DT",1.04241312459461
"USP21",1.04208532713466
"MCUR1",1.0418921004335
"ZNF687",1.04160382107629
"ITPR1",1.04140935570312
"SEC13",1.04113396588412
"BRK1",1.04107168943006
"NADSYN1",1.04104976698947
"RECQL4",1.04097100789698
"RPA1",1.04048645226859
"PNN",1.04025017686916
"RIPOR1",1.03942028036413
"LOC107986265",1.03941382873002
"REEP4",1.03801043105795
"SNORA63E",1.03624611897676
"RPL15",1.036139682194
"PRPF19",1.0360404568397
"APTX",1.03563906453103
"GPR107",1.03262435023033
"TMED9",1.03245518466986
"PTRHD1",1.03234675143142
"NBPF8",1.03220456786554
"LOC105373791",1.03135184281695
"C1orf216",1.03110290297185
"CYB5D2",1.02939217483727
"ZDHHC8",1.02907578675897
"OSCAR",1.02853655059644
"TBILA",1.02826692408875
"ACADS",1.02726610925225
"NDUFA1",1.0269985791089
"ATP6AP1",1.02602812019745
"PHLPP2",1.02369974333067
"PLK2",1.02359621432957
"CACTIN",1.02308107590173
"VIRMA",1.02280515443122
"PLK4",1.02269434889176
"ANKRD6",1.02252030222955
"TARBP2",1.02192287203783
"TACO1",1.02152878559576
"RASA3",1.02132363611708
"NFIA",1.02126817683439
"OTUB2",1.02115313797681
"SPA17",1.02061143241768
"CFAP36",1.02054142576201
"MDGA1",1.02024357183814
"SIL1",1.01955858100791
"XKR8",1.01933372666101
"RPGRIP1",1.01742291160892
"LINC01347",1.01609896993126
"IMMT",1.01501178849388
"UBALD2",1.01498835183544
"RAB6C-AS1",1.0144761514312
"OR51E1",1.0136995186707
"SYNGR2",1.01287632793044
"MAP2K7",1.0128572888108
"TMEM81",1.01255008777656
"CACNA2D1",1.0114312812592
"USE1",1.01120931855183
"RANGRF",1.01047771775198
"MLST8",1.01007100977693
"R3HCC1",1.00943807135632
"ZNF391",1.00865526050488
"RPAIN",1.00862361367378
"AATK",1.00756011303405
"MIR1909",1.00746514453213
"GUSBP11",1.00678969781833
"LOC105371240",1.00645572834936
"SNPH",1.00616385834603
"GIHCG",1.00605029156939
"NDUFB5",1.0059227570535
"C1orf220",1.00567789400037
"TMEM273",1.00497387412007
"SPNS1",1.0044494631846
"LOC105379173",1.00421283992638
"PGRMC1",1.00347960041542
"SREBF2-AS1",1.00222977620742
"FBXO4",1.00200771928268
"LINCADL",1.00163518181022
"LOC105370203",1.00155685883464
"LY6K",1.00062188201407
"ASB14",1.00048274959652
"LOC101059949",1.00018829377853
"LOC101927558",0.999328813972192
"OSTN",0.997574851626271
"ZNF784",0.996105816433949
"ZC2HC1A",0.995994468555352
"CDK11B",0.995077670092714
"NEK8",0.994336115910033
"CTAGE4",0.992876823475776
"MAP2K3",0.992727180582579
"ULK4P2",0.992623673441102
"ELOF1",0.992518170743659
"MIR6859-1",0.99140996839682
"IL1RN",0.991074524072196
"BBS5",0.99066664568099
"DIAPH3",0.990260635816961
"DEDD2",0.988805702473717
"NUDT18",0.987538733358849
"BZW2",0.987195141178124
"LOC107984588",0.986815610386892
"TPI1",0.986315340104844
"ACBD6",0.983978818468882
"UBE2M",0.983469983675066
"ZNF668",0.98302229148611
"CSK",0.982877449211989
"FAH",0.981753611412067
"ZKSCAN7",0.981655678067411
"TAF9B",0.981124309120274
"DGCR6",0.980614870678071
"HIC2",0.98022326057871
"TEN1-CDK3",0.980023156392948
"TBL1XR1",0.979474214489551
"TRPS1",0.97913927000217
"NCBP2AS2",0.978422341733189
"ZRANB2-DT",0.977928514069568
"CLASP1",0.977378660807821
"CKB",0.975810705808569
"HERPUD2",0.975772270913963
"BANP",0.975215952391037
"GOLM2",0.97503104518199
"ADRA2C",0.972917857046365
"RNF19B",0.97231073276805
"TICRR",0.972225129048459
"PCLO",0.972196811972715
"CD81-AS1",0.969743796095175
"NUCB1-AS1",0.968735389205183
"RBM38",0.96862719943709
"LINC02995",0.968010935452002
"HEIH",0.967215419900942
"KXD1",0.967166375582906
"LOC100506071",0.967086085709146
"PARL",0.966159166143978
"EIF3D",0.965778229086465
"BCS1L",0.964746970163822
"ZNF862",0.963862335508725
"STIMATE-MUSTN1",0.963647171061874
"COL4A6",0.963356598011848
"IFIT5",0.963151550260982
"EXOSC4",0.963048254046771
"LOC105372697",0.962027879642738
"LOC644215",0.961582991964515
"MAF",0.960931189212415
"TEX264",0.960461559214386
"LOC100996437",0.960027660837045
"TRMT44",0.958262857813198
"SMARCA4",0.957924615842376
"ZNF17",0.957744452568396
"MDH1",0.957215507394478
"CYSTM1",0.956650028088403
"APOL1",0.956509075210902
"HCG17",0.956431860544547
"DOK7",0.955650261221435
"RPL41",0.955137928278288
"ZNF496-DT",0.954825581335934
"RASGEF1A",0.953680074616309
"RPS6",0.953447560531294
"MTERF2",0.953400166455507
"PUSL1",0.953331189430743
"TARBP1",0.952900249333039
"RSPH9",0.952883499892764
"NRDE2",0.951032727980165
"SOX9",0.951026224308293
"EFNA3",0.949657008636394
"LOC105376325",0.949559513713619
"TBX5",0.948926209809572
"RRAD",0.948339372076342
"CEP162",0.947786835371346
"LOC105369194",0.947380738044155
"FTH1P3",0.946319273871814
"ZC3H12D",0.945019415161778
"GIGYF1",0.94478769109234
"LOC101928146",0.944661112709146
"ERCC5",0.943729151445557
"BCL2L12",0.94345332487239
"TYK2",0.942812850681878
"PLXNA4",0.942674887335818
"CBR3-AS1",0.942148441062611
"RUSC2",0.94114688298492
"DHRS4",0.940831759686291
"MAP1LC3C",0.940134192735286
"CDK5R1",0.939810189398426
"LINC01352",0.939522097099832
"SIN3B",0.939465343313883
"BNIP1",0.939320611887614
"VPS33B",0.939184705775827
"DAP3",0.93799185038557
"TMEM187",0.937474444479219
"ZMIZ2",0.936505923372084
"MAP2K2",0.93645951782396
"HDHD5",0.935989051727515
"ZNF625",0.935641912515009
"GAPDH",0.934636057573888
"ZNF324B",0.934565694440335
"PYCR1",0.934105926017431
"RETREG3",0.933986552375917
"PSMB1",0.933924267349724
"ZNF774",0.933884507586697
"ALCAM",0.933789969956847
"C3orf62",0.933543574730713
"RPS10",0.932637264216741
"ZBED1",0.931855140055315
"NAA38",0.931073415466541
"LOC107984862",0.93084943531862
"MRPL2",0.930353558954009
"GJA9",0.929608263987067
"CDC42SE1",0.928979175578975
"ARL8A",0.928299027408788
"CHST15",0.928098914148889
"LOC105370689",0.927264718544065
"LOC105372019",0.925937683395402
"MIR145",0.925621554799984
"BRICD5",0.925581812422008
"LOC107986203",0.925524963104888
"ZNF652",0.925228623525463
"RNF213",0.922800994868508
"SNHG29",0.921631874763708
"ADAM21",0.920384287557677
"ZNF571",0.919134370547686
"CALHM6",0.917945392713186
"PCYT2",0.917935764769133
"GRPEL2",0.91790117053915
"NR3C2",0.917634562694879
"SEM1",0.915817989294625
"NCKIPSD",0.915463105438276
"VPS9D1",0.915290522980541
"NEK1",0.914705989050366
"FAIM",0.914495166270377
"NMRK2",0.914340124210922
"BCLAF3",0.91430564028645
"TMEM44",0.913084433240843
"METAP1D",0.912976343253144
"MIR3671",0.912699710465032
"LOC105371026",0.912460268777167
"LOC102724594",0.912373659831837
"DDO",0.91202785528704
"GAR1",0.911654679814985
"ZNF397",0.910397231568299
"DAPK1",0.909670286854398
"SPI1",0.908437859122127
"LINC02757",0.907833294554464
"LYPLA2",0.907011538309676
"BATF3",0.906825797649906
"MIR4709",0.906667947369616
"FAM88E",0.90666164970867
"LOC107984690",0.906280376368447
"LINC00622",0.906217967570804
"MYH14",0.906087317364592
"TMED3",0.90602171139335
"SNRNP40",0.905343820927725
"RNASE1",0.905171552043845
"GRIN2A",0.904812501512213
"ECSCR",0.902972771132344
"CEBPA",0.902923660986586
"NINJ1",0.902334749908357
"APOBR",0.902197353137654
"HDDC3",0.899834597233413
"RBM6",0.897653827640143
"ANAPC11",0.897008415912257
"SERPING1",0.896675404762584
"HES1",0.896474015326447
"LOC105375805",0.894840492155687
"CHRNB1",0.894731727585938
"UMPS",0.894144880998018
"EXOSC3",0.893178098079078
"HOXD8",0.892009715527788
"LOC100505874",0.891616242901182
"SHOX2",0.89151432539993
"VANGL1",0.890335153921923
"MLF1-DT",0.88972058024448
"TOP3B",0.888162092104854
"CMYA5",0.886849053194165
"ZNF674",0.885561398153523
"SPSB3",0.885555617972283
"LOC105371099",0.885006728211098
"SSR2",0.884265202548878
"ZNF445",0.883232756588937
"ARHGAP45",0.882968601275197
"PARN",0.882689284641301
"SNTA1",0.882555656493974
"G6PC3",0.882360122075107
"MIR4751",0.881612415866773
"LOC105370532",0.881213805371663
"SF3B5",0.881020950408261
"CCNDBP1",0.880540838218644
"LZIC",0.87952393606714
"ZGPAT",0.879477386378648
"APBA3",0.878117025053671
"DPP7",0.877503093907765
"DNAJC9",0.876099032936287
"USP46-DT",0.874562831044558
"CBX3P2",0.873686791767629
"TBC1D3E",0.872770910305125
"MIR4647",0.872163980655411
"DHRS4L2",0.870831382756153
"CITED4",0.870321846608484
"STK11IP",0.870174174655116
"RPS8",0.870138837308603
"PHF21A",0.869459684553532
"GDAP2",0.869371441122689
"RNF146",0.867708823348422
"REPS1",0.863320791519038
"CCDC32",0.86277930270265
"LOC105369952",0.86211945719601
"TTC3P1",0.861801804977975
"FLRT3",0.861799291166452
"PIDD1",0.861769724052997
"CIB1",0.861566743310921
"TMEM255B",0.861530178973595
"PLPP2",0.86119075326522
"AGAP10P",0.859965825930684
"CHPF2",0.859102812840978
"MRPL37",0.858987491659296
"NDUFV3",0.857594362304221
"NDUFB1",0.857572131766075
"LOC105371036",0.856357687883649
"TMEM203",0.85630852510551
"EPHA1",0.856195588199741
"TTC14",0.856119034798479
"LOC105372486",0.85605535098672
"NCF2",0.855206385013505
"TTC36-AS1",0.855079997372744
"CD2BP2",0.854637560845047
"PAXIP1-AS2",0.854580903576845
"SNAPC2",0.854313532101276
"MRPS7",0.853717201112683
"SEC14L1P1",0.853338146583574
"LINC02208",0.852933113181558
"ZNF524",0.852661871757249
"LDHB",0.851594914216933
"LOC107985393",0.851050975112706
"FSCN2",0.850140146099876
"ULK2",0.849440626517946
"KPTN",0.848540603103335
"COX7C",0.848405030262757
"TMEM256-PLSCR3",0.848207169024439
"LRP1",0.847920920145271
"ZNF70",0.847637398752465
"LOC101927583",0.847583051672984
"LOC105372717",0.846191684740094
"LOC112268196",0.845990129098978
"MICAL1",0.844979598226135
"ZNF511",0.844419253634603
"ZNF519",0.843474397753492
"F8A1",0.843060923954777
"B3GNT4",0.843029908146217
"CCZ1P-OR7E38P",0.842861950881478
"BAD",0.842853546112232
"PIAS4",0.841699889477553
"UQCRC1",0.8412149077135
"PWWP2B",0.840459587010296
"CYLD",0.84027313320233
"ARHGEF26",0.84012936557819
"MTRNR2L2",0.840014750018488
"SNX29P1",0.838960800979001
"CLPP",0.838796364658853
"ZNF812P",0.838170304350595
"TWF2",0.837695294901581
"AFMID",0.836846708478181
"TNFRSF6B",0.835730288516951
"PCAT19",0.834306799592639
"MED14OS",0.834269151312156
"ELP3",0.834108640835786
"PLCB1",0.832929168165155
"CDK20",0.832416997913747
"ASB15-AS1",0.832252865254311
"ANG",0.832081585737464
"LOC105379252",0.831477490009105
"ETV6",0.831429300201492
"PRANCR",0.830964196238739
"RPL17",0.828172314879968
"EPHA2-AS1",0.826955675951378
"LOC112268284",0.826510821849648
"PSMG4",0.826000402753556
"PPP1R12A-AS1",0.825991324388005
"SNW1",0.8259524780236
"PVRIG",0.824668477639154
"LOC112268121",0.824297569511416
"KANSL1",0.822033726799452
"MESP1",0.821337179892807
"RPS10-NUDT3",0.820414800952825
"MRPL12",0.820144851118191
"NMRK1",0.819861705672272
"ZCCHC14",0.818907343335748
"GSAP",0.818689137231996
"RNF213-AS1",0.818315447403095
"ZNRD2",0.818299650979225
"ABCC10",0.816497489265111
"CST3",0.815433285296709
"PSME1",0.814976598740359
"LINC02175",0.814166247353329
"SCAMP3",0.814089464906241
"CACFD1",0.813778267437805
"BCL9",0.813727001081419
"MIGA2",0.812848494962505
"POLR2F",0.812042024679947
"MRPL20",0.811415831782464
"CCDC17",0.811108898761811
"GRIP2",0.810866430673934
"LINC02381",0.810132478105954
"ESYT1",0.809768872862441
"TTC26",0.808830633695977
"ZNF576",0.808346840783434
"NDUFB10",0.805789947599207
"ATL1",0.805759269797888
"NUMBL",0.803830341364332
"GEMIN2",0.803392200802398
"IRX5",0.803161235245748
"ABCD1",0.802709582193781
"DRICH1",0.802409442199821
"LOC102724093",0.800856350975284
"CLUH",0.799394398352359
"ROR1",0.79881628543097
"DHRS4L1",0.798719772913986
"IL18BP",0.798350416583623
"SLIT1",0.797704466403691
"C15orf61",0.796864493413102
"ANKAR",0.796505648089928
"GLIS3",0.795532282084616
"LAMTOR1",0.795394965195258
"CP",0.794305231421559
"ERI3",0.794194333640913
"SERF2-C15ORF63",0.793829629362564
"PCDHGA1",0.793538487382145
"CCDC59",0.793156137091601
"COPS4",0.791991274710566
"HAGHL",0.790416753294244
"ZNF232-AS1",0.790300682438257
"LOC105370765",0.789954253837937
"ACAD11",0.788691587290855
"LIPJ",0.788150012016798
"SIGIRR",0.786246237256967
"ZNF566-AS1",0.786100199578545
"SERGEF",0.784093898369122
"RAD23A",0.783887830633855
"PLAGL2",0.7833496926434
"DENND2D",0.783274495860157
"REXO1",0.783219728945358
"LOC105371483",0.782777928037712
"SRP14-DT",0.782764770969733
"SLC25A39",0.780177665263716
"LOC107987361",0.780162772103093
"CHASERR",0.779620043076529
"ABCC8",0.778447708398472
"TMEM50A",0.778233346370458
"GSTP1",0.778073790638496
"EIF4A2",0.777835621125465
"CNPY2",0.777282444470591
"PTPN6",0.776133218638384
"YJU2B",0.773968633851793
"MIR3934",0.773886070587737
"LOC105377731",0.773190901918299
"PIH1D1",0.771436485089867
"ATP9B",0.771412267031379
"TRABD",0.7713759742844
"ABT1",0.771046633580084
"HAL",0.770968933153424
"SNORD68",0.769337468702115
"GPR108",0.767557177535381
"CDKN1B",0.766945412942194
"TIMM22",0.766129504781485
"SLC25A29",0.765013492675956
"PCDHB7",0.764101318794223
"U2AF1",0.76401343885
"LOC101928525",0.762530742431819
"LINC00957",0.762435543509985
"DNAJB5",0.761154728431272
"LOC105374492",0.758787878134826
"DNAJB6",0.758545894261822
"LOC107986583",0.757174161691692
"MREG",0.756726253810826
"CFAP157",0.756542093643022
"PCDHB9",0.756033805033756
"LIPE",0.755976360378949
"DRAP1",0.755413866741082
"SSC4D",0.754919535317562
"DAXX",0.753641173298335
"TRNS1",0.75361059769171
"STK19",0.753366410917903
"FN1",0.752588217842645
"TCAF1",0.75238990959694
"MRPL11",0.75082541161232
"TNFAIP6",0.749970007857037
"SLC2A6",0.748363157229854
"H4C14",0.747981493494386
"ZFYVE19",0.747661377818091
"VENTX",0.746068775494504
"ZASP",0.745168696270577
"MARCHF2",0.743782387038665
"MED24",0.743344813168838
"ADGRE5",0.742122250444602
"KDELR1",0.741575964529978
"WDR13",0.74124331382316
"KCNN4",0.741007240952997
"PLGLB2",0.739756285746647
"TTYH1",0.739374489455711
"EIF2B1",0.737763556215825
"LOC112268123",0.73770242869573
"TRMT61A",0.737194190135428
"BCYRN1",0.736572398110672
"PNISR",0.736362221654915
"CNTN1",0.736320902018029
"ABHD10",0.7355511115168
"LMTK3",0.734896139114335
"IL12RB1",0.734667370775003
"ZNF780A",0.734370847578137
"MAPK8IP3",0.733642660784547
"A1BG-AS1",0.733346935410014
"DEPDC7",0.733240722379873
"SUCNR1",0.733188226151001
"ATP6V0C",0.732152503789721
"TRPM2",0.731884484551163
"XPNPEP3",0.731830997958123
"BAX",0.730112997286146
"RPL17-C18orf32",0.72948905370059
"LOC112268030",0.72933774985876
"CTSA",0.729067535050228
"ACYP2",0.728644370224521
"PACS2",0.728206858427501
"CHRM3",0.728109702632283
"LGI2",0.727943115918183
"LOC105374216",0.727147582786081
"EHHADH",0.726996857135271
"SLC25A14",0.725977230182793
"MTX1",0.725976717344677
"SAAL1",0.725460416751132
"LOC105371814",0.725399328396131
"SNORD38A",0.725239225167013
"MTHFS",0.723772201317634
"C22orf23",0.723644136799131
"PCDHGC3",0.721854744427056
"GATA5",0.721853622989499
"TRAM1L1",0.721819573833003
"LOC107987276",0.721268451536208
"NR1H2",0.720935081353075
"LINC00921",0.720675818459883
"APBA2",0.72033139751496
"AP1G2",0.719870066134828
"PPT2",0.717585682980463
"TBC1D3L",0.716266855592378
"CLDN15",0.715722562514916
"CCDC65",0.715570282061425
"MRPL21",0.715566276978991
"URM1",0.714513559813713
"SLC15A3",0.714396924118021
"LOC107984527",0.713462511100007
"TPTEP1",0.712930196567701
"RASL10A",0.712631886759207
"PCED1B-AS1",0.711066838731458
"GPR62",0.710740557578296
"ASB10",0.710628575662232
"HNF1A",0.710622297226643
"SH2D2A",0.710506859622931
"NFE2",0.709859387845937
"DDX19B",0.709703598132512
"USP18",0.709526062886919
"RFX3-DT",0.708529193289367
"STYXL1",0.707925064358571
"LOC101927345",0.707403027493337
"APH1B",0.705791272807043
"DDN-AS1",0.704821777958325
"PCBP1",0.70459609967229
"FAM3A",0.704401666594428
"PKD2",0.702057940763795
"FPGS",0.701085578834868
"MIF4GD",0.699072366935031
"CYBRD1",0.698585504390707
"ACER2",0.697503510802971
"PIERCE1",0.69690229148854
"EXOSC6",0.696018364264543
"XPNPEP2",0.69419435443242
"ORC3",0.693513084472378
"EHBP1-AS1",0.693251814865263
"LOC107985590",0.692652932171462
"YBEY",0.69098573649754
"EXOSC9",0.690654971492029
"FAM186B",0.689674975042674
"LIN37",0.688956998985968
"NBPF19",0.688363930924982
"FAM95B1",0.686806568468056
"MIIP",0.686423038875091
"MAP3K14",0.686160462968294
"LAMC3",0.685439178665515
"LOC112268043",0.68517395989173
"RPS3A",0.68513651364259
"AIFM1",0.68453735530585
"RNF126",0.683988295200387
"TSG101",0.683960829161319
"BOLA3-DT",0.683478781280992
"PIK3CG",0.68171825512207
"FBXO9",0.681232146307014
"ATP6V1E2",0.681173533078439
"CFD",0.680949501827572
"LINC01909",0.680357728056841
"PANK2-AS1",0.679679948516212
"CYBC1",0.679636749864144
"CMC4",0.67963086873466
"C17orf100",0.679404316958498
"LOC105375169",0.67913164328941
"CNOT9",0.678762484884244
"TRMT1",0.678600570300578
"FKBP2",0.678543455405634
"SLC6A6",0.678038569317542
"LOC101928120",0.677654296764437
"SEMA7A",0.675197327515075
"LOC114841035",0.674670633558718
"MYL4",0.673109098910553
"LINC02718",0.672052748930757
"CORO7-PAM16",0.671444823169758
"CFAP57",0.670731073908346
"LOC105376384",0.669437677139048
"RMND5B",0.669092827309432
"ZNF32-AS1",0.668382835206882
"TOR2A",0.668000839801538
"CACTIN-AS1",0.66745001878675
"PLXNA1",0.667200426967592
"ITGB4",0.66716844727126
"LMNA",0.666945391930589
"MIR210HG",0.666762924415991
"PLEKHH3",0.666171527965327
"LOC107985553",0.664965748687201
"DYNC2H1",0.66495208973855
"ABHD12",0.664903133726421
"PFN1P2",0.664620019735609
"H2AC8",0.664124168357946
"GOLGA6L4",0.662910936363949
"RPS25",0.662724675125637
"ZNF285",0.662043303511559
"LTA4H",0.662032095373125
"ZNF274",0.661960525005981
"DMWD",0.661343306230869
"SNORC",0.65937393212515
"NBR2",0.658552494183449
"STEAP2",0.658486715405716
"NPM1",0.658466887018004
"TMED1",0.656640264676184
"RNF135",0.656348852831961
"NXF1",0.655857193970345
"KHDRBS3",0.654515823085097
"ZNF781",0.654018884494666
"DPYSL4",0.653855381859591
"POLR3GL",0.653135672665943
"ANAPC13",0.652609133242898
"TMEM115",0.652246053047129
"ZNF579",0.652175598040834
"SLC39A4",0.648476077303142
"LOC100129148",0.648473727107298
"CTDNEP1",0.647216758072852
"LOC105372912",0.645984880849164
"LOC389831",0.645754060119644
"ZNF713",0.645248892593393
"ZFP41",0.64523672661356
"CREM",0.645095151675482
"RPS5",0.644950763220551
"SLITRK2",0.644683180144677
"WDR53",0.644571375315504
"FAM193A",0.643507270399063
"CRELD2",0.643236815230755
"RPL7A",0.641249569516413
"RUFY1",0.640737479679229
"NUTM2A-AS1",0.640302881044453
"PUS1",0.640157939930334
"WDR5B-DT",0.639366616454496
"POLR3C",0.639275191560241
"GTF2IP1",0.639082656649437
"PDZRN4",0.6388971301043
"BRI3",0.6383204768129
"TTYH2",0.638042226888736
"SLFNL1",0.637396654313747
"FUT8",0.63681873437511
"HMGN3",0.634353809621112
"ZNF559",0.634089549239409
"PPID",0.634033363213715
"SFXN4",0.633838046295788
"LEO1",0.633235427868442
"TNS3",0.633233510123498
"COX19",0.632876798789814
"FMC1-LUC7L2",0.632676006985475
"MRPS6",0.630878911644011
"LOC107986930",0.62964148795927
"ORAI1",0.627234255427496
"MPLKIP",0.623908592907213
"RCAN2-DT",0.622882276197328
"PLEKHA4",0.620150647181523
"RPS14",0.620149116379168
"TBC1D32",0.619185416823209
"NDUFS2",0.616021434271897
"POLE4",0.615093963760974
"ADCY1",0.614922537924757
"NR1H3",0.614437398132484
"RPL39",0.614360769634701
"DOHH",0.614266373019194
"PPP1R14A",0.613653205521009
"RSKR",0.612226746990271
"BCL2L15",0.612193206362527
"RPS17",0.611406382071489
"SLC16A7",0.610740434195567
"PET100",0.609946718189968
"MFSD14CP",0.60982451580083
"SUGT1P3",0.609810660819331
"GARIN5A",0.609792608985772
"CTU2",0.609294672101624
"ZMAT5",0.608480610363031
"XRCC3",0.608429545178571
"EML3",0.60668527301449
"SSH1",0.606373962170868
"SLC35F2",0.606160002394539
"ADAMTS6",0.606080852780349
"RNF103",0.605942559693728
"RAB6C",0.604795667368031
"LOC105377291",0.604238966161376
"DKFZP586I1420",0.603074487182643
"LOC112267869",0.602918090605212
"ELMOD3",0.6026815148476
"NHP2",0.602670641570246
"PPP1CA",0.601956632869543
"TRAF4",0.601762818448045
"SOCS7",0.601002648930586
"SECTM1",0.599885900155286
"LOC105379182",0.598146132863121
"LOC408186",0.598144726721537
"POLR2A",0.597684598931859
"ZNF385D",0.596172167107115
"SDF2L1",0.594014069772191
"PTGES3",0.593614172928799
"TOMM6",0.593463862803869
"ST20-MTHFS",0.592443836281554
"UBALD1",0.592128315340953
"SFT2D1",0.592000841415706
"STXBP1",0.590992806748664
"LOC101926889",0.590148816553494
"LOC388572",0.589985208654516
"TBC1D30",0.589749157354421
"STPG1",0.589561694120484
"HIF1AN",0.588294187119411
"CENPH",0.58734698486291
"RUFY2",0.587111558489496
"WDSUB1",0.586226677607921
"PWP2",0.585768001397772
"B9D2",0.585660762961796
"RTN4IP1",0.585585233305042
"LOC101927060",0.585166400182757
"STAM-DT",0.585114452561251
"APEH",0.584798556842106
"LINC01311",0.584163963899161
"SLC25A22",0.583057234053827
"STX4",0.582941203622868
"RBMS2",0.582890595705761
"RAB31",0.582749636238648
"LRRC73",0.58254158143288
"MBD3",0.582088704620527
"KLF5",0.580419065809128
"LOC105378268",0.580068441298676
"PDCD6P1",0.580065172313876
"ENG",0.579371763469123
"LOC105371763",0.579276263937374
"CD63-AS1",0.579233351175829
"RFTN2",0.577758890146436
"ABI3",0.577321146598448
"BMS1P4-AGAP5",0.577216061313213
"ARSB",0.576105690944137
"ST13P4",0.575696063508823
"CSNK2B",0.575444354547722
"PTDSS2",0.575212237235948
"MIR1244-2",0.57516613414897
"LOC100996318",0.574512393531555
"TXLNA",0.573830379121428
"VXN",0.571194960174515
"RASSF8-AS1",0.568993403004567
"AXIN1",0.567647263709263
"PYCARD",0.566753736017325
"ARHGEF35-AS1",0.56641898213888
"PI4KB",0.566225158747544
"SYNDIG1L",0.564004696157624
"IQCG",0.563445141668704
"SEC14L5",0.562868159389707
"MBIP",0.562569944871961
"ALDH6A1",0.561464945152964
"FYB1",0.560954618236375
"DAGLA",0.560830442011857
"LOC101927550",0.560405388169221
"NCOA5",0.56012872257769
"KIAA0930",0.559956843885067
"FBRS",0.559810869398696
"PXN-AS1",0.559569764600586
"TICAM1",0.557588233164361
"LOC102723564",0.557433630702816
"CRAT",0.557196096492731
"MIR6716",0.556671474567824
"KCNAB3",0.5563915346955
"LOC105377063",0.555870229134421
"PREX2",0.555260442764767
"ABCC5",0.555154813065132
"LOC112268225",0.555088693403116
"ROBO4",0.555079343957317
"CT62",0.554978392741009
"YDJC",0.554721033841419
"ZSCAN1",0.55404029029729
"SSBP2",0.553989660699598
"SNHG8",0.553490651831444
"HIBCH",0.552923274497153
"CIDEB",0.552118396386924
"MOGS",0.551103217885091
"LINC02210",0.550912289721397
"RPS15A",0.549405592514536
"LINC01353",0.549363664651065
"ATP6V1H",0.549333825149638
"PNCK",0.548948961212929
"GIPR",0.548748704911739
"GNB1L",0.547404118340079
"STX18-AS1",0.547051036019212
"MCF2L-AS1",0.546964625037988
"CNTF",0.546806614916692
"H3-3B",0.546501207844902
"CDH2",0.54614365529963
"LOC105372707",0.544704205544375
"GPC4",0.544045226601017
"MIR7703",0.543346612662165
"CLYBL-AS3",0.542772611033352
"LOC105371762",0.541348883396621
"ANAPC1P2",0.54130653014012
"PPIB",0.541128607615041
"CDCA4",0.539906530508575
"FAM53A",0.537857016484823
"CATSPER3",0.536723341202377
"ZC3H18",0.53667471712833
"PGS1",0.536615698346739
"MTHFD1L",0.536109405591553
"NSA2",0.535952049377291
"TAOK2",0.535498406671304
"ERICH4",0.534669776725054
"SEMA6D",0.534463670672958
"ATP5PO",0.533171034030806
"DYRK2",0.532973727568573
"SPTBN5",0.531801907029374
"DIPK2A",0.531765717387826
"SNRPD3",0.531180218834985
"IFT172",0.530579487590582
"LASP1",0.529483551222412
"AP1M1",0.528462993304425
"MRPL1",0.52705288632197
"LOC105379426",0.526698731198741
"PLSCR4",0.525952067979811
"TRIM54",0.525142206584736
"CD209",0.524660521181691
"MRPL24",0.521268445635968
"SNHG15",0.520298891198524
"LINC00294",0.519793677140897
"ARHGAP9",0.518913627862009
"SLX4",0.518664130450755
"GTF2IP13",0.517592224354575
"SMCO1",0.517426162808578
"LOC100652768",0.516846459789307
"ANKRD50",0.515638780726914
"LIMS3",0.515498703894528
"STX8",0.515041820496493
"GOLGA2",0.514929740855965
"ZFAND2A",0.513816176764119
"GRIK3",0.513697922009585
"RHOG",0.513332493714546
"LINC01094",0.512884726374698
"DNAI4",0.511472423335983
"ZNF623",0.510870823423333
"RTTN",0.509430642439728
"SLC49A3",0.508877333112222
"CORO1A",0.50877985317587
"RAB8A",0.507126711445418
"PLEKHG3",0.506999250413745
"GM2A",0.506846388495391
"MAK",0.506257106929174
"KLHL38",0.505256444512562
"NDUFB2",0.505135015382358
"EFCAB13",0.504906871493954
"XIRP2",0.504528220471935
"CTAGE8",0.504167661246477
"BLVRB",0.503631103271803
"POGLUT2",0.50352912446967
"REC114",0.502816081475847
"TADA2A",0.502179439944711
"TMEM243",0.500781378165604
"NSUN4",0.500102644692562
"ARHGEF6",0.499875695564727
"SAC3D1",0.498544800921315
"KIF17",0.49805918480755
"UCKL1-AS1",0.497199253794308
"MIR10394",0.4944932915197
"CLEC10A",0.493859641360532
"IL15",0.492800871534059
"BAAT",0.492469652849291
"UFSP2",0.492417515277666
"PROSER2",0.49209117721283
"TIMM8B",0.491924930002305
"DTNBP1",0.491484077173916
"ZNF883",0.489887543050025
"LOC105372686",0.489330954658394
"ZNF324",0.488275502591487
"PAM16",0.488252450993556
"TMEM182",0.488202026255204
"FAM120C",0.488025433083482
"SMOC1",0.487181863604986
"RACK1",0.485941021095577
"LOC107984251",0.484811572316204
"LOC107985359",0.483771267477448
"SELENOO",0.483538130941061
"TRIR",0.483311343989961
"SOX7",0.482826464381091
"CASK",0.482536629158504
"MIR647",0.482413203486821
"ARHGDIA",0.482035521177129
"LOC105369685",0.481910522353961
"FUT10",0.481647172299098
"ZNF335",0.481188456504653
"PRKAR1B-AS1",0.480406988385197
"ZNF653",0.479767272809631
"C1QBP",0.478077392739369
"ALX3",0.47789717664396
"LOC107987181",0.476625916198409
"SPRYD3",0.475880434919256
"TACC2",0.475786320844331
"ANTXR2",0.475501978106365
"ELN-AS1",0.474459985581629
"TLE2",0.474183743542591
"PGLS-DT",0.474069287873935
"CLDN7",0.473500760256249
"SLC8A1",0.473031753127484
"TRIM59",0.472875540414962
"RAB20",0.472510669856783
"RILP",0.471380011349127
"RPSAP9",0.470721917651817
"HSPA6",0.470383333311331
"COX10",0.468574272552557
"PSMG2",0.468326421736094
"NSMCE4A",0.46745481806912
"BCO2",0.466984411319431
"PTPMT1",0.466295217447593
"RPL21",0.466188358001523
"HSP90B2P",0.465630624378479
"GLYCTK",0.46423159167238
"METTL25B",0.462643274668058
"CD99P1",0.462611142422423
"SEMA4D",0.462069307481663
"SLC52A2",0.46197290299969
"CAMK1",0.460933339382486
"ZNF658B",0.460772539759699
"ZNF264",0.459910460628843
"ALPK2",0.459833299534543
"TMEM132A",0.459586660096734
"PHB1",0.459167627827363
"LOC105369401",0.459112900491344
"RELA",0.458959338511262
"EPB41L2",0.457919589574069
"HS2ST1",0.457708990763786
"B2M",0.456726346513249
"MAST4-AS1",0.456530738427051
"LOC102723675",0.45616323351087
"H2BC12",0.455980652899095
"ZNF85",0.455511017166036
"SACS",0.455186397823553
"ATP5PF",0.454053222460785
"ZNF667-AS1",0.453699597964971
"NUDT8",0.452189174719148
"LOC105370174",0.452039543187401
"SLC12A9",0.451778734110258
"MLYCD",0.451747172459507
"TARID",0.45123124514906
"GAS2",0.449976670249294
"DUS3L",0.448661680963451
"USHBP1",0.448493147609843
"ARL4A",0.448206602272402
"RNA28SN1",0.447075840870499
"DCAF16",0.446195530687987
"BLOC1S1",0.442012260659601
"DLEU2",0.441631926760251
"SETBP1",0.439320956710421
"CALR",0.439203646660191
"MRPS18A",0.438578187698522
"FAM174C",0.43838568271327
"LINC00240",0.436488771864848
"ARHGEF3",0.436206736086944
"LOC105375228",0.435625603517066
"CENPB",0.43411290687929
"LOC102724117",0.433832276485076
"NSRP1",0.433774236192357
"TAS2R20",0.432671963107123
"WDR46",0.432227712532972
"ZER1",0.432164081404514
"ALKBH5",0.432003570664663
"LOC100506639",0.431729571513157
"CWC15",0.429739474930094
"RRP1",0.429258661753445
"MPI",0.429009671553876
"MIR6758",0.428830684986702
"DHH",0.428414244776329
"CCT4",0.427509862515248
"ASCC2",0.427394367037636
"SUPT7L",0.426865697957633
"CCDC167",0.426845036449097
"CSNK1D",0.426727783678614
"ATP5F1B",0.426456651251982
"CEP19",0.425268225593065
"KLHL30",0.425073848831436
"MICALL2",0.424390708458877
"MAP6D1",0.424071736807724
"RANBP3",0.423717608253076
"RPH3AL-AS1",0.42345450501675
"ERLIN2",0.422441802667075
"OTUD3",0.421564609756858
"IAH1",0.420265850832723
"RHCE",0.420007182014095
"EHD2",0.419438884017923
"TTC3-AS1",0.419350579510245
"P2RY6",0.417539101493682
"STRIT1",0.416223948486741
"CTNND2",0.415966624275096
"CDK6",0.414491859578555
"TRPV3",0.413687754429119
"ASAP2",0.411782119827697
"MYLK",0.410383171722318
"PFN2",0.410294306342016
"AKT1S1",0.410282489725368
"SQLE",0.410213918081288
"PARS2",0.410198979736539
"CHEK2",0.410198108089495
"ACTN1",0.408843081340131
"MGRN1",0.408698416156686
"DMAC2",0.408154674893813
"LOC105376301",0.407670892449325
"BMS1P1",0.407226894959614
"LINC02812",0.406877833713621
"SLX1B",0.406622311438084
"LOC112268213",0.406531678438648
"SCCPDH",0.40609071414859
"ALG1L1P",0.405812604125762
"GPER1",0.405795790053736
"EIF3H",0.405738328275872
"B3GALT4",0.405364015756515
"ZNF646",0.405259251930793
"MIDEAS",0.403780206132227
"TRIP4",0.403498980933086
"GUSBP4",0.403286173262109
"SLC25A5-AS1",0.403034760263016
"DNAAF8",0.40259327348537
"EFNA1",0.402243986983371
"GTF2F1",0.401791343211063
"ZNF815P",0.401694384046459
"SNX22",0.401681286477414
"TIMM10",0.401475364030422
"YIF1B",0.401026765443386
"PIGB",0.399920389784842
"AGAP9",0.399640845773293
"SNX33",0.399437159385137
"WDPCP",0.399217390255665
"MIR1244-3",0.399002528966373
"SELENOW",0.398480782826988
"NOC2L",0.398086946169406
"TDRD1",0.397391081485109
"EIF4ENIF1",0.39738463619682
"ZKSCAN2",0.397250878199602
"LIPT2",0.397047808351793
"MGA",0.394702843202117
"PKD1-AS1",0.393544499375468
"HOXB4",0.392607906456073
"TMEM205",0.39212378812328
"LDB2",0.391574439821947
"ANKZF1",0.391055129432382
"NEDD8",0.390967428810393
"UBE2S",0.390110370430525
"LOC107984139",0.388222488419493
"SLC7A5P2",0.387858406260082
"SPCS1",0.387774712108253
"NVL",0.387620195996887
"NKAIN2",0.387217551550319
"LGALSL-DT",0.387018964227855
"PEMT",0.386777222582072
"MXD3",0.385404918862287
"HYPK",0.385346930160137
"MSRB3",0.384173629973848
"NDUFC2",0.382761151862552
"RPL36AL",0.382454234144617
"PRPH2",0.381836830496004
"BHLHE40-AS1",0.381829176202032
"BMP2",0.381481153855849
"LPIN3",0.380687491927672
"TAP2",0.380155308029372
"LOC105378980",0.379718242445708
"PCP2",0.379447682414814
"NPHP3-ACAD11",0.379066513490974
"LOC105371038",0.377922047550793
"DDR2",0.377383713186572
"CDH5",0.376504151028376
"SLC45A3",0.375818875462816
"BOLA2B",0.375313483982689
"ANKRD10",0.375126342563737
"SLC35E2A",0.373060503418279
"C6orf62",0.37108167735181
"ZNF551",0.370922626658658
"LOC107985044",0.370752998300002
"XKR9",0.36752836631831
"SMU1",0.366913124597244
"PTPRJ",0.36626352230665
"KLRA1P",0.365830275252317
"NUBPL",0.365754799401321
"ATP13A2",0.364872663197279
"LINC00933",0.364792915618169
"CDK11A",0.363268691840837
"INPP5J",0.361871040124879
"RPP38-DT",0.360678214582717
"LINC00652",0.359161814410318
"LOC105374421",0.358542087754287
"RAMP3",0.357980602304201
"NCLN",0.357913780801892
"PTPN13",0.356276699348353
"C3orf18",0.355606862227688
"HSPH1",0.354598288720202
"CISD3",0.354101154157328
"LOC100996756",0.352617510058353
"NDUFC2-KCTD14",0.351589076242077
"RNA28SN4",0.350964277919965
"ZNF780B",0.350923255934341
"CYRIA",0.349595222524757
"GCNA",0.348254790331666
"ATXN2L",0.34824378350724
"SNORA72",0.347695813875267
"RBX1",0.347542484482638
"STARD13-AS",0.347320257280945
"BOLA3",0.345981341273823
"RRAGB",0.345080300728199
"FARS2",0.344985280966467
"MUS81",0.34470856320824
"SPRN",0.344227739518163
"LITAF",0.343201520204018
"IHO1",0.342989139244494
"RELA-DT",0.342655995657849
"LILRB2",0.341352783940186
"ERMARD",0.340618018577758
"LOC112268133",0.340531570091872
"PDE4B",0.33988186329924
"RNF113A",0.338857395058037
"PIP5K1C",0.338572078726608
"DDRGK1",0.336802347455683
"COPA",0.336596016287131
"LOC105375434",0.335222180903285
"PRIMPOL",0.335011834235182
"THAP12",0.334778065928236
"MANF",0.33463756520129
"ADRM1",0.334217701509249
"MIR126",0.333360559321661
"C20orf27",0.331947356459276
"LOC105378954",0.331582675712677
"FKRP",0.331533702463065
"PANK4",0.331220107215983
"PGM5P2",0.329125857610791
"USP27X",0.328956553425681
"DTX3L",0.328151095760401
"SP100",0.327382857654165
"RNA45SN4",0.327000226359188
"RPL6",0.326314768848227
"H2AC25",0.325969640891617
"LOC644656",0.325084410004214
"TEDC2",0.323586973331347
"LSM2",0.32314853621302
"LOC107984124",0.322569556085849
"POLR2C",0.322053119080766
"MTG2",0.32199701454213
"RAI1",0.319991423759787
"SUCLG1",0.319040611315617
"SVIP",0.318203705501516
"REXO4",0.316972975069504
"GOPC",0.316330364438715
"KLC1",0.316147505183621
"SEC31B",0.316141331210137
"CCDC15",0.315448582408131
"CDKN1C",0.315380892166476
"HNRNPU",0.313507654053429
"ZNF280D",0.312845910221555
"ZSWIM8-AS1",0.312244947330643
"NTN4",0.311493965458567
"GASK1B-AS1",0.311473430153671
"DCTPP1",0.310570765621536
"ZNF385A",0.308786878554557
"LINC01560",0.307747987247509
"KIF3A",0.307723681071145
"HRH2",0.307582743312557
"XCL1",0.307343225607777
"RPP25",0.307015556992727
"LINC00115",0.304491002211319
"FKBP1B",0.303835307457552
"LOC107984282",0.303420061611224
"LOC389906",0.303364004174488
"CLIC6",0.302912123147939
"CAPN10",0.302807758683808
"ZNF598",0.302455142205529
"PREB",0.301456972409181
"MFNG",0.301425033717168
"PKN1",0.30119453336511
"MAGIX",0.301120164658191
"PKIB",0.300055768618261
"LOC105369911",0.299314107773574
"MIR29C",0.298203969686976
"RAD52",0.29783866288738
"TSHZ1",0.296098185770802
"TRDN-AS1",0.295208327179062
"ZNF710",0.294829428119469
"SLC8B1",0.293225882108387
"LINC02937",0.292992032005764
"PALM",0.292958172974306
"CPSF4L",0.292694398727304
"SEC61G",0.291735532613342
"CCER2",0.291396263565043
"LINC02701",0.291268045041315
"PLCB3",0.290870662036289
"GAB1",0.2902501073008
"TMEM141",0.290189134875947
"CANT1",0.289692495854722
"HRNR",0.288501546985462
"LOC107985013",0.288367304385189
"ZNF736",0.288028921628731
"CASQ1",0.287864432168357
"PDCD1LG2",0.287739813036869
"MKRN1",0.287419806196868
"PTGR1",0.286374885061642
"RABL6",0.286321670414096
"SORCS2",0.284618707288417
"PPP1R16B",0.284286524917758
"LYSMD2",0.283969971126691
"GOLIM4",0.283587715494099
"RPS2",0.283225505963949
"COL5A2",0.282016785159094
"PTGER4P2-CDK2AP2P2",0.281951845714684
"KCNJ6-AS1",0.280682170395162
"LOC105374808",0.280107498124535
"RSAD1",0.279315213111172
"SH3BGRL3",0.278777841743758
"LOC107984659",0.278737466289587
"SNORD58C",0.27810870653538
"TECPR1",0.277933967392985
"DNAJC7",0.277220306949019
"ELOVL6",0.277130698792915
"DCN",0.276668445675675
"SLC35A4",0.275628485140683
"MPPE1",0.275438535896313
"ALDH8A1",0.275046015489348
"ZBTB46",0.274218085389063
"CCDC51",0.269602418249426
"RBM15",0.269385276925934
"ITGA2B",0.269241922305425
"RPL12",0.269128468693387
"UBAC1",0.267706023709099
"LILRB1",0.266745469503274
"MUL1",0.265179865883033
"FAM162B",0.265079891850879
"SCART1",0.264896170994273
"SNU13",0.264821567613579
"GAS6-AS1",0.264341463513129
"MMEL1",0.263707395066624
"NR2F6",0.26322892828075
"CYP4V2",0.262999752882436
"ZNF407-AS1",0.262326523136029
"SSTR1",0.261495378796407
"S100P",0.261289367134095
"LRFN3",0.261241593606301
"PPP1R12B",0.260962494747452
"PDLIM4",0.26042092780963
"COX6C",0.259679212608689
"LOC105377212",0.259480728278884
"COPS9",0.25934878488248
"RABGAP1",0.259340971331559
"IP6K2",0.259104148855144
"IL10RB",0.257482698265647
"UBE2D4",0.256483760493433
"UNC45B",0.25633514850561
"LOC101927552",0.254980537213069
"EXTL3",0.254752438145119
"MIR1825",0.253814224154639
"MIR3911",0.253081943339816
"SNCG",0.252625912835895
"DDB1",0.252473645508058
"MAPK13",0.252295654513073
"PTCHD4",0.252051503641251
"TBCK",0.251864027513184
"PINX1",0.251293401210938
"THOP1",0.250338960988689
"ESAM",0.249100159586311
"SAMM50",0.248273221594714
"GRHL1",0.248139406463311
"SHC4",0.246647769165878
"RPL7",0.246256964167472
"LOC107986571",0.245766311322784
"GBA1",0.245650681800161
"LOC112268450",0.245430967632496
"ZNF286B",0.244952103859829
"CRACDL",0.243273831760547
"MTX2",0.243007817952126
"PDE3B",0.240476239519711
"MRM2",0.24042282783527
"RUFY1-AS1",0.239763799035505
"TRMO",0.235903874745118
"FAM239A",0.235343140088357
"SBSPON",0.234696638380047
"GOLGA8T",0.234569510916691
"MRPS14",0.233247646784298
"ZNF638",0.233118134002248
"GTF2B",0.232384703184478
"CYLD-AS1",0.232020761638267
"SYT15",0.231995597775266
"RPS27L",0.231562275937699
"LOC105371159",0.231534325136839
"TESK1",0.23109835167671
"KCTD5",0.229726940129596
"AKT1",0.22755104501504
"CDK18",0.227374089108953
"TTC39A",0.227062016254431
"TBX18",0.226615371146342
"PABPC5",0.225940441909963
"SYCP2L",0.224807292696951
"STAT1",0.224720160942223
"CACNB1",0.224645184533255
"TMPO-AS1",0.224379661323611
"DHRS4-AS1",0.224134565413566
"AHI1",0.219833521320763
"COX16",0.218077187415747
"PTP4A3",0.21777855242674
"LY6G5B",0.216072328771367
"FOXH1",0.215548174325345
"LOC105377644",0.21547682762751
"PMF1",0.214715666330184
"CFAP45",0.214554577623267
"LOC105370447",0.214013512068849
"TLCD1",0.213783251561012
"PDE6D",0.213775366601305
"FBXO7",0.213324160738635
"PPM1K",0.213181967640048
"ACADSB",0.212490345208356
"MS4A14",0.212244648233996
"TARS1",0.211301371637807
"GMIP",0.211199220134303
"ADAMTS3",0.210862088090211
"KRT10-AS1",0.210209336550608
"ZSWIM8",0.209914030218228
"ATG13",0.20908229117681
"TBC1D24",0.208230766516995
"CCDC175",0.207530477516912
"TRHDE-AS1",0.207035073596473
"SEC16B",0.206814266961128
"MRPL44",0.206744378252922
"MALINC1",0.205095293173821
"ASPSCR1",0.203719551448283
"RPUSD1",0.201903563130961
"RNA45SN1",0.201336171822512
"SLC2A5",0.199636775008961
"LOC105374764",0.198629988742612
"KAT8",0.198419430296033
"AK4",0.198067516149105
"FRY",0.19801700781274
"MIR221",0.197856757886394
"NEU3",0.197633885751962
"LRRC37A",0.197576872992066
"ZNF836",0.196837799887712
"SF3A3",0.196381523285468
"RIN3",0.196284652647664
"KAT7",0.196276015276817
"SPINT1",0.196112205591378
"CGAS",0.195172939545225
"GHITM",0.195030107633356
"FGF12",0.194485374334194
"ZKSCAN1",0.193334902531282
"LOC105370947",0.192884803476832
"ZNF594",0.192549436790976
"ROPN1",0.192262582420637
"R3HDM4",0.191640164534371
"LOC105372480",0.191621255155562
"HCG4",0.191250574220795
"RNPEPL1",0.191163552943314
"LOC100507472",0.190263649827501
"LBH",0.190112101061825
"CXCL3",0.189379568292884
"RASSF9",0.189377705391144
"CALB2",0.189244851771485
"COQ2",0.188106570766736
"MIR3682",0.187185801226476
"RNA28SN2",0.18717572697523
"SUCLG2-DT",0.186853891945048
"NT5C3B",0.186043698821289
"LOC105376039",0.18559211133135
"SPATS2L",0.181699937071717
"ZNF628",0.181366422432164
"YIPF4",0.180368599906472
"TM9SF4",0.180337810468268
"RPL27",0.180089493807035
"PRCC",0.179905243141102
"MAP1LC3B2",0.179625208124647
"NFAM1",0.178957789169191
"SMURF2",0.17682258912835
"TPRN",0.176087653791788
"DYNC1LI2",0.175904319848006
"CSNK1G2",0.175365552632978
"AIF1",0.175224907915536
"RNF121",0.174701239890662
"RNA45SN2",0.174140979414561
"LANCL2",0.173507111950123
"CDC6",0.173183906333118
"TBC1D10B",0.173069712585215
"RBBP7",0.172649384747064
"RNA28SN3",0.172531054048157
"ING5",0.171041246145967
"GOSR1",0.170506500338347
"AFAP1-AS1",0.169599135416136
"LINC02908",0.166701778526809
"PHACTR2",0.165173856298476
"TNFSF14",0.164852260557434
"MTFR1L",0.164698409732858
"SSNA1",0.164626405628347
"VSIG10L",0.163989683973454
"FCGR2C",0.163519931198716
"LOC105373510",0.160893407891343
"CDKL1",0.160117659606795
"GPR161",0.157837015730471
"SLC12A4",0.157622098950688
"GPATCH3",0.156377911942614
"OTUB1",0.156139253024514
"LOC100505716",0.15605700246764
"MAML2",0.155915089983526
"C2CD6",0.155878486943461
"CBARP",0.155692559881052
"RPH3AL",0.153093518225238
"MYL3",0.152681195449255
"SH3BGRL",0.152105298524139
"NBPF12",0.152017103486317
"MIR1244-1",0.151538183875115
"CARF",0.151353800699975
"LDAF1",0.150740065607977
"BACE1-AS",0.150171457317196
"LOC401261",0.149991758754556
"LCP2",0.149290024931701
"JRKL",0.148916717228168
"DKC1",0.147496268305691
"ZYX",0.147471411669291
"SAT2",0.14743718864984
"LOC112268465",0.146403998737511
"MCRIP2",0.144780790300158
"LOC107985082",0.144314635433342
"PSMB3",0.144277126636999
"GTF2IP4",0.143760010610132
"ALDOC",0.143576123717395
"RNA18SN5",0.143516359553265
"KIF23",0.141434867157556
"TERF1",0.140657619722695
"LOC101927046",0.140350124707782
"SLX1A",0.140331618529789
"CLTB",0.140212457812504
"P3H1",0.140173245193847
"PROK2",0.140123772273707
"XPO7",0.139621454727588
"HFM1",0.139076833069662
"LOC107985361",0.137988303493074
"RNA45SN5",0.137033342800941
"MPPED2",0.136718586872899
"KATNA1",0.134878451844193
"CYC1",0.134012790045525
"EDARADD",0.133168226109537
"SLIRP",0.132561730287059
"ARGLU1",0.13201115018434
"SH3GL1",0.13190779415086
"LOC105377871",0.131587934005888
"RNA45SN3",0.131217389170939
"SMIM26",0.130991261394348
"C2CD3",0.130621939613579
"ZXDB",0.130275137463438
"KCNMB3",0.130225660699571
"ATP9A",0.129217413841526
"GINS4",0.128395422479833
"CTSLP2",0.127818517231012
"TOM1L1",0.127620202438723
"LOC107985177",0.127087263613332
"PLCXD1",0.12632281178273
"METTL6",0.12620314826725
"CENATAC-DT",0.126088717445029
"ELP5",0.125397536785665
"KCNH3",0.125282364281195
"DAD1",0.124902594815006
"LOC100310756",0.124613054356858
"REPIN1",0.124529705398352
"LINC01405",0.124143114714995
"FBXO41",0.123752461773935
"PGBD2",0.123104007106771
"YTHDC1",0.122705720303016
"KDM3B",0.120846807149651
"HCFC1",0.118173946584935
"GUF1",0.118115247230099
"LOC105374739",0.117660545063714
"ACTB",0.117023945415471
"NDUFA9",0.116668645965344
"EXOSC10",0.116246423169647
"CELF3",0.115606783241869
"TMEM161B-DT",0.115351854485118
"RASGEF1B",0.115320877082369
"TMCC3",0.114609252611864
"CEP68",0.113901775286793
"LOC102724951",0.113879416415914
"TAF6",0.111627443308289
"RPL4",0.111229697338537
"LOC107985041",0.110838273459029
"FKBP11",0.110041749597892
"KRBA1",0.109244348054612
"TRIM38",0.106764437436027
"RNA28SN5",0.106606924625607
"SMG8",0.105648458117961
"SLC13A4",0.105642235039962
"LOC105377378",0.105471064839395
"ZNF513",0.105158912348525
"GATAD2B",0.102638201011104
"JAZF1-AS1",0.102286900329245
"HSPB2",0.102086140790453
"STAT5B",0.10138515234285
"LOC107984638",0.100793740457039
"DPY19L2P2",0.0990864387120276
"SPINK13",0.0989276246841169
"LYNX1-SLURP2",0.0981194371432565
"COL27A1",0.0978828160816623
"DSC3",0.0973615849421273
"INTS11",0.0972105980044342
"EYA3",0.0969611961203564
"LINC01000",0.0967235415939324
"PSMB2",0.0966906834960331
"LOC107986694",0.0956320261640564
"ZNF771",0.0948831365937464
"SPIN3",0.0944302599948301
"POLR2H",0.0942002358734491
"POLR2J",0.0937275869254087
"SKI",0.0931213920264174
"WASHC3",0.0926951818934354
"EIF4A3",0.0925637308540215
"EFHD1",0.0920978251381043
"ST13",0.0908410805310544
"C4orf33",0.0905485668679637
"GLCCI1",0.0892142740452007
"TMEM109",0.0883799202999327
"RBM4",0.0883333446256969
"GALE",0.0882759167273356
"PROSER3",0.088272053384916
"RGS16",0.0875369818141205
"PSMD13",0.0865804703669577
"CXXC4",0.0863906296443585
"PCSK7",0.0860509495111871
"S100A11",0.0860490209501439
"RPS12",0.0849504769695795
"HHATL-AS1",0.0848373774180305
"RNA18SN1",0.0845679701581941
"S100A4",0.0830229848808845
"TP53INP1",0.0829023986855584
"DDX31",0.0828819304717035
"PA2G4P4",0.0821257567591786
"ZMAT2",0.0817674069022571
"EHD4",0.0804991017282357
"GMFG",0.0801326315053725
"C19orf38",0.0798609217275071
"PRELID1",0.0796006363846281
"IFT57",0.0790713577501643
"PGAP6",0.0785269909876374
"HSPA5",0.0770061253829257
"LRRC37A4P",0.0760006718909916
"RNMT",0.0756622538600955
"NDUFB9",0.0741370443778646
"CALD1",0.0739756903231884
"KCNIP4",0.0731369014185041
"INVS",0.0719381077635897
"RAPGEF5",0.0715497425747556
"KIAA1549L",0.0710756262816079
"LOC100130345",0.070456524322683
"SDF2",0.0701494559775282
"RABAC1",0.0700180867317089
"CAMLG",0.0698301631175311
"DNAL1",0.0694519730529654
"SLC25A28",0.0692469338009905
"SMIM38",0.0691554919955325
"ITM2A",0.0681157471331183
"NRARP",0.0678332837448184
"MRPL49",0.0677779757993324
"PDCD1",0.0668768034492204
"C11orf42",0.0663573308372195
"MIR1181",0.0634046456555273
"LOC105377727",0.0632997917657833
"MGAM",0.0627298504038917
"GCOM1",0.0618660871820466
"LOC105379052",0.0606786994553743
"APBB2",0.0589672370719129
"PQBP1",0.0580476505875169
"NECAB2",0.0573791410165084
"INTS5",0.0569240819033517
"RGS22",0.0562359212111722
"LOC107986473",0.0558045384201067
"RRN3P2",0.0550298518252518
"TMEM120A",0.0545325720363969
"RPL23AP87",0.0540643592007682
"SUFU",0.0519282702591245
"ALDH16A1",0.0504920944349778
"MDH2",0.0501751705666663
"CRSP8P",0.0500918718509047
"MTR",0.0500511434875587
"RNA18SN2",0.0495530844400342
"SLC37A2",0.049022032880185
"FBXO25",0.048191435376883
"GUSBP5",0.0462672887918718
"B3GNT5",0.0448518458980744
"RBM39",0.0437945512208893
"APRT",0.04292292594552
"NAPA-AS1",0.0414602962077441
"DHDDS",0.0411649488105025
"LINC00649",0.0407050849404739
"MRPL45",0.0400732442099372
"SKIDA1",0.0392941073619157
"MFAP1",0.0384140024874665
"KL",0.0379580983427595
"LOC112267900",0.0377908093286505
"PTPRC",0.0376623914021125
"ALDH1A3-AS1",0.0371110332793407
"BTNL8",0.0370604770599694
"DLGAP1-AS1",0.0352738846125686
"LOC644554",0.0340830008713913
"PACRGL",0.0331550103583605
"RPS23",0.0327267757570064
"SNORD35B",0.0317762734547275
"SYT9-AS1",0.0313624297696334
"ZMAT3",0.0309102408404871
"LOC101929140",0.029938114323655
"PIAS2",0.0283846626203349
"ZNF841",0.0282686341267858
"RASGRP3",0.0278591355077252
"TRIM9",0.0275347183527114
"CTXND1",0.0262651881415403
"UNC79",0.0253535718478483
"CCDC163",0.0249379703232083
"SLC25A16",0.0245529699428852
"PMS2CL",0.0244327394355635
"CLEC2B",0.0233784772973611
"LINC02517",0.0233525366904001
"MIR6859-4",0.0231929650132447
"MIR4691",0.0223197801052695
"ARHGAP44-AS1",0.0212493804281521
"SLC25A10",0.0211890354847843
"LOC105371348",0.0210361911320004
"ZBTB14",0.0204869724748683
"IQCB1",0.0202201864498911
"POLD1",0.0200805594310873
"RALYL",0.0199152229360013
"CPVL",0.0197620706380629
"XRCC6",0.0196014905553764
"ROCK1P1",0.0193605932988712
"IGFLR1",0.0186234502070074
"LOC107984585",0.0178879077109297
"SOX13",0.0174514080367653
"EIF2S3",0.0174299870036845
"SNRPE",0.0168636007908893
"LOC105376095",0.0168258748675381
"JRK",0.0153394727770216
"ZNF526",0.0143189287849795
"SNORD4A",0.0142693166653502
"POLR2J4",0.0136708705575528
"PGAP2",0.0114220751342516
"ECSIT",0.0101604273200376
"GRM8",0.00990074691554586
"UBXN10",0.00790478468606887
"MACF1",0.00733377248414209
"LOC101928357",0.00651585968552167
"ZNF577",0.00572776322607333
"LOC105374836",0.00352337999907636
"LOC100996442",0.00350736303343027
"ZNF799",0.00231720694592136
"GPR153",0.00118655373696279
"KIF4A",0.000670439582816922
"GJA1",0.000300426199483938
"AQP9",-8.64494096878731e-05
"PAK6",-0.000585786371396933
"KIRREL1",-0.000777094157093015
"HIPK4",-0.00145900146147194
"TMEM121B",-0.00193259437348027
"SERPINA1",-0.00204736447517591
"CDC14B",-0.00253043032164027
"LMOD1",-0.00317842614219573
"ZNF239",-0.00415061444109516
"MAP1LC3A",-0.00421374085640995
"LOC107985219",-0.00444495559791891
"XRRA1",-0.00515697343811021
"LOC101927759",-0.00545170108893293
"ERAL1",-0.005589547739457
"ZNF165",-0.00592995423616484
"UBE2MP1",-0.00597861886177759
"OAZ3",-0.00759427964776965
"SLC50A1",-0.00918180698567842
"SPHK1",-0.00928182475088422
"RNA18SN3",-0.0098272855261844
"AMIGO2",-0.00988206966206808
"RBM26",-0.00994175676653431
"NUP153-AS1",-0.0109753104049866
"LOC102723461",-0.0112010137714003
"MRPS11",-0.0123224350497256
"PMS1",-0.0129682435571023
"LOC112268218",-0.0131167152103149
"ATP6V0B",-0.0131572527332506
"AP2A2",-0.0148896471460849
"METTL1",-0.0151621582293299
"ELP6",-0.0151669610813913
"TRMT112",-0.0153502001782983
"LOC102723553",-0.0162188582238165
"LIMS3-LOC440895",-0.0166284806376745
"WBP1L",-0.0166449099549306
"NDUFS5",-0.0170699299372012
"BUB1",-0.017124937690343
"PDAP1",-0.0173165886960752
"KLHL29",-0.0173222480197905
"YEATS2-AS1",-0.0180667422248855
"ISOC1",-0.0183645698147998
"PSMC3",-0.0186417869017324
"LOC107985558",-0.0192745244121972
"LOC105379521",-0.0209736425663625
"POLDIP2",-0.0210129780670103
"ELAVL1",-0.0215231263686515
"LOC105374746",-0.02276150436469
"ANXA11",-0.0230216676047166
"RPL36A",-0.0235819142796373
"ACOX3",-0.0237544956339615
"PRKAR2B",-0.0238988439552307
"GRAPL",-0.0240137670177209
"ZC4H2",-0.0244231186556479
"LOC107984670",-0.0246589488454407
"CHADL",-0.0256302284626311
"IRF6",-0.0257345454881775
"CAPN15",-0.0258342611110495
"POLI",-0.0260059811551852
"WDR81",-0.0265623317306214
"SPIN4",-0.0271631212925687
"CYB561A3",-0.0290794219013282
"FASTKD1",-0.0290905896680816
"VPS25",-0.0306927731457703
"EDC4",-0.0307119176265637
"LOC105376050",-0.0307344916218292
"UXT",-0.0309654515741839
"GON4L",-0.0326760950459121
"ALG13",-0.0332671161260584
"TMEM63A",-0.034051876095545
"PCDH17",-0.0340698863379421
"JHY",-0.0351045822863734
"DROSHA",-0.0355981867637915
"SRP54-AS1",-0.0356881246909794
"SNORD139",-0.0366810920877881
"PSMD9",-0.0373555966700251
"HSD17B10",-0.0373818796530451
"TTC7B-AS1",-0.0377423250827505
"ARL17A",-0.0384428149739812
"HILPDA-AS1",-0.039804180372512
"TECTA",-0.0398255378223044
"KDSR",-0.0402697382375202
"STAU1",-0.0407504822079698
"TMSB10",-0.0410721174071845
"LOC102723539",-0.0411376267274938
"LOC100128288",-0.041496593614081
"TCIM",-0.0416727559273802
"LOC101928592",-0.0423305406653041
"MIPEPP3",-0.0428220045528981
"GMPR2",-0.0439219043777171
"BMS1P2-AGAP9",-0.0443735177333423
"TMEM254-AS1",-0.0450838142451378
"LOC107987119",-0.0463838150143215
"ATP13A5",-0.0464657356715591
"DENND5B-AS1",-0.0467338825794736
"SIX4",-0.0480248794304826
"KALRN",-0.0483029730197418
"LOC100289361",-0.0501470586702602
"MCUB",-0.0503303562547742
"TMPRSS5",-0.0517211095387098
"PLOD1",-0.0524603859145708
"ZC3HAV1L",-0.0526340780332058
"ABHD8",-0.0531458529579189
"TIGD2",-0.0536612488284266
"TAGLN",-0.053907210844425
"DAB2IP",-0.055092421602112
"LOC105374181",-0.0557451461541178
"LRRC39",-0.0559462552757743
"KANSL3",-0.056242590149388
"RCC2",-0.0567362459932069
"SRF",-0.0570047609818421
"MIR631",-0.0574099192836226
"DIP2B",-0.0599536330138178
"MPRIP",-0.0602255271437193
"WRAP53",-0.0603386234533296
"PRKAA2",-0.0620281175861461
"CCDC192",-0.0625994841390853
"PHF14",-0.0634728450906827
"FBXL14",-0.06359452077518
"RHOBTB2",-0.0641435399648808
"C6orf136",-0.0660688357356607
"CFAP119",-0.0661248598965834
"GPANK1",-0.0668758911154748
"STK25",-0.06707770082934
"GOLGA8N",-0.0674319097312048
"DM1-AS",-0.0684887825039261
"AATF",-0.070419013933531
"ERN1",-0.0707255939420413
"PZP",-0.0714013669307956
"PKMYT1",-0.071732756911076
"FARSA",-0.0717462962330376
"ARPC4",-0.0718094493235537
"LOC107985588",-0.072265831507746
"LOC105373802",-0.072474897267376
"TMEM186",-0.073113450094944
"RAB3C",-0.0737677703329834
"TPR",-0.0739071455026016
"PSENEN",-0.0741206788441962
"TBC1D13",-0.0746739992742647
"PRSS50",-0.0746910942117866
"LOC105369225",-0.0757935011625539
"TRIM36",-0.0760459927536916
"VAV1",-0.0762463152081662
"NPHP1",-0.0762547338671188
"IPO13",-0.0765627564937396
"INTS14",-0.0766043819789643
"FGFBP2",-0.0776867540577271
"ZNF200",-0.0777275310496871
"ZNF697",-0.0778147975215914
"AAMDC",-0.0789833186477357
"MIR29B2CHG",-0.0794101816774427
"LLGL2",-0.0794734408355001
"TBC1D19",-0.079687777321329
"SLC24A1",-0.0807382387595513
"ARL17B",-0.0807588940865099
"SUPT4H1",-0.0807718109027317
"TRIM35",-0.0820095186250396
"FRMD8",-0.0825179982685738
"VAPA",-0.0830060877889699
"MVP",-0.083219810870181
"ABI2",-0.0836445340005431
"CDS1",-0.0839410133160516
"NFKB1",-0.084026892976045
"PPRC1",-0.0851518080222686
"KHSRP",-0.0857401811333895
"TMOD2",-0.0864779659672996
"TMEM208",-0.0866917794993371
"LOC105376106",-0.0868003647746669
"ND3",-0.0871141301906387
"TCHP",-0.0889321177663652
"TUBB6",-0.0899354875716428
"RPS6KA6",-0.0903010661691288
"HSPE1",-0.0914901732880226
"SLC4A4",-0.0917787464626048
"GEMIN7",-0.092485527063536
"FBXO2",-0.0935328179623964
"TMEM177",-0.0946000589735896
"ZNF257",-0.0947905130455136
"C20orf202",-0.0956036422615033
"MAP3K4",-0.0957557669687988
"IL7",-0.0958572452553605
"LINC03034",-0.0962180254067217
"GASK1B",-0.0972582292721761
"RAB13",-0.0973906874289539
"MRPS27",-0.0980813898081844
"ELP4",-0.0981035159518378
"SSBP3",-0.0982362469635569
"DVL3",-0.0983858743215375
"RAB4B-EGLN2",-0.0989982583106921
"LINC00863",-0.0991602175607204
"TUG1",-0.0995312593299889
"TAF1A",-0.0998498947492706
"FBXO46",-0.0998806447755635
"LOC107986845",-0.0999235759063917
"ADD3",-0.10007378883544
"SIK2",-0.103013497735832
"CDK5RAP1",-0.103714861250297
"MXD4",-0.105037863627858
"CYB561D1",-0.105306649330736
"AKR1B1",-0.106111624354234
"UBQLN4",-0.10621638161223
"BLVRA",-0.107173642739034
"LINC02846",-0.107447215227673
"LOC102723360",-0.10866944836291
"C4orf46",-0.108979785220316
"LOC112268025",-0.110284632937305
"RRP9",-0.110620541266676
"HMG20B",-0.111448535654695
"HSPG2",-0.111646244640101
"GLS",-0.113547920520148
"COMMD8",-0.113780022190663
"ATP5MF",-0.113966294604654
"LOC652276",-0.115715100963357
"ANK2",-0.116450729595004
"RUFY3",-0.117715701592601
"KTI12",-0.117822493841072
"CNTFR",-0.118544343364198
"MRPS33",-0.119547009178057
"MYBBP1A",-0.12179061324785
"ZNF77",-0.122157923129394
"AGAP12P",-0.123284832888609
"MAPK8",-0.124284590146599
"PFKM",-0.124721690162622
"MAP7",-0.124846305223619
"FAM210A",-0.124965322556511
"RNA18SN4",-0.125296765561771
"LOC107987206",-0.125681836882414
"ADD2",-0.12633270627975
"RANBP3L",-0.126926563430166
"FAM153A",-0.12695260345472
"DDT",-0.127328549182463
"SLFN5",-0.127531915379813
"DNAJC8",-0.128193487704786
"STK32C",-0.128244547409894
"MIR6126",-0.128285893204907
"LOC105373570",-0.128518574852907
"OVAAL",-0.129697287445584
"ZNF738",-0.130070868273676
"SLC22A23",-0.130249259316205
"SNORA41",-0.130987289770729
"TNK1",-0.131222854079151
"MYL7",-0.131314588033719
"LOC105379271",-0.134477610270669
"RPS24",-0.134895439320457
"LOC112268458",-0.135025103967934
"GHR",-0.135520208569001
"SMPD1",-0.135826817638344
"GTF3C5",-0.135895200753699
"CEP170B",-0.135934333340735
"LOC105378179",-0.136287658164907
"CYP4F12",-0.136300643713559
"LOC107985870",-0.136456115146415
"PLIN1",-0.136992553283185
"CLK4",-0.137060588901183
"PHC1",-0.137258261435333
"MIR7705",-0.137462624566805
"USP32P3",-0.137697092509627
"PRR16",-0.138228449613616
"UBC",-0.138611107358827
"MCM5",-0.13878703020659
"MRPS35",-0.139126116871933
"LOC105379504",-0.139318647904135
"CHST10",-0.140099716592633
"INTS2",-0.140245127740121
"PCNX4-DT",-0.141989910586571
"MIR6721",-0.144176638792703
"MZT1",-0.144413383359143
"TALDO1",-0.144797170873702
"TMEM170A",-0.144839093569803
"CLSTN2",-0.145220843860455
"TGFBR1",-0.146477702393402
"CSTF2",-0.147953088251904
"MCM4",-0.148018506706093
"TGFBR3L",-0.148509017563312
"ICAM3",-0.149093404690046
"PPP1R9B",-0.149314585363413
"TNFRSF1B",-0.150613474546835
"TPRG1",-0.150644045443469
"GGCX",-0.150982046088563
"LOC105377887",-0.152166899813826
"METTL3",-0.152750405890666
"FAM98B",-0.153167833631913
"UNC5CL",-0.153280312661569
"LOC100653133",-0.15375442424219
"PHF12",-0.154049980203694
"MAGI3",-0.154210135061804
"CLDN22",-0.154859106806916
"TIGD7",-0.157635891769807
"FAM169A",-0.158288224439361
"NKIRAS2",-0.160668165084583
"LOC102724219",-0.162199086529287
"RNASE4",-0.162202084585524
"LOC100419583",-0.162407018494309
"SSX2IP",-0.163553871606545
"THRA",-0.163666761796577
"FER1L4",-0.164004554075694
"HERPUD2-AS1",-0.164023934268389
"LOC112267988",-0.164701728886597
"TP53BP1",-0.165688282847675
"NDUFAB1",-0.166224447439504
"HLF",-0.167471413897346
"ZNF23",-0.167974349478734
"SAMD1",-0.169028667444507
"SELENBP1",-0.169901818581036
"SNX31",-0.170363432958866
"NID2",-0.171125676586975
"ZNF219",-0.171198769030166
"EPOP",-0.171257026596237
"DHTKD1",-0.17269731949103
"MBTD1",-0.173739019493631
"ENTPD1-AS1",-0.173976886104604
"FAM104B",-0.174096284319181
"LOC105376952",-0.175598921860473
"TMEM201",-0.176367417915299
"ADGRB3-DT",-0.177013753476165
"BAZ2B",-0.17776906373255
"RNF38",-0.178483464417448
"AQP7",-0.179918757942905
"NEMP1",-0.180530758926326
"PNPLA6",-0.182005871378874
"RASGRP4",-0.182689645576951
"TRABD2B",-0.182977427481912
"NHS",-0.184318842672384
"SLC35E2B",-0.184386465146814
"UQCC1",-0.184672318033936
"NECTIN2",-0.185115390783143
"HEBP1",-0.186402581807442
"RND2",-0.187979042279215
"H2AC19",-0.188197622358439
"BABAM2-AS1",-0.188519083900261
"PLGLB1",-0.189640248593668
"LOC285638",-0.189744316553877
"RGS5",-0.189808665557679
"TRARG1",-0.189810209679836
"RN7SL2",-0.190274464992676
"PRSS44P",-0.190435150071764
"NDUFA6",-0.190602981536925
"CSRNP2",-0.192261058199206
"PCCA-DT",-0.19248164656073
"FXYD2",-0.194636179975813
"INTS15",-0.195229321988032
"PSMB7",-0.196708346212043
"UQCRFS1",-0.19752026324937
"GNA11",-0.199564974109468
"CALM2",-0.200538124238742
"LINC02777",-0.2005918252306
"TREM2",-0.200997425048037
"SPC25",-0.201514202070169
"PARP1",-0.201895395393171
"IUR1",-0.202735488413276
"DAPK2",-0.202781018254997
"CD320",-0.203305226218778
"ATG2A",-0.204873191350185
"CDK2AP2",-0.20490349035048
"PCBP4",-0.205292257041063
"RBM33-DT",-0.20538682385466
"TXNL4B",-0.206267079906069
"FAM180A",-0.206803984655046
"COX14",-0.207427538208777
"PLPP7",-0.20856715991313
"SPHK2",-0.208804033396609
"NDOR1",-0.210986702259754
"CFAP206",-0.211822079964532
"LRRC45",-0.213689114177801
"ASB16",-0.214079996110837
"PITRM1-AS1",-0.214985442634172
"LOC101930048",-0.215653765235742
"H2AC18",-0.21569049759263
"RN7SL1",-0.215922595040026
"TRMT10B",-0.215976166470183
"PSEN2",-0.216633641919137
"PLBD1-AS1",-0.217071708394884
"TJP1",-0.217104241309848
"LAP3",-0.217862134512508
"UFL1-AS1",-0.218452352393168
"P4HB",-0.218510826544167
"LOC102724945",-0.219631344393467
"LOC107986028",-0.219902286713047
"SAP30L-AS1",-0.223104171067037
"OAT",-0.223328063250127
"SYNJ2BP-COX16",-0.223671626688818
"OCIAD1-AS1",-0.22414520090593
"CCDC7",-0.224979815956972
"BOLA2",-0.225090506794586
"ZKSCAN5",-0.226188991375521
"BUB1B-PAK6",-0.226236382721135
"LINC01801",-0.22848365452857
"C8orf82",-0.229447634363624
"SH2B2",-0.230044072174271
"TCF15",-0.230125872831405
"GMEB2",-0.230274507099734
"MAP7D1",-0.230793205341249
"TRRAP",-0.230852615866844
"SLC25A25-AS1",-0.231058383763769
"ZNF823",-0.231352008202544
"SIX2",-0.232027987224709
"LOC107986985",-0.232056065457869
"CARHSP1",-0.232088136224427
"KIDINS220",-0.232321386267052
"LINC00662",-0.23311895139039
"RERG",-0.234592141793998
"BOP1",-0.234931426188946
"PGPEP1",-0.236733547044694
"RCL1",-0.237310116456625
"SENCR",-0.237357437583009
"SNAI2",-0.237397844830995
"C1QTNF1-AS1",-0.237755302592603
"TSGA10",-0.23840769870023
"MAPRE3",-0.238902417532893
"EGLN2",-0.239592599919681
"ZNF846",-0.239651010772361
"NXPE2",-0.240279564960873
"ATG3",-0.240939227905822
"PPP1R18",-0.241885811365078
"SEPSECS",-0.242599230099911
"CLCN7",-0.24537109933798
"MLLT1",-0.249316116423685
"LOC105373925",-0.24981912622483
"SMCO3",-0.2511083184247
"CENPC",-0.251519972544507
"SUPV3L1",-0.251712463452129
"NTRK3",-0.253046077565763
"RAB11FIP4",-0.253165811031568
"RNF31",-0.25340236744518
"RAD54B",-0.253451314483484
"MIR4697",-0.253621179916238
"UBE2J2",-0.254001082971984
"KIF20A",-0.255578586074681
"ARID5B",-0.255742387472473
"COL28A1",-0.255987292446486
"LOC105372795",-0.257153489865235
"SIDT2",-0.257388792661956
"LOC105375668",-0.257660361312588
"LINC00840",-0.258717648985173
"LOC112267947",-0.260480856116585
"DDIT4",-0.260647339816279
"RETREG1",-0.260933747236884
"MICAL3",-0.260985592930504
"DSP-AS1",-0.261958933792585
"FIGNL1",-0.262092367939112
"LOC101926907",-0.262652196293954
"LOC100422556",-0.263386083230932
"LOC105372793",-0.26468037757166
"PHKA1",-0.264756896281716
"MFSD8",-0.265409547798326
"SNHG7",-0.265941042063025
"LYRM4",-0.266205137787867
"PTENP1",-0.266406478482371
"LOC112268021",-0.266857009844587
"MTA1-DT",-0.267575936160392
"DDX27",-0.26773866918347
"TFPI2",-0.268138683491857
"JOSD2",-0.269184252486038
"ZNF121",-0.269416993782419
"EIPR1",-0.269732030457793
"FAM185A",-0.269788646731262
"STAT5A",-0.269945278863878
"DOC2GP",-0.270555963565543
"INSC",-0.270895041537518
"ANKRD20A4-ANKRD20A20P",-0.271670025480026
"MRFAP1L1",-0.272197717563187
"GPX1",-0.272356801692993
"LOC105375363",-0.272429885794305
"VPS37C",-0.273779802640498
"RAD21-AS1",-0.274031030694934
"PRADC1",-0.274664464500106
"LOC112268430",-0.27492256970934
"TMUB1",-0.275389100993801
"ATP2B1",-0.276332818945824
"ARHGAP4",-0.27652108243099
"ACSM1",-0.276788581878284
"LRRC37A2",-0.277107547236362
"FAM151B",-0.277246110396416
"LMO7-AS1",-0.278545338210305
"FRG1",-0.279080740750118
"NR6A1",-0.279208920150441
"CXCL1",-0.279742407231941
"IGSF3",-0.27994273184002
"SH3RF3-AS1",-0.280821366082564
"SCAT2",-0.281282621238426
"RMDN2",-0.281341324514292
"ASAH1-AS1",-0.282243914806475
"FBXO6",-0.282925758097605
"MRPS5",-0.285408083487756
"MARCKSL1",-0.285610892981186
"ARHGAP11B-DT",-0.285640482797656
"CKMT1B",-0.286157051827432
"CASQ2",-0.286379892523755
"MAPRE2",-0.28728999114467
"SLC22A3",-0.287297153322089
"ERCC1",-0.289141748522105
"CYB561D2",-0.289441902109418
"STK40",-0.289651195035534
"RAB32",-0.29013643157195
"PSMC1",-0.290754688653361
"ALG12",-0.290834230697129
"DFFA",-0.291199487073091
"ZNF266",-0.291502701071811
"IRF2BPL",-0.291925618477198
"ZNF689",-0.291969442590676
"KPNA5",-0.294127028197965
"BNIPL",-0.29439527443496
"SOX18",-0.296004370328482
"CNOT10",-0.296514189437856
"ZNF658",-0.298046789162059
"ITFG1-AS1",-0.298237334709501
"STK10",-0.300365491072713
"INSR",-0.30096339154163
"CTDP1",-0.301634069391619
"RAB17",-0.301679969614659
"SLC66A1",-0.301835111120338
"SPG11",-0.301952576950506
"IMPACT",-0.303232078312463
"TLE6",-0.303361566677718
"ASMT",-0.303472725310084
"ATP5MK",-0.30408356478271
"ATP8B3",-0.30451735934807
"NUB1",-0.304811653690634
"GMPPB",-0.304872128779009
"PSME2",-0.305953836226553
"LOC105375382",-0.306640708519482
"ZNF827",-0.307016865155458
"DNLZ",-0.307599664375265
"LOC101928933",-0.307638472059495
"POLD4",-0.308459267153117
"LOC100288069",-0.308987222717533
"CCDC57",-0.30938552062724
"LOC105371925",-0.310012141167185
"LINC02666",-0.311652559828293
"SLC5A3",-0.311735286520836
"TENT2",-0.311864909030063
"DTWD2",-0.311962473372411
"CXCL8",-0.313147462449024
"TTC27",-0.313749421965545
"CFP",-0.314011958755827
"COQ7",-0.314395947601868
"VASN",-0.314998803966539
"NAXE",-0.317166262727413
"MAST2",-0.318326658853849
"FLNC",-0.3202268357002
"GOLGA6L3P",-0.320822402267683
"PDF",-0.322162634826201
"DCAF4L1",-0.322241282776179
"HADH",-0.322371056259771
"NBPF26",-0.323110441853726
"FOXM1",-0.32419347352588
"CWC27",-0.324285837513656
"LPCAT4",-0.324423431531482
"SH3BP5-AS1",-0.324964322945758
"LOC107986129",-0.325082114089718
"EPB41L4A",-0.325192415339687
"TRIM59-IFT80",-0.325268175261523
"SLC48A1",-0.325828465608951
"SLC3A2",-0.326568855193253
"SMUG1",-0.326839311601502
"AKAP12",-0.328217676736943
"KIFAP3",-0.332877827331106
"MAZ",-0.336632568057679
"STEAP1",-0.337098183320305
"ZNF718",-0.337821121784804
"LOC107985285",-0.338246801045186
"PRKG1-AS1",-0.338253340636418
"ABTB2",-0.338482956657063
"LOC101927999",-0.338866602935948
"PPP2R1B",-0.339677694233212
"DSCC1",-0.339984847817922
"SHROOM2",-0.341632859591951
"TUBB2B",-0.342996586787316
"C14orf119",-0.343218917051787
"TWSG1",-0.343584594715732
"ATP6V1F",-0.344571605421475
"ZNF543",-0.344623256436642
"SCD5",-0.344682001250922
"ADNP2",-0.344887839979706
"BMX",-0.345434894348016
"LINC02286",-0.345960267646608
"WIPF1",-0.346726502787289
"MGC70870",-0.34681547562626
"CHMP1B2P",-0.346901040295901
"ZNF215",-0.346908163503553
"GLMP",-0.347232360590397
"ZNF684",-0.347353911915204
"CEP250",-0.348998889153706
"MIR570HG",-0.349564475433492
"LOC107987269",-0.350899778084063
"MIR4271",-0.350981999072291
"MIR3936",-0.351309243368147
"FKBP1A",-0.351787928681648
"FAM153B",-0.352625912884386
"NAP1L1",-0.353098019548863
"ZNF582",-0.353791330243013
"LOC100507156",-0.353807404715229
"MRPS18B",-0.354958383678955
"MSL3P1",-0.355188214620565
"SLCO1C1",-0.35594249573994
"TRPV2",-0.357780622352786
"CABP4",-0.358817799415041
"ADCYAP1",-0.359812007632615
"SLC8A1-AS1",-0.360601017849458
"CCT6B",-0.360962221970566
"RNF144A",-0.361556048215219
"ANKHD1-EIF4EBP3",-0.362490925614142
"TIPARP-AS1",-0.36260052329802
"GAS1",-0.363076796906715
"DNAJC6",-0.363719373822583
"THAP9-AS1",-0.364677614615814
"LOC101927864",-0.36550587630622
"TRIM52",-0.365551034730203
"DIRAS3",-0.365735428171556
"MAF1",-0.366986232632296
"LOC107985695",-0.367533088134862
"LOC105371998",-0.367915326771167
"LOC101929322",-0.368253438707569
"NFYA",-0.368563414655765
"ADAMTS7",-0.370344545422236
"FBXO36",-0.374004767722077
"NDUFB2-AS1",-0.374569410097467
"TRAF3IP1",-0.376003395704627
"LOC105378095",-0.376358600838937
"VIL1",-0.376617745247072
"GOLGA8R",-0.376886861813009
"MZT2A",-0.376964814607613
"RBM26-AS1",-0.377150929908976
"AP2S1",-0.377433722584429
"EFCAB8",-0.377752005861923
"PRAG1",-0.37899210958444
"OCEL1",-0.380434471788226
"EXO5-DT",-0.380981413933014
"GOLGA8S",-0.381310717742902
"MAP3K21",-0.381673146382338
"MIX23",-0.382372515224691
"PUM3",-0.382900710456249
"GATAD2A",-0.38301289763986
"FDXACB1",-0.38347059378254
"ATAD3A",-0.383535603391378
"ATP5MC3",-0.383817322152231
"TOMM40",-0.38500321592528
"SIK3",-0.385204433969041
"SLC38A11",-0.385672171412915
"MNAT1",-0.385820339401416
"PRKCZ",-0.386894218763033
"YBX2",-0.387304176832702
"PLEKHJ1",-0.38760703434735
"GPR22",-0.388424439023156
"SNORD36C",-0.38931549449456
"SERTAD1",-0.389402985060363
"LOC101928156",-0.389933539660415
"SYNE1",-0.390970294276594
"WDR41",-0.391321318167651
"MIR646HG",-0.391894545358873
"ADCK1",-0.39205670161258
"CSMD2",-0.392405269661232
"DCTN2",-0.392919921668257
"ULBP1",-0.39305017647406
"PWWP3B",-0.39528083459511
"ITM2B",-0.395878185649012
"KLHL17",-0.39679392164806
"MIR3940",-0.396830757292857
"LOC105372432",-0.396896546309908
"CASP3",-0.39776843378098
"PRLR",-0.400468101208586
"IFT80",-0.401562106457391
"USP6NL",-0.403183408314374
"PRXL2B",-0.403199140091819
"SCN7A",-0.403714947469307
"SH3TC1",-0.40378255413367
"ITIH3",-0.404222752892767
"CTSH",-0.404228918735706
"FAM124B",-0.405244156629358
"MRPL14",-0.405284668184122
"ZNF250",-0.406767773076215
"LOC107987057",-0.409532462843204
"UCK1",-0.409892449166019
"MARS1",-0.410159966010052
"ERG28",-0.411171078030814
"TNNT2",-0.411343597688585
"UQCRB",-0.412501234582517
"IGHMBP2",-0.412962009755324
"MAP4K4",-0.413887345001559
"AP5S1",-0.414212545318272
"SCAF11",-0.414822187712329
"ATP13A3",-0.415134394488697
"TAF1",-0.415245016461008
"WDR45",-0.415833067747593
"LOC101930112",-0.416237738807319
"KCTD15",-0.416242546474936
"CD248",-0.416695534244937
"LOC107986003",-0.416738931223418
"SMIM35",-0.417272045426759
"COMTD1",-0.41808970665209
"PSMB6",-0.418290581294589
"PPP1R3G",-0.419466336468584
"LOC107985873",-0.420100534751425
"CLCA4-AS1",-0.42207415484268
"RPL26",-0.422299553173066
"DPY19L2",-0.422618899975162
"PGBD3",-0.422762477280067
"ZNF726",-0.423019502288802
"STX5-DT",-0.423884712065259
"ANO7L1",-0.424677600594387
"ZNF876P",-0.424989661692421
"GORAB",-0.426015233826123
"FAM204A",-0.426352731766597
"PTCHD1",-0.426934266763193
"KIZ-AS1",-0.427146867885917
"TTC17",-0.428252042725789
"DENND10P1",-0.428766688535325
"SV2B",-0.429085793479524
"PCDHB6",-0.429652209009299
"LOC107986326",-0.430016519805114
"GCDH",-0.430073596743182
"C18orf54",-0.430743860476795
"PRR29",-0.431037548421538
"LOC107984821",-0.432131796984377
"PDK2",-0.432200486358938
"LOC101927888",-0.432280987403445
"CCM2",-0.4324539210988
"MPP1",-0.433085718487561
"C1orf174",-0.43342131462812
"BLOC1S1-RDH5",-0.433854386678571
"ZSCAN25",-0.43452254895217
"EPG5",-0.435094404239615
"BMP1",-0.436887433855489
"SCUBE3",-0.43745945481468
"LOC105372582",-0.437871235843847
"CLN3",-0.439647639124899
"TMEM37",-0.44105405049028
"CLMP",-0.441561385502151
"LOC107987398",-0.442350801887488
"ORC5",-0.443588906960716
"S100A12",-0.444459848498328
"LONP2",-0.445453105669913
"PIGP",-0.445528983274211
"CXorf38",-0.446433057045181
"RPS13",-0.447187155886648
"DPYSL2",-0.447677437148912
"KLB",-0.448071493094903
"ZNF701",-0.448466772583377
"ZNF7",-0.449698658850455
"C6orf132",-0.449764074754934
"CDKN2B",-0.450779809651865
"SLC35A2",-0.450812270361363
"IQSEC1",-0.45135344246586
"GPR137C",-0.451929421550078
"PRTG",-0.452606783357857
"AVPI1",-0.453698799533064
"SYNPO2L-AS1",-0.454152752665602
"CCDC141",-0.454692256071781
"MICA",-0.456276513282361
"SUB1",-0.4571617145297
"RNLS",-0.45717290591107
"EHHADH-AS1",-0.457518294615296
"SNRPB2",-0.45879123523496
"CAV3",-0.458877781160902
"LOC107987258",-0.459650988108641
"NDUFA4",-0.460465222427743
"TESC",-0.461992388096992
"MFF-DT",-0.46314757224195
"NME6",-0.463445144933004
"SNRNP35",-0.464388320820247
"DENND2C",-0.464437431132371
"OCLNP1",-0.464974360381705
"SETDB2",-0.465873193735708
"ARL15",-0.465984596089468
"AGAP6",-0.467418718202675
"MORF4L2-AS1",-0.467647127821939
"FAM185BP",-0.467672137708075
"LOC107985289",-0.467783896730572
"SNORA64",-0.468206672573135
"LOC107986084",-0.46843093773072
"FRMD7",-0.468617036218648
"ZNF256",-0.469140494568468
"GPR65",-0.470164877897798
"NLK",-0.470522934320245
"LOC100129697",-0.47190986426491
"CALHM5",-0.472008119751541
"CACNA1C-AS1",-0.472235669525652
"SRP14",-0.472909402278302
"GTF2IRD2B",-0.473123791654384
"HEBP2",-0.474284238529234
"FAM131B-AS2",-0.474666087082355
"LDB3",-0.475377676499741
"LOC101927377",-0.476158148101281
"SAP30BP",-0.478263301350703
"KCP",-0.479482947161268
"SESN2",-0.48095760025482
"ZNF180",-0.481279906193734
"TMEM138",-0.482029590324188
"CORO1A-AS1",-0.482092032286222
"SUGT1",-0.482230332409633
"ATP8B2",-0.483502469593036
"LRIG3",-0.484946934828062
"SLC26A6",-0.485482429909573
"ECH1",-0.485581523340831
"BTG1",-0.487381147961284
"CYP2U1",-0.48793595049646
"PIWIL2-DT",-0.488015392363525
"L3MBTL3",-0.488404308837564
"JPX",-0.488925672060172
"FNDC5",-0.489678019037689
"DUSP14",-0.490049431970922
"LOC105376579",-0.490091446340786
"LIPN",-0.490368311201426
"MRPS15",-0.491412768216653
"CBLN1",-0.492469471044911
"AIFM2",-0.492847718487234
"LOC100996506",-0.493433014460871
"NEU1",-0.493879966641087
"TLR5",-0.494849730558017
"ATN1",-0.495452406648196
"ZNF350",-0.497273022366578
"PDK4-AS1",-0.497409952754682
"ATG101",-0.497793477999946
"LOC105373785",-0.497852098869767
"BET1",-0.498600171184687
"LOC441666",-0.498635814511591
"MOK",-0.499230068238378
"ZKSCAN4",-0.500486422580227
"PRMT5-AS1",-0.501715059969725
"LINC00920",-0.501859398834306
"GCAT",-0.502276921311905
"TAS1R3",-0.503529998369746
"MFSD5",-0.503636031676638
"MT1F",-0.505680524035941
"ENOSF1",-0.509387175309165
"JAG2",-0.509398283583811
"ZSCAN22",-0.509436813878725
"LINC01415",-0.509529612826775
"MBD5",-0.509715686065529
"SLC2A8",-0.51011607043262
"LOC107983979",-0.511925714526596
"IKBKE",-0.51201922230673
"SCGB2B2",-0.514865363904767
"GPR132",-0.515281952209164
"UPF3B",-0.51538721248949
"RNF216",-0.515528668180781
"LINC02256",-0.516368271098177
"LCLAT1",-0.516706484834276
"COA8",-0.51691893252624
"AP3D1",-0.517804025484115
"ERCC6L2-AS1",-0.518199809403895
"BRINP3",-0.519865887721596
"BAG3",-0.520381263807306
"TMEM135",-0.520429106303024
"SCYL1",-0.520447472837173
"WAS",-0.52196775420734
"NLRC4",-0.522021465803008
"MEGF11",-0.522506640610844
"NAPEPLD",-0.522874251294495
"CHST1",-0.523359893692469
"SPG7",-0.524580396703809
"TAF7",-0.524684292379991
"ELFN1",-0.525065322405901
"CSNK1G1",-0.525309845898575
"ANAPC16",-0.525653287811199
"ZNF48",-0.525675729006148
"PIEZO1",-0.525713422516137
"BCAP31",-0.526394100629844
"COPZ1",-0.527070002813641
"LONRF2",-0.5298367900767
"EML5",-0.529934792000636
"IL12RB2",-0.530194586456678
"CHROMR",-0.530354662696205
"PRPS2",-0.531207934665942
"STK17A",-0.532139272690949
"LOC101929494",-0.533004496955127
"SNHG12",-0.53310861021165
"ARMCX3",-0.53351507628406
"DENR",-0.533650368838978
"YWHAE",-0.535564793791386
"LOC105370956",-0.536204179019449
"LOC102724859",-0.537921449972746
"FOXK1",-0.538120932547491
"TMEM265",-0.538293828558396
"CCDC127",-0.538389823305112
"SUCLG2",-0.53867089381102
"APH1A",-0.540040506976335
"LMNB2",-0.540515777538421
"VAMP5",-0.541309839427141
"ZNF619",-0.541478959815344
"NUP85",-0.542106756301728
"PCDHGC5",-0.542759687359854
"CASC3",-0.542945146159211
"RBBP6",-0.543217678852386
"SMIM1",-0.543501235390262
"RITA1",-0.546250103429515
"LOC107986696",-0.547031600359659
"ARHGEF16",-0.548000756984063
"MYBPHL",-0.548361558386163
"CNPY2-AS1",-0.548789302229058
"ELMOD2",-0.549111643608597
"LOC107986197",-0.550369048818894
"EVI5L",-0.55177253387944
"MAN1B1-DT",-0.551860032157068
"MALSU1",-0.553025074121205
"UROS",-0.553625431467018
"ALG1",-0.555165852842929
"NKX2-5",-0.555293022355136
"WDR17",-0.555344998457068
"C5-OT1",-0.557220594397402
"MICA-AS1",-0.557415665942614
"MAP3K7",-0.557713523899154
"KCND1",-0.559495363529005
"TUSC2",-0.561306455001185
"APAF1",-0.562264347009968
"MLF2",-0.562391289502972
"SFXN3",-0.56242998787283
"LINC01170",-0.562503463201794
"LOC107984737",-0.563209700535344
"LOC105376286",-0.563651239539814
"SF3B3",-0.564963706367509
"ANKRD53",-0.566952979585326
"LOC101928068",-0.56704075840461
"VAC14-AS1",-0.567312387147692
"HEATR4",-0.567575599197825
"CTSS",-0.56799810253074
"FTO",-0.568756247679765
"HFE-AS1",-0.569429891335947
"LAT2",-0.569647734529291
"SLC38A4-AS1",-0.570121012611073
"ADNP-AS1",-0.570176533289464
"CCDC86",-0.574328475487055
"ADORA2A-AS1",-0.574815774587988
"PDPR2P",-0.575199038342042
"VSIG10",-0.575228069279784
"LOC107985733",-0.575329567972009
"TBC1D10A",-0.57702669825933
"TRIM47",-0.577403443724662
"MOB3A",-0.577547531403938
"PARD6A",-0.578542913709268
"MTG1",-0.579124396381575
"ZNF283",-0.579183595285647
"PLPPR3",-0.579572454735892
"ZBTB26",-0.580008647374477
"LOC112268469",-0.581383789051108
"PIGBOS1",-0.583841040392604
"LOC107984747",-0.585053344115
"LOC105370027",-0.585637078338665
"GOLGA6L5P",-0.585765956622498
"ARHGAP23",-0.586896277478736
"EME2",-0.588629933864809
"DCAF4",-0.589455163726714
"LINC01410",-0.589930590132593
"ZNF681",-0.59078815488684
"MYLK2",-0.592337224837324
"PIGM",-0.592497810037978
"CCDC152",-0.592900181933963
"QARS1",-0.593297028658978
"NOTCH4",-0.59403980919831
"PITRM1",-0.594070327787456
"LOC107985201",-0.595609813075231
"H4C8",-0.595638897118388
"LOC105376139",-0.59627800320514
"CIDEC",-0.596760260123477
"AMPD2",-0.597042564079757
"LAMB3",-0.597160829014836
"LINC01428",-0.5984489999336
"WASHC2C",-0.598838304378907
"UQCRH",-0.598987434047951
"SEMA3G",-0.600025626564221
"WDR74",-0.60035233524507
"RIMOC1",-0.601008651136135
"ZNF169",-0.601157122881159
"PIGV",-0.601552122753385
"POP7",-0.602298676342246
"GAS2L3",-0.603145314060991
"LSM5",-0.60356729503546
"BRSK2",-0.603924180060003
"RBM24",-0.60412469378587
"SNORD38B",-0.60460728574448
"APEX2",-0.604966951522827
"LOC105376392",-0.605803410864603
"PFKFB2",-0.605847086722875
"GTF2IP12",-0.606720752006377
"MRPS24",-0.608857915069324
"MIR4680",-0.609378358537964
"STRN4",-0.609755242368804
"LOC101929240",-0.610867886712638
"LETM2",-0.611925198979027
"TEX56P",-0.612244437092272
"ZNF493",-0.612645462342453
"CCL19",-0.612678126019332
"METTL23",-0.613018881054911
"STT3A",-0.614645320849201
"ZBTB7A",-0.614715991465989
"ADGRE4P",-0.615094814637961
"RPL32P3",-0.616715168258156
"LOC105379395",-0.617123715820924
"SHKBP1",-0.619113406630595
"IMPDH2",-0.619470705980308
"PSMA7",-0.619798825238032
"ARHGEF5",-0.620486082314174
"FAM174A",-0.622732855019765
"LOC101928512",-0.623038470587433
"GXYLT2",-0.62414212355089
"ST3GAL2",-0.624957479818105
"SMAD1",-0.625141181618462
"LOC105374355",-0.626346961280615
"LIMS2",-0.626358307408847
"NBPF15",-0.62711970809509
"ZNF184",-0.62812414170528
"TMEM179B",-0.629792930854262
"FAM151A",-0.629864037064599
"TFDP2",-0.630081174121269
"AFAP1L1",-0.630107183786685
"PCDHGC4",-0.630406874175839
"RPSA",-0.630851194167988
"LOC105379382",-0.631249285710517
"ATP6V1FNB",-0.631555236824549
"DNAI3",-0.631571539097747
"GABPB1-AS1",-0.634078527107475
"C12orf4",-0.635384487515008
"VNN1",-0.636312118754541
"RTL8A",-0.638020623420859
"AMIGO1",-0.640199259416787
"NRAV",-0.640497328682103
"GOLGA1",-0.641113260924234
"MYL12B",-0.641620827829523
"EEF1B2",-0.641716907230613
"LOC105369161",-0.641744738422263
"GALNT7",-0.642588561083618
"TIMM50",-0.642623005653211
"WBP2",-0.642916884129428
"ZNF222",-0.642965209413566
"USP32P2",-0.643981792827626
"LIN9",-0.644824634102429
"LOC107984984",-0.645090837647309
"FAM81B",-0.645760493074153
"TSPEAR-AS2",-0.646539066250056
"LOC105374942",-0.647211407446134
"LOC100288162",-0.647235748520713
"ZC3H10",-0.647310475122136
"PTPRS",-0.647738230746311
"TRMT13",-0.647836842624155
"HMGA1",-0.6485526715351
"CDKN2AIP",-0.649069038757591
"DMTF1",-0.649083846130196
"MIPEP",-0.649117892923841
"POMGNT2",-0.649868721096785
"PREPL",-0.650437513321965
"USP6",-0.650540868048528
"GAS7",-0.650641765685732
"SMARCA5",-0.650803940574894
"BRI3BP",-0.650890293555487
"EWSR1",-0.651267862041177
"PHAF1",-0.652919010074673
"DOCK8",-0.653650641172647
"RAB41",-0.653906740578686
"POM121C",-0.655873228427762
"RGS19",-0.656105825240867
"LOC100289511",-0.657583576029553
"CSNK2A2",-0.657763097200781
"VNN2",-0.658194402467567
"LOC105378221",-0.658293146655018
"TMEM88",-0.658799744279472
"SEC22B3P",-0.659561809468987
"GIMAP2",-0.659826688516935
"CCDC92",-0.660438383770395
"LOC101929128",-0.663391206721585
"FLVCR1",-0.663647365889616
"RASSF5",-0.664089778615583
"LOC101927603",-0.666574059978034
"LOC105373378",-0.666672555873005
"ZNF865",-0.667590643176678
"PAN2",-0.669431032981766
"DGKD",-0.669709115022355
"ZMYND19",-0.669813176090777
"DGAT2",-0.670733231010863
"LOC101929356",-0.672208667975005
"SPIN1",-0.67253984631268
"SANBR",-0.673927132103939
"URGCP-MRPS24",-0.674409663162136
"KRT8",-0.675279101259421
"TYW1B",-0.676531502081822
"SPATA22",-0.67740210879177
"CACNA1C-IT1",-0.678010486100084
"BTBD19",-0.678067656126227
"THAP2",-0.678428684589807
"EYA1",-0.678688589553145
"KMT5B",-0.678769303884278
"DCP1B",-0.679461673712701
"COG5",-0.67992027568371
"SEMA6A-AS1",-0.682012625607757
"MIR4697HG",-0.682088642505234
"ZNF136",-0.682205745726773
"GUSBP2",-0.682417864582045
"MIR3661",-0.683976670957678
"DDX55",-0.684304759138154
"FTL",-0.684343358675432
"CORO6",-0.685236824588924
"SFXN5",-0.685406085891878
"ZNF174",-0.68554580278419
"SRSF9",-0.685767284455066
"GCNT1",-0.685807197441762
"TRAC",-0.687126354452812
"MTTP",-0.687787066206824
"CYP1B1",-0.688112753465355
"LOC100506023",-0.688475449680528
"UNC50",-0.689066634209759
"H3C6",-0.689221940279048
"DNAAF1",-0.689621869810471
"DNAJA4",-0.689861773773303
"SP2-AS1",-0.690873051611814
"CRYZL2P",-0.692073087514884
"TMEM217",-0.693546961115146
"ABCB9",-0.694046974499536
"GPT",-0.69431777904365
"STX10",-0.695263836795106
"TEPSIN",-0.695334625837303
"ADAMTS12",-0.69542911692656
"CYTIP",-0.695560046864216
"LOC102723409",-0.6956999528548
"WDR77",-0.695973634522626
"LOC112268460",-0.696958284074337
"SH3PXD2A",-0.69810238183453
"PPP2R5B",-0.698271753645919
"TLE1",-0.69851601337987
"ST6GAL1",-0.69982725186728
"MIR9898",-0.700542210769056
"ABCG1",-0.700758484249046
"ARF4",-0.701756343178479
"SREBF2",-0.702605409887401
"UGDH-AS1",-0.703350890957586
"LOC107986904",-0.703542082837248
"PSMD3",-0.703604280045012
"NKX6-2",-0.704280625061886
"CLASP2",-0.704335803815214
"POGLUT3",-0.70496504438261
"LGALS12",-0.705553835150591
"CACNA1C-IT2",-0.706235514399568
"DLD",-0.706976922475707
"SPDYE5",-0.707269287829577
"COX5A",-0.707357695092422
"SNX32",-0.70840698966662
"MINDY3",-0.710404766677138
"AGBL3",-0.710416573976675
"LOC105374809",-0.712485433096677
"LOC101928589",-0.7125901920239
"SNORA8",-0.712877584637775
"IMP3",-0.713178844160325
"FAIM2",-0.713466222966311
"SNRK-AS1",-0.714418842384834
"BOLA2-SMG1P6",-0.714794816937137
"MIR7109",-0.71502062724198
"CHAF1A",-0.715147430441443
"NDUFS1",-0.715930143843222
"IRX4-AS1",-0.717275967178287
"PTMA",-0.717480340971489
"LOC105376447",-0.717513603979192
"COX3",-0.717649867331365
"DUSP18",-0.718028911424139
"PRSS45P",-0.719122139139723
"BTBD8",-0.720746101580398
"LOC101929823",-0.721943181353296
"PFN1",-0.722472286216627
"CDNF",-0.723266330282815
"ETV3",-0.723424791673641
"PMVK",-0.723647417367433
"LINC00960",-0.724233648888336
"MOCS3",-0.724405644463111
"MIR612",-0.725076564990409
"MRPL27",-0.72595860136611
"PRG2",-0.726580626240834
"LILRB4",-0.727205953833533
"HIVEP2",-0.728224903951618
"PELO",-0.728239939960604
"PLSCR3",-0.728326716389306
"AUH",-0.7285521079849
"RPS6KB2",-0.72962162367243
"FAM20C",-0.73305271765598
"DEPDC4",-0.733385950277233
"RAB38",-0.733447886119307
"SDHAP2",-0.733841109336332
"CASP2",-0.733965942897272
"SATB1",-0.734058862424782
"MED18",-0.734249340030993
"TRIM62",-0.73585092502022
"EMILIN2",-0.736512366452138
"ATP5PB",-0.736657483018968
"LOC107984247",-0.736953646309976
"VEGFD",-0.737826720683654
"ATM",-0.737945599674488
"OSBPL5",-0.738266738536214
"ELN",-0.738468467718333
"SMURF1",-0.739234836352236
"TRA2B",-0.740203396791878
"LMBR1L",-0.74120999375685
"PC",-0.742336202253801
"NUDT16-DT",-0.742890131324427
"DIABLO",-0.744009111770591
"MAD2L2",-0.744946921293848
"RPRD2",-0.74532951205346
"TIMM10B",-0.74536920967688
"MAP10",-0.747215171619529
"PLPPR2",-0.749462653912963
"ZNF419",-0.749912569934163
"LOC101929540",-0.750011792597403
"ID1",-0.751000507473861
"ZNF527",-0.752666064952632
"DOLPP1",-0.753175190202166
"TTC32",-0.753372149071205
"ORAI2",-0.754088427318797
"TXNL4A",-0.755147190794067
"HERC1",-0.755253548985007
"LOC105369151",-0.755294797456672
"LINC01409",-0.75666630925981
"ZNF737",-0.75698951644525
"SPRY1",-0.757001820605293
"LOC107986462",-0.757231074900746
"LOC105372698",-0.757788487228597
"ZSWIM7",-0.75805540945078
"KMT2B",-0.758256213147273
"BTG2",-0.758355006754531
"RAG1",-0.759927062122841
"KEAP1",-0.760138508972157
"LOC105371452",-0.760807593181388
"FLG",-0.761980762223692
"LOC105371768",-0.762485138862848
"ADAR",-0.763345428448474
"GRAMD4",-0.763667367360646
"LIMCH1",-0.764048035640058
"SDCBP2-AS1",-0.765645422202372
"SLC10A6",-0.766457756945023
"PPP6R1",-0.766575924610818
"RELT",-0.767097805101349
"LOC107985988",-0.767768553383739
"MARK4",-0.76851022297875
"GRK2",-0.768587489318612
"UTP6",-0.770393735923059
"DYSF",-0.770751318724068
"FAM50A",-0.771493988885276
"TPH1",-0.77171289992815
"CYP2U1-AS1",-0.772222068781085
"EMC2",-0.772612385785783
"KIFC2",-0.773104093910842
"COL5A3",-0.773195072319863
"MEIS3",-0.773643388433768
"NDUFAF1",-0.774582201810822
"GTF2I",-0.77528388831282
"AAR2",-0.776200563394773
"SEPTIN7P11",-0.776604534683274
"AURKAP1",-0.776618378630574
"TAF5",-0.777840021432817
"NAA60",-0.777840102354382
"NHERF2",-0.778112826259345
"WFDC1",-0.778430475697068
"EML6",-0.778527517796945
"HPS5",-0.778612302817393
"LOC105378941",-0.779470652177526
"MED7",-0.779888959847248
"LOC101927178",-0.780299836452027
"UBN2",-0.780326851798802
"MIR12119",-0.780689012966381
"FAM78A",-0.781507784442185
"LOC107986599",-0.781911606534061
"TESMIN",-0.781922742650429
"LY96",-0.782054247274988
"HMGN3-AS1",-0.782323329703975
"SMDT1",-0.782479179765502
"NBPF20",-0.783223261693113
"PES1",-0.783712063770876
"PAN3",-0.784262571257182
"UTP14A",-0.784847124159218
"ANKRD36C",-0.785070527083739
"APOLD1",-0.785856467499387
"PKM",-0.786167779767828
"KLHL18",-0.78912916063248
"PDIA3",-0.789210911553349
"SDHB",-0.791060888392095
"RPS19BP1",-0.791102580637047
"SNORD99",-0.791368685967886
"LOC107986162",-0.793113722866924
"MED14",-0.793352237130092
"SLC4A2",-0.793626116639108
"TENT4A",-0.795003578900928
"RGS7BP",-0.795475943312347
"LOC105375737",-0.795676235644856
"NDST1",-0.796456221278723
"AMOTL2",-0.796511950151299
"ITPRIP",-0.796999836213836
"ATXN3",-0.798061775912076
"TIGIT",-0.798701463757511
"RFC5",-0.798715686623559
"MTHFD2P1",-0.799307509804658
"GPALPP1",-0.800202243632214
"R3HCC1L",-0.800512128209001
"ACTG1P4",-0.802369773250324
"LOC105373975",-0.803531782305149
"CUEDC1",-0.804676164386803
"TRIM68",-0.805037241981126
"GTPBP6",-0.805221603788916
"MT3",-0.805646217443926
"MYL6",-0.805774800527673
"SGMS1-AS1",-0.806693000288839
"KCNJ2",-0.806716657457548
"H2BC8",-0.80741768388671
"RIOX2",-0.807681750952282
"ST20-AS1",-0.808730502757489
"TDP1",-0.809468056114774
"ZNF300",-0.809716692540901
"MRPL18",-0.809966310874167
"RAB11FIP5",-0.810138889934149
"TMLHE",-0.810553529820917
"SEC22B2P",-0.811505857155707
"LRCH2",-0.813647482785091
"PREP",-0.814370968272832
"COG6",-0.815752292953443
"ASB13",-0.819414972045424
"KLHL11",-0.819559472496625
"CTNNB1",-0.820528430630601
"COMMD9",-0.820620121010382
"GPT2",-0.820730121693653
"CCDC142",-0.821329907815063
"LSP1P5",-0.821562239108879
"LOC105379154",-0.821702037535037
"IRAG1",-0.824215250027428
"AHDC1",-0.824475804707
"C21orf140",-0.824785348839049
"LACC1",-0.825026939564892
"UBE2W",-0.826446795365145
"ASNS",-0.826835588819765
"CAPG",-0.827090884861077
"ZNF608",-0.82721911447173
"DISP1",-0.830453762538311
"BUD23",-0.831560413642544
"LOC101928359",-0.83205333161317
"LOC101927404",-0.832594187441028
"FAM89B",-0.833547154076273
"TDRD7",-0.833747534122456
"SLC25A17",-0.835119712810804
"MIR611",-0.835525932872833
"LINC01880",-0.837672108424539
"MIR4712",-0.838362484270277
"BCAS2",-0.838494927736424
"TNKS1BP1",-0.838739642723182
"SNORA24",-0.838775129822777
"KCTD14",-0.839349633293146
"ENTPD3-AS1",-0.840169821674729
"FMNL1-AS1",-0.840461292485266
"DLG5",-0.840882046327643
"CRYZ",-0.841770115522415
"BORCS7",-0.843289219271113
"MIR6789",-0.843446316127724
"MFSD13A",-0.843723802164839
"SH2D3A",-0.844230554614108
"PXDN",-0.844800907914377
"FRG1CP",-0.844938888840499
"LOC102724474",-0.8455148139859
"FHL3",-0.845815581184917
"FAM239B",-0.846474076416719
"ZSWIM1",-0.84654735640946
"PKD1L3",-0.84763874408558
"GTF3C2-AS2",-0.849045963386865
"IGSF5",-0.849320198673673
"GOLGA8O",-0.849389924621963
"LOC102723451",-0.850008506955288
"TMEM97",-0.850652892592823
"RBP4",-0.851632442733662
"GATAD1",-0.852255491905618
"PERP",-0.85228835915326
"LOC728024",-0.852405291441678
"GCSHP3",-0.85291786549863
"SLC25A42",-0.853282327249274
"SUMO2",-0.854620716773899
"ZEB1",-0.855256529169109
"SPDYE18",-0.855295534768398
"GCC1",-0.855520186915221
"PIAS3",-0.857078907771852
"PRPSAP2",-0.857468243588647
"LOC105371532",-0.857622760432308
"ZNF518A",-0.857869202346926
"DHX57",-0.858031281906808
"TULP4",-0.858693288235356
"HSD17B13",-0.85950408888191
"FSD2",-0.859945034181212
"DTL",-0.861247187026692
"LOC105377347",-0.861444970826396
"DGCR11",-0.86186303251497
"HNRNPUL2",-0.862079524439115
"ZNF230-DT",-0.863590344447313
"MIR224",-0.863998163676754
"TRNP1",-0.864290962974168
"LOC102724475",-0.86647464487875
"ZFP36L1",-0.866581583259213
"SLC35E3",-0.866877593423401
"ARAF",-0.866957247493522
"SLAIN1",-0.867814016881108
"LOC105379272",-0.867896738622439
"TPM2",-0.869193104828625
"BTBD10",-0.870348907801323
"C1QA",-0.8719711025218
"ZNF37BP",-0.872056469021004
"RMDN3",-0.872299392367394
"SMIM17",-0.872957810540315
"LOC112268112",-0.873076934018189
"NACAD",-0.873371117385039
"ANGEL1",-0.873698727873132
"C12orf43",-0.874663954764895
"TPCN2",-0.876942860806707
"MRPL51",-0.877261493190584
"STIMATE",-0.877941020667178
"METTL2A",-0.879278242341035
"KATNAL2",-0.879597905989549
"SDCBP2",-0.879745645953135
"ENTPD5",-0.88013333694016
"SRPX2",-0.88104467853305
"LOC101929285",-0.881309955309151
"EFNA4",-0.881843411778149
"LOC105374191",-0.883434452080763
"ACOT11",-0.883636462594077
"FAT4",-0.884129485672453
"PEX3",-0.884650853692184
"DUSP19",-0.886400234290115
"METTL14",-0.887381378258744
"SGTB",-0.887586202736476
"LOC107984661",-0.888816281210872
"ERVK13-1",-0.889431738712462
"C9orf131",-0.890239029285324
"TAL1",-0.891871243068602
"SRSF4",-0.891997976058641
"NCR3LG1",-0.892897870325243
"POF1B",-0.893488437229005
"NORAD",-0.893512555036535
"NPEPPSP1",-0.894995789217156
"DUS4L",-0.895310391522273
"PEPD",-0.895876130892074
"CCT3",-0.896470837405352
"HIF1A-AS3",-0.897458112248387
"PTPN18",-0.897478775029018
"ZNF333",-0.897881236544467
"MPV17L2",-0.89803940558951
"LINC01186",-0.899165539344773
"LRCH4",-0.899384426318031
"PIBF1",-0.899884095713276
"FAM177A1",-0.899891905696871
"SETD1A",-0.900416100607163
"HIRA",-0.901418263820172
"COX10-DT",-0.901602423517929
"GOLGA6L17P",-0.902066124256402
"MFSD4B",-0.902170922518287
"GEN1",-0.902470407460599
"ADI1",-0.902848553890551
"EYS",-0.903747021809203
"EMCN",-0.903920197306099
"ANXA9",-0.904223520599357
"EIF2S3B",-0.904466705094246
"SNORA7A",-0.905426113871288
"WASHC1",-0.906325579860837
"APP",-0.906427406873894
"LINC00924",-0.907238334593463
"PHF7",-0.907370492203819
"LOC105374838",-0.909147044663593
"ANO10",-0.909390287008186
"ARFIP1",-0.909427873701474
"GUCY2C",-0.909991221296757
"PTGER4",-0.910193670437776
"ZNF138",-0.91078388565709
"MSANTD2",-0.911445838826692
"SBF1",-0.911604289713381
"CSF2RA",-0.912366848611957
"CREBRF",-0.912629906026319
"PTPN2",-0.912735574671428
"P4HA2-AS1",-0.913061828055393
"SPDYE1",-0.913769742004647
"PMEL",-0.914478864137415
"CHCHD7",-0.915222741136066
"FGGY-DT",-0.915880633906638
"CASP4",-0.916634392699606
"DDX42",-0.918145104734349
"TCAF2",-0.918840443195549
"MASTL",-0.918861369576336
"ATXN1",-0.920477109598088
"HSPC324",-0.921381357938697
"BCL7B",-0.921463842782106
"MYPOP",-0.921953184289134
"SPTBN2",-0.922132561772822
"ZNF597",-0.923012656526559
"ATF6-DT",-0.923390473081479
"SLC29A1",-0.926621256364446
"UBR5-DT",-0.92672009296864
"ZNF3",-0.927704486298304
"CDK8",-0.928089630038921
"ZNRF1",-0.928249252562445
"WDR4",-0.928273413030008
"LOC101928371",-0.92873102050534
"C8orf48",-0.928869574795098
"THSD7A",-0.928964198549405
"FUOM",-0.929333489129734
"AAK1",-0.929432753537884
"PRICKLE2-AS1",-0.930075057935069
"PCDHB18P",-0.9302569873598
"PROK1",-0.931467810944068
"CIART",-0.932008681593375
"PRNP",-0.932138980673036
"UNKL",-0.93244641168813
"TAFA5",-0.9329852963806
"FOXJ3",-0.933353108767375
"XPC-AS1",-0.935378095218908
"FOSB",-0.936247969864494
"WDTC1",-0.936721131210535
"GRWD1",-0.9370960680308
"SPATS2",-0.937663531875318
"LINC02254",-0.938306340376541
"MED9",-0.93876858537235
"GIPC2",-0.938828606674536
"TMEM14B",-0.939143345386827
"RPS7",-0.941186131244277
"SERINC2",-0.941884525461751
"TACC3",-0.941926138134864
"SPACA6",-0.942237884106039
"ATG9B",-0.943252064404421
"DNAJA3",-0.943414279246393
"DACH1",-0.943626395964842
"DAB1",-0.944064356849024
"CRYBG1",-0.944146211399377
"GRK6",-0.945037290350654
"TLR3",-0.945095707242888
"TSPEAR-AS1",-0.94562000175904
"C6orf47",-0.94657532941453
"SPATC1L",-0.94749382358505
"HEPACAM",-0.948696163425153
"CKS2",-0.949959957107402
"FAM184B",-0.950228360505019
"FAM228A",-0.951511956362084
"SNORD142",-0.952627118940803
"LOC107987238",-0.954436064760822
"HMG20A",-0.955785609539702
"LOC112268235",-0.956009849461844
"TUBB3",-0.956074139691055
"NDFIP1",-0.956316235104537
"MRAP",-0.956873449311465
"YTHDF1",-0.956958074910326
"NPHP4",-0.958715921386146
"MTMR8",-0.958944046939911
"CCDC158",-0.959364836833008
"LOC107985034",-0.959616591605664
"OGT",-0.959807362231467
"NEURL4",-0.960097535178913
"MASP2",-0.960595629854514
"SLC39A3",-0.961710536479751
"LOC112268444",-0.964051965397797
"STIP1",-0.964303804412434
"NARF",-0.965614662380719
"CIAO2B",-0.965853604584022
"FKBP4",-0.966388346581318
"PPP6R2",-0.966639288334813
"SNORA26",-0.967126644419042
"CRBN",-0.967749525423706
"ZNF747-DT",-0.968549163395053
"ATG4D",-0.969919149358862
"WDR62",-0.970042737688714
"TIE1",-0.970606463910227
"MIR1307",-0.970755942821071
"MAK16",-0.971979721424477
"EXOSC8",-0.97218354859805
"GCH1",-0.972527295345107
"LOC107987244",-0.972678603429586
"HSP90B1",-0.972969314646598
"HSBP1",-0.973191699727171
"PSMA1",-0.974026581495296
"LOC107984220",-0.974569644598242
"MIR3655",-0.974943146973084
"ZNF787",-0.975094650414982
"ATMIN",-0.975518011585429
"NOM1",-0.977425666332816
"ERBB3",-0.978579425071769
"BTN2A1",-0.978672728072872
"LYZ",-0.978851978051159
"JMJD1C",-0.980852874114854
"TMEM150B",-0.981757219993182
"H1-9P",-0.981784942173124
"ANKRD20A1",-0.982421986262852
"CEACAM1",-0.983230609787286
"BAG1",-0.983290542184922
"MRPL35",-0.98336857962518
"CLUHP3",-0.983812700674543
"RAB2B",-0.984555395429324
"SNHG6",-0.984979983753739
"MYRIP",-0.986703675518073
"DIXDC1",-0.986914963560393
"EHD1",-0.986971083863856
"DENND10",-0.987322293661996
"LRP2BP-AS1",-0.988041794783836
"CASP8",-0.988055663815547
"NCL",-0.988864058293878
"DHX30",-0.989118559898687
"AGMAT",-0.989377617235412
"VPS9D1-AS1",-0.989627498715016
"MAD2L1BP",-0.989770361931951
"ERV3-1",-0.989774262445688
"SNORD83B",-0.990636606791775
"ZNF879",-0.991608583504857
"KLHL5",-0.991690790070077
"ACSS1",-0.993521458785701
"SUSD6",-0.994380028992341
"GCC2-AS1",-0.995329412484758
"LOC107984485",-0.995663205291878
"C3orf20",-0.996030665572505
"CCDC93",-0.998390673964267
"LOC107985725",-0.998704628810652
"PMF1-BGLAP",-0.998840338703793
"ZNF223",-0.99985354040295
"OARD1",-0.999877230743355
"MIR568",-1.00067302210311
"PPP1R14C",-1.00077675453522
"ERI2",-1.00333199785392
"LOC102723728",-1.00346337200772
"LARP7",-1.00363997758747
"ACVR2A",-1.00416259905348
"LOC101929326",-1.00471478327416
"KDM1B",-1.00619600032261
"RPSA2",-1.00722861544963
"DIO3OS",-1.00777671803157
"GOLGA6L10",-1.0086798596985
"GEMIN7-AS1",-1.01122086552599
"CRYZL2P-SEC16B",-1.01226161702459
"CAP2",-1.01231486338073
"PAFAH1B2",-1.01292440867121
"ZNF25",-1.01307411251259
"DENND5A",-1.01343917479773
"ZDHHC11B",-1.01416327999898
"RPL14",-1.01485207064139
"SMURF2P1-LRRC37BP1",-1.01567181105313
"AKAP3",-1.01670061880819
"LOC107987147",-1.01671684373078
"MIR5010",-1.01753268308526
"SOX2-OT",-1.01774729030443
"USP44",-1.01777206816076
"LOC105376018",-1.01796394545952
"LOC105371692",-1.01850224718899
"PTGS2",-1.01959621020794
"EXOSC1",-1.02003571512924
"ZNF620",-1.02019663281481
"TARDBP",-1.02077453367318
"VPS33A",-1.02090603398181
"MASCRNA",-1.02112108983678
"SIN3A",-1.02126898719347
"CZ1P-ASNS",-1.02178647732189
"UBE2R2",-1.02206928252756
"RGPD4",-1.02347498368897
"NEDD8-MDP1",-1.02392590871561
"LOC105373835",-1.02415029788951
"ZNF26",-1.02634531884678
"LOC102724642",-1.02735127695691
"LOC112268086",-1.02810211171374
"TSSK3",-1.02822511422103
"ZNF750",-1.03044382308191
"ZNF287",-1.03091428349114
"LOC107987326",-1.03121126485314
"ZC3H13",-1.03127508917498
"KCNC3",-1.03132597025851
"RELCH",-1.03287023973454
"PAQR4",-1.03364627016399
"PKP4-AS1",-1.03378179759093
"RARS2",-1.03417668382754
"FXR1",-1.03492391544533
"APOBEC3B",-1.03645621986962
"USF1",-1.03803875044158
"HIKESHI",-1.03944095791568
"LOC105376244",-1.04104151532805
"CCDC14",-1.04150180268714
"TMEM220-AS1",-1.04164664253544
"LOC101930307",-1.04262928145071
"HEG1",-1.04272252002625
"HM13-AS1",-1.0442378267314
"PRSS42P",-1.04425431695951
"CABYR",-1.04427569454649
"CAPN10-DT",-1.04534898820345
"RASL11A",-1.04560570259907
"VEZT",-1.04635129954336
"C8orf76",-1.04744327082924
"GPBAR1",-1.0481691166777
"ZC3H8",-1.04934071188459
"MPDZ",-1.04971254801424
"MAP9-AS1",-1.05176055006512
"TPD52L2",-1.05222088498323
"ERI3-IT1",-1.05281987909322
"LILRB5",-1.05484660010343
"TPP1",-1.05527868244637
"FUBP3",-1.05552738711352
"PPT1",-1.05634607663456
"SIRPB1",-1.05659601477197
"DNAJC13",-1.05711519894848
"CRAMP1",-1.0571894362413
"DHX16",-1.05719301020887
"DDIAS",-1.05822959982424
"LOC100506124",-1.05878528779005
"EFCAB7",-1.05892195481641
"ZNF561",-1.05912754514652
"HOMER2",-1.06171270343277
"TIPIN",-1.06272275319412
"PEAK1",-1.06453850670169
"FBXO8",-1.06546263804023
"POMK",-1.06601381049363
"WDR45B",-1.06636137889469
"DUSP29",-1.06728512133495
"NCF4",-1.06732443200365
"CCT6P1",-1.06757963223898
"PPIL6",-1.06781532831685
"CKMT2",-1.06859942437557
"TSC22D1-AS1",-1.06920354878949
"METTL15",-1.06924773500872
"DAZAP2",-1.06936862998522
"SEC16A",-1.07029739328286
"MINDY1",-1.07272728645789
"LOC101927788",-1.07371068025004
"NFU1",-1.07533786915386
"CPOX",-1.07542760451814
"LUC7L2",-1.07610879510081
"CEP170P1",-1.07730580967636
"LRP6",-1.07803976353949
"TAGLN2",-1.07843367064352
"ND4",-1.07878090038378
"PPIL4",-1.08040269283572
"ZNF10",-1.0805987090462
"SUMO1",-1.08087750551133
"TUBB2A",-1.0813048769457
"MNT",-1.08172332414335
"ATP6V0E1",-1.08218405541345
"HAX1",-1.08229947250393
"AHRR",-1.08285725446567
"COASY",-1.08310920050627
"NEMP2-DT",-1.08420486265575
"YWHAH",-1.08425076174707
"SCAF8",-1.0854993978009
"LOC105376844",-1.08598413547024
"LOC105374616",-1.08607089483983
"TMEM147",-1.08722300480558
"MPC2",-1.08766359469647
"TMEM250",-1.08870861899586
"CMC2",-1.08880702337712
"NBEAL1",-1.08911859949746
"COG1",-1.09002651929829
"EPM2AIP1",-1.09029009699826
"KRT19",-1.09031043005335
"DUS1L",-1.09049331320189
"LOC105374129",-1.09074660181307
"IDS",-1.09074680758787
"BMT2",-1.09222456345931
"NCSTN",-1.09236556173624
"GALNS",-1.09270503964853
"ADAL",-1.0928486760148
"SARS1",-1.09341929237161
"LOC107985675",-1.09399103914329
"NIBAN2",-1.09592301858423
"SLFNL1-AS1",-1.09647739137953
"PEX26",-1.09671974706101
"LOC112267857",-1.0982994218778
"PAXIP1",-1.09851443576858
"LOC107985481",-1.10149411008324
"IQCK",-1.10200375148902
"TMED6",-1.10264848218867
"MYH3",-1.10282283150761
"ADIPOQ",-1.10330016876958
"CCDC73",-1.10347755550891
"BMPR1A",-1.10382617151153
"DENND1B",-1.10406961806688
"HAND1",-1.10462780093701
"FAM171B",-1.1046477038036
"ZNF385B",-1.10544940124128
"LINC01018",-1.10545835980185
"NMB",-1.10676444357689
"EIF2AK3",-1.10775897585451
"PPIL3",-1.10844963591601
"VIPR2",-1.11014275648553
"MAP3K10",-1.11069283983825
"TALAM1",-1.11129443611729
"TTC7A",-1.11168489503374
"CD63",-1.11278059364775
"CNOT4",-1.1129101528875
"LOC105372117",-1.11381739493752
"LOC107983990",-1.114269359037
"HECTD2",-1.11503256181854
"LOC101928354",-1.11524969146511
"DENND1A",-1.11545501446773
"GTF2IP23",-1.11681606225186
"GALNT3",-1.11925490951711
"SNRPD1",-1.11955025915297
"SKIL",-1.12122986000586
"SNX30",-1.12164445834813
"TBC1D9B",-1.12283644214877
"MFSD11",-1.12291121956032
"CASTOR1",-1.12434168491341
"XIRP1",-1.12624685796797
"KIF26B",-1.12646867672779
"POLA1",-1.12712435454305
"CAMK1D",-1.12817631910909
"SNORD14A",-1.1288546390619
"KDELR2",-1.12959146642441
"CKM",-1.1303485335997
"ZFP3",-1.13080681228455
"DES",-1.13193516408039
"LINC02705",-1.13216896430252
"UVSSA",-1.13269204543887
"STK36",-1.13274146223344
"PRRC1",-1.13361250469562
"INPP4A",-1.13451051734605
"ACTR3C",-1.135848781405
"TCEANC2",-1.13652724008014
"TSSK4",-1.13781810239285
"SMARCA5-AS1",-1.13828709590091
"SS18L2",-1.13908319870256
"SF3A1",-1.13909804880355
"LOC105373490",-1.1397087353929
"EDRF1-AS1",-1.13983831106973
"L3MBTL2-AS1",-1.14012397255425
"GTF2E1",-1.14026465679636
"RGL4",-1.14041230850346
"CMTR1",-1.14081310658248
"ASTN2",-1.14132583461573
"LOC105370459",-1.14203257340803
"CCDC200",-1.14307752460768
"NADK2",-1.14347092778969
"MALAT1",-1.14370864554443
"LOC105373170",-1.14404092608631
"ERC1",-1.14417232248626
"FBXL8",-1.1441733252049
"ITGA3",-1.14464351767535
"SCMH1",-1.1450620823528
"TAS2R5",-1.14511473696802
"PABPC3",-1.14605201320236
"GASK1A",-1.14637670973782
"PPAN",-1.14945390688575
"SCAND2P",-1.15040126240234
"FAM184A",-1.15115800986038
"LOC105376224",-1.15224913462994
"PLEKHF1",-1.15393338891563
"CPTP",-1.15427560790834
"CACNA1C-AS2",-1.15432489785408
"SNORD116-21",-1.15467094024275
"KIF2C",-1.15470423309861
"LOC105370384",-1.15553395002241
"LOC105371121",-1.1580853139484
"TOR4A",-1.15824850632992
"CCDC107",-1.15895893771765
"FLJ46875",-1.15933870934899
"ZSCAN21",-1.15981295601715
"MAP3K14-AS1",-1.15982731540475
"NEURL1B",-1.16013885516202
"UQCRHL",-1.16033055374674
"MYDGF",-1.16092801718767
"SORCS1",-1.16185543256973
"TMEM223",-1.16186090095367
"RNF5P1",-1.16244406733769
"COX7B",-1.1627555063617
"FLOT1",-1.16296363898779
"FAM27B",-1.16383020239817
"RBIS",-1.16649276618638
"LOC105374304",-1.16663339058777
"DDX11",-1.1671301758776
"PIN4P1",-1.16744806595329
"DMPK",-1.16884809250087
"NEXMIF",-1.16938756878351
"POU5F1",-1.16962236116935
"ROM1",-1.16973028151129
"NIM1K",-1.16998723696719
"B4GALT3",-1.17125350295583
"SLC22A18AS",-1.17130316043498
"RAB7A",-1.17146275762969
"CDKAL1",-1.17206043338022
"CCL11",-1.17244238724435
"LAMB1",-1.17390493073049
"NAA10",-1.17654467907697
"ZNF137P",-1.17763698650117
"LOC107985405",-1.17976486037258
"LOC107984546",-1.18035861889161
"CDSN",-1.18113362899923
"TLCD4",-1.18172289604197
"ACACA",-1.18265577060232
"CRTC2",-1.18520459871115
"LINC02362",-1.18629014527471
"LOC107984847",-1.18736217773673
"EXOC3",-1.18764137645946
"GNGT2",-1.18800834540935
"NGFR",-1.18801228182681
"ERBIN",-1.18883465109669
"TM2D2",-1.1921520594398
"EPHA4",-1.19272650220743
"COLGALT1",-1.19305522575443
"ATP5MF-PTCD1",-1.193116294855
"SERTAD3",-1.19464238501342
"PPP1R2B",-1.19487949091078
"LOC284009",-1.19566648693335
"NBEA",-1.19819154965585
"UQCRB-AS1",-1.20028425267483
"TEX52",-1.20086235054042
"MOB1B",-1.20138856060996
"SLU7",-1.20244344713248
"SYCE1L",-1.20266237272292
"BBS10",-1.20307215381825
"SENP8",-1.20363500409881
"ANAPC10",-1.20368980884397
"THAP11",-1.20400116285679
"SPRED1",-1.2044501668365
"ZNF208",-1.20601434362468
"CASZ1",-1.20723082702851
"LOC112268280",-1.20824586501861
"TTC7B",-1.20932792667552
"THOC7",-1.20981982866856
"RIOK2",-1.21121311285043
"LRRC25",-1.21152061274641
"TBRG4",-1.21183949460585
"NUP50-DT",-1.21196209389137
"LINC02506",-1.21322182487136
"NFE2L1",-1.21425246641671
"COL23A1",-1.21459275814042
"ZBTB20",-1.21529506277745
"EDRF1",-1.21608031028176
"ICAM2",-1.21908410807016
"COQ8B",-1.21991422227503
"MIR5006",-1.22000363571642
"XLOC_008559",-1.22114756369485
"S100A16",-1.22245762082593
"GRPEL2-AS1",-1.22248226520572
"CASD1",-1.22256457471606
"ZNF506",-1.22324494545169
"VPS37B",-1.22324581342698
"SNORD3A",-1.2233005023698
"TMEM86A",-1.22335849297507
"CCR2",-1.22364581767501
"LOC105372798",-1.22441635233399
"GIT1",-1.22733358885969
"MIR922",-1.22783349652521
"CHD8",-1.23227700031993
"PDCL",-1.23343228010779
"CCNB1",-1.23418270749664
"RBM45",-1.2343452170542
"EPHA6",-1.23481268728172
"TMEM263",-1.23688303264835
"PLEKHM2",-1.23701284436366
"SEPTIN7",-1.23732260511283
"DERL2",-1.23992279989183
"PPP1R14B",-1.24009791151384
"QSOX2",-1.2401947571034
"RTF1",-1.24027107510318
"PSAT1",-1.2410295227953
"SLC25A3",-1.24171665539684
"SLC18B1",-1.24176345161915
"LINC02762",-1.24365219939489
"INE1",-1.24411828022179
"SUPT16H",-1.24449030088485
"WASH5P",-1.24512934457458
"TUBB1",-1.24631581414722
"LOC105374013",-1.24707814309031
"PDGFB",-1.24721197486795
"STXBP5-AS1",-1.24773973603056
"GCNT2",-1.24774315167908
"CATSPERE",-1.24871220931289
"ERMP1",-1.24907101711267
"OR2A1-AS1",-1.24907397124814
"SERPINB9",-1.24944648749368
"IFRD2",-1.25009361010948
"RAB21",-1.25045851225554
"LOC286437",-1.25046684421294
"LOC105373552",-1.25051649454336
"LOC107984655",-1.25091661730328
"LOC105371709",-1.25108062835008
"WWC3",-1.25144163943268
"LOC102724865",-1.25323829633914
"HAGLR",-1.25333065440457
"HFE",-1.25464814307773
"CASKIN1",-1.25476532290606
"MIR548AR",-1.25618983193754
"LAMA3",-1.25663305341246
"ELL",-1.25671976365327
"ZNF142",-1.2570372909357
"LOC107984406",-1.26065734069835
"HSCB",-1.26086406436076
"SLC39A10",-1.26091699070472
"CDKN2C",-1.26193555148801
"LINC01963",-1.26279095860697
"ACKR3",-1.26328306703089
"EPOR",-1.26340032721977
"SBDS",-1.26402209564807
"ZNF233",-1.26457373568883
"PARGP1",-1.26545628032722
"SMARCB1",-1.26658568367775
"WASHC2A",-1.26660173075491
"LINC01504",-1.26675717568908
"ADAT1",-1.26775671147312
"RMND5A",-1.26844787400789
"TIRAP-AS1",-1.26850243924478
"PSMC5",-1.27012877135911
"LOC107984242",-1.27099524516278
"NSL1",-1.27168788880553
"H2BC4",-1.27222647374266
"RBMX",-1.27226613009685
"ANGEL2",-1.27256296161989
"TYW1",-1.27294333595728
"ZNF205-AS1",-1.27413778740197
"PPP1R12A",-1.27441279066069
"CCNF",-1.27461369053565
"PBDC1",-1.27544787868632
"P2RY1",-1.27554336384085
"KIAA0586",-1.27567410633238
"SNORA92",-1.27597333110833
"AKAP8L",-1.27705166739847
"CBR1-AS1",-1.2787674484577
"SNRPC",-1.27894344200155
"PGBD1",-1.2801013648816
"SLC2A4",-1.28191186388955
"MRGPRF",-1.28195037405665
"PDE7B",-1.28533171613089
"LBHD1",-1.28544455008019
"LSM11",-1.28559368122905
"EOGT",-1.28656727638161
"DVL1",-1.28689438742598
"FLOT2",-1.28705669258173
"LOC107986413",-1.28849558097262
"PLEKHA5",-1.28899984484397
"UBE2B",-1.28919679168975
"RBMS3",-1.28972630818339
"ZC3H6",-1.29003868152589
"AUP1",-1.29042129298943
"DOT1L",-1.29070957976903
"SUN1",-1.29153261705734
"LOC105378649",-1.29236929858379
"FAM13A-AS1",-1.29291523617985
"CPS1",-1.29368970938354
"LOC101927793",-1.29396680914186
"PASK",-1.29464010791225
"NCF4-AS1",-1.29526936459722
"B9D1",-1.2952946260746
"GEMIN6",-1.29662470856807
"LOC112268317",-1.29665249840514
"HECTD3",-1.29702606128611
"CCDC9B",-1.29804775375384
"NKRF",-1.29858750547925
"MCMDC2",-1.29879345803837
"ZNF585B",-1.30060436916129
"DHRS7B",-1.30110121809277
"CTNNA3",-1.30170783872043
"SCARNA9",-1.30205446511135
"RSL24D1",-1.30260658107715
"MIR155HG",-1.30313824347806
"ARIH1",-1.30326763768893
"LOC105370928",-1.30373130813797
"LOC102723543",-1.30381815639413
"LOC112268267",-1.30431491034005
"BEST3",-1.30503983059181
"TP53TG3D",-1.30590274954309
"ITGB8",-1.30601331858429
"LRCH1",-1.3067140846326
"LOC105274304",-1.30724608110067
"FGL2",-1.30754440052952
"HERPUD1",-1.30780905908376
"TBC1D12",-1.30807124159904
"ADPRM",-1.30837640219267
"SYT1",-1.30848912297223
"TRPV4",-1.31088871820849
"GYG2",-1.31111387053608
"LMO3",-1.31119327042079
"LOC102723670",-1.31145029664318
"EMP3",-1.31166428317037
"EMC6",-1.31341619070831
"LOC105379273",-1.31364247051578
"PDHB",-1.31594443507994
"RIN2",-1.31703387205275
"USP32P1",-1.31712162144326
"LOC107985388",-1.31811937325819
"XPO1",-1.32018269464566
"MIR208B",-1.3205000077648
"LAMA2",-1.32081306265281
"UBA6",-1.32406415073755
"FAM157B",-1.32474013905682
"LOC107986083",-1.32525713168196
"CFI",-1.32533962069687
"ANKRD20A2P",-1.32582751382875
"ALPK1",-1.32661180109585
"XYLB",-1.32758927987233
"RRP8",-1.32846644658648
"ZRANB3",-1.32997747253685
"WDR31",-1.33047339377017
"SNAPC5",-1.33061956233719
"RNF138P1",-1.33093726696609
"RAB4A-AS1",-1.33107167622752
"INSIG1",-1.33111346741801
"LOC105378519",-1.33133305636848
"EEA1",-1.33136811540931
"PUDP",-1.33200554097798
"ZNF32",-1.33223400881079
"LHX4",-1.33314367316955
"RAB17-DT",-1.33399767212056
"HDAC1",-1.3340290904113
"UFD1",-1.33472485562712
"ANKRD44",-1.3347446873745
"NBPF3",-1.33480343189497
"RBM25-AS1",-1.33569926867428
"NRBF2",-1.33570736749945
"PLK1",-1.33700414779204
"GPR35",-1.33770527393156
"TAS2R14",-1.33866099261356
"PSMA5",-1.33981417919094
"GCNT4",-1.3406849371981
"SIRT2",-1.34073976913849
"GJA5",-1.34121309386546
"RNF2",-1.34155675478094
"PUS10",-1.34157420464246
"MRPS12",-1.34161497322517
"ELAC2",-1.34247976567645
"ARHGEF39",-1.34252914851445
"SEC11C",-1.34268455505114
"METTL5",-1.34338318233039
"LOC100288123",-1.34341768243297
"PDZD9",-1.34444751170276
"PINK1-AS",-1.34454808208775
"LINC03014",-1.34490836034754
"TBC1D22B",-1.34535117795721
"LMOD3",-1.34560904361526
"ZNF700",-1.345919845103
"CDC23",-1.34671510895939
"ARHGAP19-SLIT1",-1.34684206311022
"SBNO2",-1.34720193631619
"ZNF317",-1.34851496480072
"ARPC5L",-1.34895624570933
"HDAC6",-1.3508953293579
"ZBTB8OS",-1.35333531455908
"KCTD6",-1.35405050903839
"H3P6",-1.35549389310433
"SMAD7",-1.35558410932563
"LINC02600",-1.35729984596977
"RNF26",-1.35847796476206
"LOC103344931",-1.35848265750606
"LOC107985403",-1.35903840859971
"EIF4H",-1.35981276273457
"CPSF4",-1.36048675818555
"RAB6B",-1.3607419485457
"FERMT3",-1.36131987394354
"LOC107985939",-1.36138426018952
"RYBP",-1.36275539109503
"EXOSC7",-1.36486993484934
"WDR89",-1.36540095017557
"H6PD",-1.36580678070608
"ATP5MC1",-1.36684208948976
"REXO5",-1.36686957789114
"SLC44A3",-1.36749479498486
"TOP2B",-1.36789110393693
"LOC105371505",-1.36842483773861
"ASB2",-1.36898661832298
"VEGFA",-1.36901774411866
"CEP44",-1.3690430602652
"ATP6V1C2",-1.36955663000592
"CBX4",-1.37008665540683
"CCN6",-1.37038628162469
"PRSS43P",-1.37140357490149
"MIR223",-1.37174063570766
"LOC107987272",-1.37224984258435
"SENP6",-1.37243262891988
"ADIPOQ-AS1",-1.37414655832597
"LOC112268177",-1.37433833434438
"ASGR2",-1.37481109676112
"NIT2",-1.37493903636037
"NOL7",-1.37542629110415
"KMT2E-AS1",-1.37569702122647
"WIPI2",-1.37626015537415
"GRB10",-1.37675350666293
"RBM15-AS1",-1.37702184768478
"CREB3",-1.37744380046909
"POMGNT1",-1.37854414341889
"TIMM44",-1.38012650533317
"RASSF7",-1.38151360428127
"SNORD54",-1.38159064722156
"SNED1",-1.38298561606815
"LOC112268170",-1.38548708289651
"ZFYVE16",-1.38570129003551
"SPICE1",-1.38581951093577
"HIVEP1",-1.38651452215315
"CCDC71L",-1.3865830369017
"FAM27C",-1.38723494124942
"MAX",-1.38727691865249
"CLVS1",-1.38794412816396
"LOC107986064",-1.38800821972941
"TOP3A",-1.3889797549061
"ITFG1",-1.38922043886973
"ZNF384",-1.39142794747125
"LOC100287175",-1.39150012916156
"SMAD1-AS1",-1.39159828452675
"LOC105377872",-1.391920541648
"CCL18",-1.39292772383556
"LOC105372471",-1.39318617704683
"HNRNPA3",-1.39319723648454
"CYP7B1",-1.39407190371326
"CLK1",-1.39444483456735
"ADORA1",-1.39456641551801
"GNL3L",-1.39588260243097
"LOC105377675",-1.39764628046822
"JADE2",-1.39830999969784
"SELENOO-AS1",-1.39935705780499
"CAVIN4",-1.40034350230404
"RBMS1",-1.40140846910655
"MLH3",-1.4017363630578
"LOC107986934",-1.40240515999471
"FRRS1L",-1.40291302773356
"GPR160",-1.40352513483521
"C3orf52",-1.40389011046072
"PNRC2",-1.40407542779177
"CARNMT1",-1.40673575348498
"IKBKG",-1.40765155133326
"BBIP1",-1.40789977079307
"LOC105379163",-1.40994653716256
"TOX",-1.40998090057294
"SMCO4",-1.41042708050715
"DPY30",-1.41060579992014
"SIRT7",-1.41151555134236
"SLC16A3",-1.41176738177326
"ABCA7",-1.41340318297829
"RBP5",-1.41447599497495
"ATP2C1",-1.41634059609833
"TBC1D31",-1.41657294874687
"UBL4A",-1.41699172067708
"LINC03033",-1.41727075015526
"ZNHIT6",-1.417433391594
"CRYAB",-1.41745423209471
"TP53BP2",-1.41987477223717
"LAIR1",-1.42071305108068
"CALCRL-AS1",-1.42166401314457
"ITPKB",-1.42189037058694
"ITGA9-AS1",-1.42197304980702
"LOC107985923",-1.4220671396366
"PLEKHN1",-1.42220239923975
"BTC",-1.42348076897663
"NHERF1",-1.42424072537407
"SMAD2",-1.42443978208076
"GPR19",-1.42448590009843
"CLMAT3",-1.42493703647495
"SMCO2",-1.42498367681209
"TUBB",-1.42505220265913
"DPF2",-1.42543046828588
"ULBP2",-1.42604798671973
"LOC102724322",-1.42755256256264
"FAM110C",-1.42758858993468
"PDXK",-1.42760415295193
"LOC102723566",-1.42767404576925
"WIZ",-1.42932811109428
"ERCC4",-1.42961469642083
"TTC21B",-1.42999838961891
"C5orf58",-1.43071820181942
"SPOUT1",-1.43100793144878
"ACKR1",-1.43119415929218
"LYST",-1.43150917752367
"LOC102723846",-1.43220108869372
"LINC02802",-1.43318000121562
"CNTN2",-1.434135686573
"ARL4D",-1.43477861534689
"ASXL3",-1.43509652333568
"TNS2-AS1",-1.4351158415246
"ZNF587",-1.43553603791165
"CELF2-AS1",-1.4359586951765
"LOC107984663",-1.43693266833863
"GINS1",-1.43744408328663
"CTTNBP2",-1.43862347143478
"UPF3A",-1.43868209524055
"LOC102724193",-1.43965788153732
"LOC105377211",-1.43989931057449
"GAN",-1.44016048938882
"RASA2",-1.44049213027338
"HCG18",-1.44057195965679
"KCNQ1",-1.44167186521856
"GLT1D1",-1.4422375699365
"GPR171",-1.4423585700005
"RORA",-1.44238263414114
"LINC-PINT",-1.44265871004029
"SRI",-1.44295921050626
"ZNRF2",-1.44606584934754
"CC2D2B",-1.44614824462876
"BACE1",-1.44709349445843
"SLFN12",-1.44797320250944
"LOC105378552",-1.44884144524152
"LOC105375730",-1.44898565095576
"ID3",-1.4490393580523
"KLC2-AS1",-1.44916122547399
"RNF34",-1.44919913271956
"LOC105379193",-1.44925099005926
"HPF1",-1.44970189014089
"MMP14",-1.45077644103377
"MFAP5",-1.45147870087013
"SDCCAG8",-1.45192728854204
"GPAM",-1.45209642962775
"ARHGAP12",-1.45232150170186
"TKTL1",-1.45309238236857
"IL1RAP",-1.45374978426154
"PHF3",-1.45454945710003
"TRPC1",-1.45663678615628
"FBRSL1",-1.45818650979126
"ATF7IP",-1.45845590986516
"FUBP1",-1.4591194327737
"NDUFV2-AS1",-1.46024472786161
"MTBP",-1.46028133700097
"TXLNB",-1.46073312041827
"LOC112268052",-1.46177259951946
"MORF4L1",-1.46201700673923
"ADARB1",-1.46218388615633
"PAXBP1-AS1",-1.46284307144315
"TEX12",-1.46309881540051
"UFC1",-1.46432069295852
"FARSA-AS1",-1.46603630028126
"NRM",-1.46621629736831
"SDR42E1",-1.46636410534949
"GPC5",-1.46661350221753
"PURB",-1.46719759015282
"LOC105369388",-1.46735529574055
"NAF1",-1.46747822130898
"GPR88",-1.46764652680831
"LOC105369690",-1.46800318729519
"CDC26",-1.46815045300758
"CCDC66",-1.46856883874011
"RNF39",-1.46910840432265
"WDR35",-1.4691967944599
"PRKCB",-1.47186611453567
"A2MP1",-1.47376029943591
"FGD6",-1.4740747124636
"TMEM246-AS1",-1.47436731548053
"GP6",-1.4744558136588
"LOC107985522",-1.47482982113905
"WDHD1",-1.4756692086027
"DDX23",-1.47732129268581
"ZBTB1",-1.4777629513958
"ARPC1B",-1.47837150542968
"POLR3K",-1.47851665892003
"LOC112268249",-1.4796144630587
"GUCY1A1",-1.48006288191056
"ERVK3-1",-1.48134820095422
"SMN1",-1.48201474379844
"RGS1",-1.48218417423373
"ENPP5",-1.4831620619497
"ZNF606",-1.48467207146078
"MCC",-1.48566157175835
"SUSD2",-1.48630933265731
"MCCC1",-1.48710878915457
"AQP11",-1.48777735987675
"LOC101927078",-1.48877086461472
"MAPKAPK3",-1.48905029272334
"GJD2-DT",-1.48976322148576
"NXN",-1.48995653195863
"C18orf32",-1.49007564105858
"SEPTIN9",-1.49094192568751
"MPHOSPH10",-1.49111792812856
"SFMBT1",-1.49197173948812
"RNF167",-1.49321589126271
"PLAAT3",-1.49387938819911
"LOC112268066",-1.49491315704712
"CMTM7",-1.49523710991577
"CA12",-1.49742642489712
"LOC107985139",-1.49811555469936
"KBTBD3",-1.49828831830344
"SELENOP",-1.49883259399776
"FAM110D",-1.49930481705912
"MYO1C",-1.50032480550679
"EPHA2",-1.50164841645445
"TYMS",-1.5019783901708
"ZFAND3",-1.50262259797433
"TOMM20L",-1.50264885400759
"SCAMP2",-1.50270135498803
"RRAGD",-1.50277239472666
"TOMM40L",-1.5038632319254
"N4BP2L2-IT2",-1.50464457675699
"INSRR",-1.50504650442963
"AP1S3",-1.50562089259165
"ATXN2",-1.50583871736752
"MUC20",-1.50587068547026
"CHD6",-1.50612122031763
"MIR6848",-1.5062670946829
"PHETA2",-1.50643053655986
"RAMP1",-1.50683408240237
"SLC35D1",-1.50696519946175
"SMN2",-1.50715360404452
"FAM247A",-1.50764028456741
"BLOC1S2",-1.50780196445503
"JPT1",-1.50804056601108
"CYP17A1-AS1",-1.50900239750969
"COMMD7",-1.5090057194984
"DDX59",-1.50919842166144
"RASGRP2",-1.51108204158645
"IMP4",-1.51109413255633
"OPLAH",-1.51238023551255
"PEAR1",-1.51287535321403
"SLC15A4",-1.51544230964954
"UBE2Q2P1",-1.51595817412288
"SMG1P2",-1.51695051309403
"ZNF678",-1.51701079899096
"DARS2",-1.51777366097048
"TBX15",-1.51970078331674
"FAM131B",-1.51982724086949
"EBF3-AS1",-1.52041735928566
"TRIM2",-1.52072606149348
"LOC202181",-1.52099668221291
"MT2A",-1.52187473225992
"FBN2",-1.52302534510063
"RAP2C-AS1",-1.52361608996601
"FES",-1.52521872413081
"CAMK4",-1.52739527172327
"LOC105379155",-1.52786916812945
"SLC43A3",-1.52787771674866
"B3GLCT",-1.52847509397733
"LOC105376577",-1.52894900260459
"DDTL",-1.52973867645224
"GSDMC",-1.52997951662625
"ZNF277",-1.53056340678202
"LINC00689",-1.53259841333904
"LOC107984849",-1.53334028471521
"MRPL47",-1.53360584376239
"ZNF641",-1.5343274774765
"TOX-DT",-1.53452445105455
"TIMM8A",-1.53476563717953
"ZNF71-SMIM17",-1.53478572085028
"STAG3L5P",-1.53570604177533
"LOC105375161",-1.53587987734024
"CREG1",-1.53933106024459
"CHD2",-1.54058613714304
"LINC02887",-1.54137577717904
"NBPF9",-1.54174176711586
"KCNE3",-1.54175683397574
"MORC2-AS1",-1.54198161638326
"CHRM2",-1.54250542668181
"SETDB1",-1.54304551095652
"ERMN",-1.54310350470651
"LINC02928",-1.54376903253278
"LOC105373796",-1.54459101810452
"LOC112268256",-1.5450008538416
"MUC6",-1.54564893972097
"THNSL2",-1.54574040112705
"LOC101928556",-1.54624510421998
"NFKBIB",-1.54667828236481
"CIP2A",-1.54888377922156
"LOC107987222",-1.54972366451338
"ZNF724",-1.54979499455731
"RBM5-AS1",-1.55150532215625
"MIR302CHG",-1.55199519961018
"AQP1",-1.55271549409252
"SRGAP1",-1.55347575463599
"BEST1",-1.55391428406807
"MARCHF11-AS1",-1.55415724874651
"FTH1",-1.55532862707363
"ANKRA2",-1.55536690983641
"HDX",-1.55660062470698
"RWDD2B",-1.55773017523083
"MIR1279",-1.55807896865154
"LINC02716",-1.55865542016674
"PIP5K1A",-1.55884466055437
"LOC102723904",-1.55918824080066
"MIR7844",-1.55978659314273
"ZPR1",-1.55998953333007
"CARM1",-1.56125648275428
"MRPS30",-1.56131951404306
"ZNF354C",-1.56159169584935
"MKRN2",-1.56181896943205
"ZSCAN32",-1.56283813964009
"ATP6AP2",-1.56315240059633
"LOC646471",-1.56445038747228
"TAF1C",-1.56473986013769
"MICB",-1.56474347773504
"LIF",-1.56476345209408
"PIP4K2C",-1.56509609552235
"CLCN2",-1.56518071187914
"COL4A2-AS1",-1.5653070107358
"NINJ2",-1.56552047025854
"ASB4",-1.56560415989405
"FLI1",-1.56591693827131
"MIR1184-1",-1.5659568777204
"LMLN",-1.5674534353312
"TRPC4AP",-1.56849401120136
"PRDM16-DT",-1.56916783856247
"SYTL4",-1.57149570362523
"RFX7",-1.57200249254161
"SLC39A6",-1.57276932094637
"NFE2L2",-1.57296714554881
"RFC2",-1.57386260078929
"BRMS1",-1.57392689877457
"C9orf64",-1.57421263600557
"CAMTA2-AS1",-1.574595852585
"LINC02478",-1.57470843711862
"ITGB1BP2",-1.57501984272007
"CAPN1",-1.57557925185841
"EIF1AD",-1.57616832799279
"CSRNP1",-1.57685582815811
"COBL",-1.57687193683505
"ZBTB2",-1.57851259572701
"THADA",-1.57952332256196
"TRIM33",-1.57981648601709
"ZNF320",-1.58063512056262
"NDRG3",-1.58122604937402
"JPH4",-1.58135595446302
"RSC1A1",-1.58151800024443
"CEP72",-1.5819834755379
"FGF7P6",-1.58210401162087
"STX7",-1.58254573695543
"ZNF154",-1.58413265501045
"SPRYD7",-1.58471007516164
"TNFRSF21",-1.58610772915921
"TRNS2",-1.58792003945046
"ACBD3",-1.58902660901163
"HIGD1B",-1.58968430056638
"TLCD4-RWDD3",-1.59113768083652
"CTTN",-1.59304713440279
"ZNF525",-1.59365713225611
"HDHD3",-1.59479923607066
"EPC2",-1.59489849608998
"NUDT9",-1.59513147135098
"LSM14B",-1.59613813019662
"ZNF133-AS1",-1.59740624901067
"ZNF417",-1.59812254721176
"ZNF235",-1.59917029302445
"FMO3",-1.59923469111674
"OBI1-AS1",-1.59972789858808
"SS18",-1.60052995545941
"LOC107985921",-1.60080004694653
"ZNF503",-1.60153258720553
"RCSD1",-1.60227958837691
"LOC105378604",-1.6024296713916
"ZNFX1",-1.60278596789519
"MIG7",-1.60648795200393
"GOLGA8Q",-1.60830395562115
"LOC100128494",-1.60940861262333
"CREBL2",-1.60964979327778
"ARHGEF34P",-1.61011629415657
"FRG1EP",-1.61038283975852
"MICALL1",-1.61044370546559
"CTNND1",-1.61148358247711
"ZCCHC24",-1.61211848403039
"TSPAN17",-1.61257054990648
"LOC107985322",-1.61262921407218
"AVIL",-1.61325385946941
"LY75",-1.6136988933598
"EP400P1",-1.61432027956279
"LOC107987097",-1.61634669943418
"HSPA9",-1.61678104827993
"PAOX",-1.61755193897984
"ZNF746",-1.61757412248925
"ATP6",-1.61791431311649
"LOC105372295",-1.61805180826592
"RAB15",-1.6183939851803
"ZSCAN12P1",-1.61866244138143
"CBR1",-1.61942286754353
"LOC107987299",-1.61981659060156
"TCP11L1",-1.62019817357829
"TMEM87A",-1.62076205109952
"RGS18",-1.62204914801489
"DCP2",-1.622101314083
"FABP4",-1.62211914150295
"IGFBP4",-1.62274321340452
"LOC101928212",-1.62301496281975
"SNORA62",-1.6242601809159
"ADGRL1",-1.62593263668689
"FER",-1.62614857017823
"SNAP23",-1.62657373186708
"NOP58",-1.62723426978089
"ZNF322",-1.62805872698603
"DDX39A",-1.62806754386869
"MORN2",-1.62873074908066
"DOK2",-1.62902528670504
"DNAJC19",-1.62938970577247
"UBTD2",-1.6302728531537
"ASPM",-1.6305013215574
"COA4",-1.63212866492289
"LOC143666",-1.63241124690917
"DKKL1",-1.63302951316628
"PELI2",-1.6334039120784
"LOC105377013",-1.63518135361402
"LOC107986578",-1.63582290326024
"MICOS10",-1.63594122465463
"C1orf167",-1.63662318086095
"UQCC6",-1.63694320470196
"MLLT10",-1.63762282081563
"MON2",-1.63957775415629
"SMPX",-1.63983092712322
"CWF19L1",-1.63991402338361
"WDCP",-1.6402108778588
"TRIM8",-1.6407282383131
"CHCHD1",-1.64097050492351
"GJA4",-1.64112976409321
"HECW2",-1.64115085578031
"ASIP",-1.64123882732683
"SCAF4",-1.64145482037622
"SNX15",-1.64228408936303
"GPM6B",-1.64442321603306
"LOC107984986",-1.64646018112756
"ZZZ3",-1.64692495730231
"ZNF680",-1.64811327977089
"STOML2",-1.6487397200906
"UMAD1",-1.64945691379532
"LOC101929479",-1.65025850412613
"PLEKHO1",-1.65038105980769
"FZD4",-1.65064787684874
"PLA2G4A",-1.65128789830943
"CLDN23",-1.65144267672432
"SPAG17",-1.65174570034918
"SKIC8",-1.65207185048483
"TESK2",-1.6526656141216
"BEX5",-1.65320859042683
"SMAP2",-1.65364938269903
"PRICKLE4",-1.65381856301403
"METTL17",-1.65536713418713
"LOC107985192",-1.65617115235555
"TOX2",-1.65620396624873
"TOM1",-1.65634378253942
"ELK3",-1.65655710276654
"TRIO",-1.65814178036413
"TYW5",-1.65887897032268
"ACVR1C",-1.6588882739793
"MGAT1",-1.65954504139739
"SPATA1",-1.66023678029322
"CEP170",-1.66248603177914
"PPP5C",-1.66412813851561
"TMEM150A",-1.66515797627154
"ARAP2",-1.66711951691549
"YWHAEP1",-1.66726814783477
"SIK1",-1.66988368186845
"NSUN2",-1.67079539912077
"LOC112268269",-1.67273265278893
"HIVEP2-DT",-1.67329799523999
"VARS1",-1.67373553565196
"MIR29B2",-1.67378331892032
"SMPD4BP",-1.67453980547894
"FLVCR1-DT",-1.67639177749634
"TAF12",-1.6764260261628
"EAPP",-1.67656717639821
"STRN",-1.67657546987398
"LOC112267861",-1.67741244218007
"MIR3652",-1.67947303523006
"LRRC71",-1.68036259474023
"LOC101928344",-1.68129408053979
"L1CAM",-1.68205694945934
"RAPGEF6",-1.68349418905037
"ZDHHC12",-1.68391987508549
"FCGR1BP",-1.68438399081645
"PITHD1",-1.68557088377457
"ARHGAP18",-1.68602244884972
"SLC51A",-1.68651909544823
"CCDC116",-1.68681281506951
"OPA1",-1.68727132571435
"LOC105377091",-1.6872820022483
"GBA2",-1.6876348958302
"DNAJA2",-1.68776201736693
"ALDH1A3",-1.68824839738817
"CD300E",-1.68893270460377
"BOD1L1",-1.68931068961238
"BAHD1",-1.68959431188802
"RALGAPA1P1",-1.6903090944686
"MCTS1",-1.69157765353062
"INCA1",-1.69291540403457
"CDK14",-1.69296217579354
"ARRDC1",-1.69305884639323
"PEX1",-1.6935232909023
"GPR146",-1.69356903598325
"BRAF",-1.69408605480004
"PLEKHM1",-1.69564668316812
"MKNK1-AS1",-1.69587413737714
"TSIX",-1.69617131771204
"INO80D",-1.69642951823541
"PITPNM3",-1.69666505957558
"TNKS",-1.69916307529431
"ITGA1",-1.6994187548156
"RABGGTA",-1.70027513034433
"RBPMS-AS1",-1.70105138339287
"SCN1B",-1.7012869705777
"CCDC121",-1.70244629233942
"LOC107984138",-1.703576982836
"NPNT",-1.70360513579993
"SLC51B",-1.70434706597963
"BIN3",-1.70463023223939
"YY2",-1.70636845403265
"SNORD47",-1.70816150408659
"FAM153CP",-1.70833038311074
"LINGO4",-1.70903057290543
"LOC646903",-1.71127421539108
"LOC107987098",-1.71148892261504
"GOLGA8A",-1.71344413909561
"MIR4506",-1.71362204665344
"CLPTM1L",-1.71421638915402
"JAKMIP2",-1.71467325951751
"KLF12",-1.71481820306401
"RNF7",-1.71490830115789
"POLR1G",-1.71492640940581
"LINC01004",-1.7155596744165
"NCAPD2",-1.71579165223905
"RGPD3",-1.71609590881039
"ZHX2",-1.71752265160912
"HCRTR1",-1.7179409569815
"SGPL1",-1.71953780149154
"LOC105377616",-1.72097342345802
"C11orf98",-1.72234715629802
"RPS6KA4",-1.72264482957065
"LOC105372768",-1.7231894868364
"SIM2",-1.72342058725462
"VAPB",-1.72353150141737
"LOC105375957",-1.72467518629803
"LEP",-1.72524244174936
"GALNT16-AS1",-1.72615394105521
"GLDN",-1.72771495511121
"TRABD2A",-1.72810800191789
"ZNF91",-1.72931916426003
"FBXW11",-1.72993761884706
"POMT2",-1.73042391265819
"CEP43",-1.73346447845874
"THEM6",-1.73382009154601
"ABCF3",-1.73491605962238
"ZNF382",-1.73563004640389
"LOC101060179",-1.73587114448524
"ATP6V0A1",-1.73645090833932
"SHMT2",-1.73674310326499
"THOC3",-1.73786838335443
"LOC105374733",-1.7383661947527
"IPO4",-1.73858089768332
"PAM",-1.738872071113
"UGT2B4",-1.73959540984628
"LOC105379841",-1.73967484710419
"TMEM214",-1.74018942520883
"MATR3",-1.74106255945787
"PGR",-1.74117969314643
"PWARSN",-1.74132454651959
"LOC105373511",-1.74178529707516
"LINC00989",-1.74476693461653
"LOC101928059",-1.74549472651094
"BTF3",-1.745732566836
"EFCAB5",-1.74626293845401
"CIPC",-1.74635147382976
"IRX4",-1.74648999482544
"TGDS",-1.74823145406501
"PRKXP1",-1.74840284607997
"RBM19",-1.74885340774681
"CD14",-1.74912274006231
"CARD9",-1.74957932411315
"CDKN2AIPNL",-1.74961760343595
"H2BC18",-1.74977680253714
"EIF4B",-1.74989427339275
"U2SURP",-1.75006606490164
"DISP2",-1.75143037943563
"LOC643339",-1.7533447812947
"VAMP3",-1.75369113636597
"CPLANE1",-1.75569671520011
"DUSP3",-1.75596457698965
"POP4",-1.75603322516891
"USP35",-1.75719946014902
"LOC107986838",-1.75820847802207
"CDC42BPB",-1.75890463292305
"GP6-AS1",-1.75916530297904
"PRRC2B",-1.76036765509688
"ZBTB39",-1.76055752758959
"KIF5B",-1.76101144748371
"ZNF101",-1.76114619211822
"EFHB",-1.76122577824676
"LOC105378460",-1.76136958963953
"CLDN11",-1.76265541153721
"CHD1L",-1.76399334979112
"SCD",-1.76473129134063
"ATP10A",-1.76490637671444
"CBFA2T3",-1.76545295420171
"GET3",-1.76624354220196
"GPR21",-1.76720281143378
"CASKIN2",-1.76840747463422
"IQGAP3",-1.76887906038109
"LOC105370687",-1.76939800525683
"HPS3",-1.770951659205
"NALCN",-1.77229388990468
"CTR9",-1.77337955830632
"SNORA33",-1.77348846314015
"NAGLU",-1.77558419492169
"SNRNP200",-1.77738935146309
"FAM229B",-1.77782931249697
"ACTG1P20",-1.7807479013708
"SNORD50B",-1.78144113625287
"ACBD3-AS1",-1.78237041235834
"PMPCB",-1.78302687899095
"LAMTOR5",-1.78305993317596
"SNORD102",-1.78332217491476
"APOL2",-1.7834843159405
"ITGB1BP1",-1.78433874225206
"ARRB2",-1.78453703505127
"RER1",-1.78591180091825
"ATP10D",-1.78593405548175
"LOC102724146",-1.7866809188805
"SYN1",-1.78714228180351
"LOC105375018",-1.78725559138184
"SMG1P5",-1.78726826024725
"NCMAP-DT",-1.78798977390467
"HELZ",-1.78997524832761
"ZNF740",-1.78998860615237
"C4orf19",-1.79023710809988
"LOC101929894",-1.79076450348855
"MCL1",-1.79080611604031
"WNT2",-1.79120564814664
"FAM200A",-1.79175961440902
"SNX14",-1.79237102737464
"SNF8",-1.79237368513256
"MMS19",-1.79251583524442
"DCST1-AS1",-1.7927382686227
"SERTAD3-AS1",-1.79339015670188
"ZFYVE26",-1.79386710842341
"LINC02804",-1.79404608431098
"VWC2",-1.79512118285761
"RPL36A-HNRNPH2",-1.79526366728126
"PWAR5",-1.79538006586971
"PDE8A",-1.79553779344413
"USP46",-1.79673214080638
"POLR3A",-1.79679774423963
"HDDC2",-1.79769502471632
"DNAJC5G",-1.80005626823835
"SLC45A4",-1.80030550993945
"LOC105370941",-1.8003899506008
"DDX47",-1.80159603969359
"CELF2",-1.80240707925025
"OBI1",-1.80363546523598
"TVP23C",-1.80427753398203
"PABIR3",-1.80444017163047
"DYNC1LI1",-1.8053032714533
"SLC25A30",-1.80594125112306
"SNAP91",-1.80642786865952
"ZNF621",-1.80693091190178
"PLAUR",-1.80753352773506
"HPD",-1.8084452312827
"MRPL13",-1.80961787253914
"SHANK3",-1.81060831321059
"CXADR",-1.81070645564392
"ZFP1",-1.81119556160996
"LRBA",-1.81181143954892
"ULBP3",-1.8120441747147
"LOC100130283",-1.81245838675403
"UHRF2",-1.81291664075777
"BICRAL",-1.8133195924126
"FOCAD",-1.81543377693378
"BNC1",-1.81656526673489
"CFAP58-DT",-1.81836035817032
"LOC105375894",-1.81931007924135
"COX18",-1.8195880715383
"ND5",-1.81967911130765
"LOC105375404",-1.82140339221471
"THRB",-1.82155034526569
"HMGN5",-1.82231194977627
"MAD2L1",-1.82296051556437
"AFG3L2",-1.82302886025714
"LNX2",-1.8240965409953
"RGPD1",-1.8252919572059
"TTI2",-1.82580165112638
"NNT",-1.82586352419788
"SEPHS1",-1.82693526117624
"TMEM154",-1.82758168001789
"LOC105379752",-1.8280463753138
"ZNF182",-1.82821821734723
"LOC107987366",-1.82829073290832
"LOC107987095",-1.82846928241765
"OTOGL",-1.82883400655436
"LRP1B",-1.82943466847427
"ABCF1",-1.8295250618865
"IMPG2",-1.83027327836157
"TIMP1",-1.83038098894558
"GSK3B",-1.83194994013195
"LHX6",-1.83262056192645
"FADS3",-1.83322326977957
"SNORA52",-1.83416576740793
"NUDT16L2P",-1.83484988417293
"LOC112268070",-1.83553950106304
"CCDC88A",-1.83589137806144
"LOC107984841",-1.83635178728311
"RAB33B",-1.83668200613993
"ARL3",-1.83759921824655
"SNORD81",-1.83908927211825
"IGLV5-52",-1.83914451380567
"CNN2",-1.83937303037636
"LOC105371312",-1.83944755959859
"GTF3C6",-1.83954937160847
"KLC3",-1.83981406252929
"TRIM3",-1.84006655697972
"KIF27",-1.84030932058089
"FOXC1",-1.84146037513928
"MED10",-1.84179075484706
"COL19A1",-1.84304092159666
"EME1",-1.84307732556243
"FIZ1",-1.84454858838386
"ASAH2B",-1.84550101628223
"LSM10",-1.84555954346927
"SNORA27",-1.84573421873189
"COQ9",-1.84630474876523
"CS",-1.84637840772435
"CYP39A1",-1.84904349300149
"RILPL1",-1.84904990239633
"BROX",-1.84937571240688
"HECTD4",-1.85012002561313
"RND1",-1.85013123696946
"SNORD52",-1.85106697476584
"ARRDC2",-1.85229095690284
"PCDHB2",-1.85259818710746
"MINPP1",-1.85281746965863
"DYNLT4",-1.85299664284715
"MIER2",-1.85328170014635
"PCM1",-1.85393033613899
"CDC42EP2",-1.85413407445795
"RPP30",-1.85763010934313
"PDE3A",-1.85812950588432
"PCNA-AS1",-1.85867632022629
"LOC105374584",-1.85880762602565
"EIF3E",-1.85932108523471
"COTL1",-1.8593526374134
"ZCCHC8",-1.86011762232909
"SLC25A38",-1.8601287145338
"IGFBP3",-1.86042149879406
"GPBP1L1",-1.86142535324183
"QSER1",-1.86217754430656
"TEN1",-1.86283028281225
"LOC101928034",-1.86445465692029
"MYO9B",-1.86541443775928
"HM13",-1.86659909526361
"PWAR1",-1.8670622846123
"HSD3BP4",-1.86748098254828
"GARRE1",-1.86912443364493
"MIR23AHG",-1.86974916176427
"ASPHD2",-1.86981347455385
"TSR1",-1.87044644969626
"ARHGEF17",-1.87072285877876
"LOC728554",-1.87082502940618
"LOC105371871",-1.8708619547337
"PKDCC",-1.87176043203397
"KIF3B",-1.87236173041646
"TXNDC17",-1.87306407477164
"KCTD21-AS1",-1.87338280397693
"LOC107986373",-1.87413811179
"COQ3",-1.8763207023879
"CDS2",-1.87729168963876
"LINC01119",-1.8773842808171
"PRSS46P",-1.87834474216866
"LOC105377395",-1.87940766053672
"SLC10A3",-1.87984610590289
"LOC112268419",-1.88004987384188
"IARS1",-1.88013984708367
"TRNG",-1.8813567629306
"JTB",-1.88250457518923
"TMX2-CTNND1",-1.88394546191234
"AP2A1",-1.8847444430466
"CARD8",-1.88488261225997
"STX11",-1.88511784432709
"PITPNM1",-1.88513256960046
"MPST",-1.88560833898531
"ANO7",-1.88632129615513
"MTSS2",-1.88722745647602
"GPR75-ASB3",-1.88793753261924
"CDC25B",-1.88805044651548
"MLF1",-1.88895213668514
"LOC105379130",-1.88927752854701
"SLC16A1",-1.89061455186353
"IST1",-1.89070691851352
"CLIC1",-1.89126111081923
"XIST",-1.8915738303248
"CYP2E1",-1.89230317909964
"TRNH",-1.89258388125397
"FDFT1",-1.89353074807367
"KLC2",-1.89396263873168
"MIER1",-1.89474720680444
"PRR13",-1.89873125909859
"TTYH3",-1.89912908348973
"LOC107984248",-1.89971785837633
"APPL1",-1.90037518699208
"ERBB2",-1.90075474744802
"SLC35F6",-1.90292442097401
"PDIA4",-1.90331052321597
"CNDP2",-1.90369467659515
"PABIR2",-1.90413250220654
"GNB4",-1.90501796963246
"NSD3",-1.90509861858711
"EIF2B4",-1.90529116429662
"JAG1",-1.90534517112801
"ZNF589",-1.90628531187152
"FAM166A",-1.90769637176142
"ELMO2",-1.90776617296629
"ACTR8",-1.90852979657714
"FAM163A",-1.9086009176037
"LINC01545",-1.9086419526607
"LOC101929237",-1.90881358481185
"MPZL3",-1.90901650141795
"LOC107986495",-1.9100668041603
"NINL",-1.91030176696461
"LOC107986372",-1.91037929571493
"LOC105377771",-1.91041517889379
"SNORD86",-1.91072439704252
"COX17",-1.91078606400155
"TXN",-1.91183863005607
"UBXN7",-1.91207715887309
"RYK",-1.9126525091104
"SMCHD1",-1.91468487146585
"ERLEC1",-1.91472521532373
"NEK9",-1.91488656825654
"TMEM128",-1.91565373784537
"ACADM",-1.9163828532844
"PFDN6",-1.91666953418454
"LOC105371502",-1.91769494461759
"OGFRL1",-1.9191584656576
"TMEM158",-1.92020805387474
"LINC00260",-1.9223484602999
"COBLL1",-1.92279112241692
"CHKA",-1.92396331020243
"CNTD1",-1.92456553513338
"SCARNA15",-1.92546146579664
"HDAC8",-1.92773801616869
"PKDREJ",-1.92803256162165
"REXO2",-1.92816284843371
"LOC105375532",-1.93027035771797
"CTAGE7P",-1.93079810710853
"LRRC37A6P",-1.93086788104147
"MARK1",-1.93202584089312
"ZCCHC4",-1.93211369549924
"LINC01252",-1.93228826441067
"NUP88",-1.93283022397581
"RFX3",-1.93311310583451
"LOC105372275",-1.93502624750334
"LOC102724687",-1.93972083125836
"SAR1A",-1.93974942691643
"DARS1-AS1",-1.93977113663317
"TSC22D3",-1.9421767282538
"LOC105376860",-1.94300066643447
"ZNF8-ERVK3-1",-1.94322298428623
"RBM25",-1.94345476992327
"LOC105374118",-1.94393412291492
"PTPN9",-1.94577722192525
"LOC105379362",-1.94618380356005
"ARHGEF10",-1.94694012784848
"GPRIN1",-1.94762572093521
"ASH2L",-1.94918320687692
"ZSCAN23",-1.95062703756133
"CBX5",-1.95079237519421
"LINC01303",-1.9515606872792
"MBD1",-1.95188839405931
"DEPP1",-1.95208818298261
"ZNF75A",-1.95801959968825
"HUWE1",-1.95816522876978
"CREBBP",-1.9586084319834
"PUM1",-1.95879701910962
"LOC100505715",-1.95914383028793
"TMEM30A-DT",-1.9594730859122
"LOC100506551",-1.96018450108066
"GIMAP1-GIMAP5",-1.96039401678406
"KLHDC1",-1.9621241460007
"VPS26B",-1.96226817690614
"OR5K2",-1.96239813933474
"OPA1-AS1",-1.96372229069977
"CFAP46",-1.96664154769925
"ABR",-1.96697715592151
"PECR",-1.96855987293464
"SNRNP25",-1.96902788499883
"TCF12",-1.9693122913918
"FKBPL",-1.9696442681307
"ANKRD46",-1.97041873644042
"LOC100506851",-1.97066916523773
"GCK",-1.97102090009879
"RNF185",-1.9711816729911
"ID2",-1.97179254580814
"CCDC162P",-1.97196729332748
"LOC101927506",-1.97306935367455
"LOC105377102",-1.9732125191414
"SNORD107",-1.97327167310957
"ELOA-AS1",-1.97409401666977
"ZNF326",-1.97464853743251
"DPH6",-1.97471341918752
"TDRD6",-1.97503092460369
"SLPI",-1.97554467962849
"FAS",-1.97599257327254
"LOC105373335",-1.9767371446015
"LOC105373218",-1.97717953621269
"TCP11L2",-1.9785190800085
"ARID3A",-1.97907933310916
"LCA5",-1.97939862489206
"SPAG1",-1.97952213182582
"PTPDC1",-1.97965703497462
"C1orf131",-1.9804831527942
"GALM",-1.9813033123368
"TRNW",-1.98153819108856
"ZFAND5",-1.98164315292671
"LOC107986710",-1.98181574479477
"NMT2",-1.98318832554459
"UXT-AS1",-1.98358805450831
"CDCA7",-1.98479723950054
"FLNB",-1.98515443125429
"KLHL26",-1.98527307948172
"ANKRD20A3P",-1.98533944367481
"LOC105369149",-1.98536240365972
"ZNF345",-1.98590000064125
"CLIC5",-1.986590038663
"LOC107985154",-1.98659497975873
"IPO5P1",-1.98835993506236
"ZNF768",-1.98949338713223
"ZAR1",-1.99172105964706
"ENDOG",-1.99363328554233
"LOC105369755",-1.9936769479363
"CYP20A1",-1.99440542238832
"MIR6800",-1.99621437056282
"LOC107985451",-1.99735528614299
"CDC14C",-1.99867219784275
"SMYD4",-1.99921730091647
"ARV1",-1.99970904443657
"LOC107985678",-2.00066407480437
"ZNF175",-2.00150421812832
"BCOR",-2.00177967085949
"C8orf44-SGK3",-2.00213431748385
"GRIK5",-2.00216170531425
"ZNF155",-2.0064081050086
"NNAT",-2.00784367483778
"HNRNPUL1",-2.00943947866035
"TRNT",-2.00995663102317
"TIMM9",-2.01207541939203
"ARHGEF35",-2.01261395413771
"YAP1",-2.01445726016104
"FLNC-AS1",-2.01554634703568
"KCNA2",-2.0159950950007
"ZNF778",-2.01747314244945
"LOC105373311",-2.01901948883959
"CCSER2",-2.01951557896802
"RNF212B",-2.01961808959738
"LOC105377998",-2.0198409420444
"EPB41L3",-2.02195478597586
"BMP5",-2.0222648029312
"RGPD2",-2.02262068442455
"GCN1",-2.02396798171714
"TUBD1",-2.02413663261255
"ZNF347",-2.02475717240889
"ZNF407",-2.02482903945972
"LOC101929937",-2.0250903677247
"ACP2",-2.02550664700387
"SNORA67",-2.02589293389625
"EPRS1",-2.02592388551086
"LINC02210-CRHR1",-2.02615221847125
"QPCTL",-2.02665012160087
"IKZF2",-2.02699835989825
"MSANTD2-AS1",-2.02775679940306
"PRKN",-2.02839784584676
"ALDH1L1-AS1",-2.03148933888447
"IL10RA",-2.03195692698771
"MIDN",-2.03203893911602
"GLUD1P3",-2.03225848584568
"LOC107985783",-2.03303348858171
"TNRC6A",-2.0342270616448
"NPTN-IT1",-2.03493192923033
"RIC3",-2.03507638493103
"ARHGAP11B",-2.03577221868864
"PRKAG2-AS1",-2.03593485748012
"IPP",-2.03667183607746
"BACH1",-2.03733861956249
"LOC102723403",-2.03754384289884
"HAUS8",-2.03761059685004
"BRD1",-2.03783218524772
"MAN2B1",-2.03894915086877
"MIR4800",-2.04094870721084
"MAGI2-AS3",-2.04111240998684
"BIRC6",-2.04174888093597
"BLTP1",-2.04176058825078
"RPUSD3",-2.04177429671891
"GMEB1",-2.04243153321098
"USP28",-2.04278874606167
"LAMA5",-2.04356698413434
"SETD1B",-2.04455575627564
"RPUSD4",-2.04463845599918
"PSMA2",-2.0447211605955
"TMEM169",-2.04521887119416
"TUSC3",-2.04578262411474
"PNISR-AS1",-2.04579214086497
"ZC3H7A",-2.0461922685752
"MTCP1",-2.04619230086733
"MYCBP2-AS1",-2.04668446556035
"ZDHHC11",-2.04707006590946
"OR51E2",-2.04707957310825
"LOC105373044",-2.04718760862136
"LOC283788",-2.04864726797285
"LOC100289230",-2.0494091436779
"GTF2I-AS1",-2.04972383504157
"LMO4",-2.0504752499899
"MINK1",-2.05066093234563
"OVGP1",-2.05221157128479
"SPESP1",-2.05424406551805
"CRLF1",-2.05484835111535
"UTP3",-2.05839606718931
"RPF1",-2.0586883008721
"KPNA4",-2.06080744239133
"IFRD1",-2.06087973109525
"ZC3H11C",-2.06151998794686
"ZNF728",-2.06189176808737
"PRKAB2",-2.06221810639914
"BCAR3-AS1",-2.06232087054987
"TLR1",-2.06331032798933
"WDFY2",-2.06350095033015
"CPSF6",-2.06365699589775
"LOC107984219",-2.06415721540933
"PSMG1",-2.06460427794835
"NOP9",-2.06518983435455
"FAM32A",-2.06642946022447
"DBNDD2",-2.06841657282856
"LRIG2",-2.06882420331518
"OPN5",-2.06987444290699
"SH3BP5",-2.06990920265878
"SLC22A4",-2.07053591710197
"MIR7-1",-2.07167130041533
"PSTPIP1",-2.07348043646442
"TIRAP",-2.07366852136464
"SLC35B3",-2.07375022050438
"LOC101929819",-2.07436911813398
"BRAP",-2.07485712980864
"PGAP1",-2.07597030532636
"ZNF343",-2.07614953155903
"ARHGEF10L",-2.07626400785867
"UTP14C",-2.07726971411526
"ANKEF1",-2.07775653962403
"SRRM2",-2.07782741984126
"RHBDD1",-2.0782509578231
"MIR198",-2.07867069944831
"WDR82",-2.07981005425604
"ARL6",-2.07991051069865
"IL6",-2.08192146139621
"LOC105376278",-2.08219933454081
"ZNF507",-2.08351331259484
"USH2A",-2.0839127992389
"LMLN-AS1",-2.08398814960832
"MRPS17",-2.08417237645075
"SNORD143",-2.08486677194107
"AGO4",-2.08502867254968
"MAIP1",-2.08546758043465
"C10orf62",-2.08596843127751
"FCF1",-2.08667619886334
"CDRT15P1",-2.08668574983646
"ZNF491",-2.08678824772182
"C1QL3",-2.08780075186557
"CASP6",-2.08850814720722
"LOC102724682",-2.08878375695501
"FBXO38",-2.08911901804554
"SLC43A1",-2.09022073369538
"ZC3H7B",-2.09073953334256
"PCDH18",-2.09083665920733
"SNHG16",-2.09221049574876
"CWF19L2",-2.09370743028656
"DECR1",-2.09393103419283
"LOC100128079",-2.09404528143571
"HS3ST3B1",-2.09486810597971
"HMGXB4",-2.09559034821981
"LOC101928868",-2.09600207646416
"USP42",-2.09656022262554
"H2AJ",-2.09756465531258
"TET2",-2.09759733241857
"MSMO1",-2.09775983919566
"LOC105373255",-2.09953120314131
"BCCIP",-2.10003101326971
"ZNF503-AS2",-2.10193124776029
"PRMT6",-2.10249969512778
"PYROXD1",-2.10290670007812
"FABP2",-2.10529369346514
"IL1RL2",-2.10531096458709
"NUCKS1",-2.10649775659552
"TMEM41B",-2.10754899837673
"DNAJB11",-2.10775832696936
"MIR675",-2.10881396185224
"ZNF43",-2.10932973232888
"OLFM4",-2.10937068602559
"TMEM50B",-2.10988927249342
"ZNF181",-2.11083093687932
"SLC23A1",-2.11245182594862
"MED25",-2.11359517243517
"LINC00629",-2.11415560845501
"SOX10",-2.11427717097734
"SRSF2",-2.11481650441025
"SLC2A14",-2.11565571022994
"PPP1R14B-AS1",-2.11925215370863
"LINC02363",-2.11936990716158
"GCHFR",-2.12047999713844
"NDUFAF6",-2.12071454818732
"MTF2",-2.1214966194077
"ABITRAM",-2.12280211860052
"LOC107986294",-2.12330959153949
"JAKMIP3-AS1",-2.12365268847913
"LOC112268244",-2.12374601721085
"BPNT1",-2.12471180286825
"ZNF304",-2.12528432431287
"MEF2C-AS2",-2.12639801089829
"ENY2",-2.12690879599681
"FAM167B",-2.12724978719342
"LOC112268109",-2.12755113153616
"SYS1-DBNDD2",-2.12805147434912
"RNPC3",-2.12844400677627
"ALG10B",-2.12893816661067
"TEKT4P2",-2.12995705472396
"PITPNB",-2.13088267018894
"CCDC18",-2.131931781465
"LOC102724159",-2.13327193027598
"LINC01376",-2.13333468779568
"TERF1P7",-2.13482436760536
"CNTLN",-2.13488435761244
"ZNF430",-2.13495180968476
"MUC4",-2.13682387910953
"LOC105369953",-2.13764798201748
"FBXL18",-2.14092167577536
"LOC100130357",-2.14193826118278
"IRAG1-AS1",-2.14271685591133
"GGA3",-2.14291434491138
"FNBP4",-2.14478667409036
"ANXA2R-OT1",-2.14586183052547
"PIGO",-2.14659102485772
"LOC105375337",-2.14707727365957
"SLC35G1",-2.14859109768536
"TRIM44",-2.14866467484239
"SYNRG",-2.14908031690454
"PTPRM",-2.15052555000859
"GGT7",-2.15179224726214
"NSMCE3",-2.15203819973472
"DAGLB",-2.15367780232191
"LOC107985184",-2.15424135990194
"LOC101929609",-2.15656204240277
"PCARE",-2.15677235036024
"VPS39-DT",-2.15744509527316
"FAM200B",-2.15752821040394
"GABPB1-IT1",-2.15775715918621
"PURA",-2.15784077995959
"SNORD5",-2.15826366004851
"SUPT20H",-2.15876321275139
"SYNJ2",-2.15929812078144
"ZNF565",-2.15965973388994
"MIR761",-2.15972843646587
"ERBB4",-2.16030556376254
"TPT1",-2.16092963914735
"LOC105373041",-2.16113996880521
"C2CD5",-2.1623891657294
"LINC01003",-2.16257744627969
"DPY19L2P4",-2.16258264983662
"RAB3GAP1",-2.16298532986884
"LOC112268024",-2.16309949639293
"SLC4A3",-2.16347417989627
"LINC02609",-2.16352900122576
"CHRNA10",-2.16472779742635
"IZUMO1",-2.16707073520381
"CCPG1",-2.16744975219199
"IQUB",-2.16758299535334
"LSM1",-2.16861758919992
"HROB",-2.1696726444861
"LOC107984328",-2.17187420789911
"SDHD",-2.17202442161295
"CKAP2",-2.17395073021754
"LINC00630",-2.17487017333848
"PTP4A1",-2.17565000599763
"ZNF232",-2.1769404825737
"ITGAD",-2.17743534217596
"HARS1",-2.17749805486199
"MYO6",-2.17795778237743
"SIRT4",-2.17838998746088
"BTN2A3P",-2.17870265577482
"CD99L2",-2.17886264633985
"FLRT1",-2.17923547051428
"ANXA1",-2.18013420477155
"ZNF852",-2.1814747028781
"TSPAN3",-2.18301022923127
"SRRM3",-2.18313614042826
"PIGL",-2.18325573005487
"BRD2",-2.18378501056234
"POU2F1",-2.18400722147356
"LINC00324",-2.18438915080811
"MIR6852",-2.18638903072403
"SCN4A",-2.1867024827818
"STAG3L3",-2.18811694198045
"PDE7B-AS1",-2.18920595637953
"ARAP1-AS2",-2.1899107782452
"CRTC3",-2.19037387916401
"GOLGA6L9",-2.19062236897128
"FANCM",-2.19107662219536
"RORB",-2.19260786310028
"PPARGC1A",-2.19289905837098
"CISD1",-2.19308026933617
"LOC101929950",-2.19365447231589
"PCGF3",-2.19542118089345
"PFAS",-2.19643045103549
"ASB3",-2.19965507236441
"ACE2",-2.19994068674637
"ZMYM1",-2.20016996271408
"FMR1",-2.20143709936592
"BMPR2",-2.20144888514264
"LOC101928988",-2.20162750362302
"RRN3",-2.20171880457294
"PALM2AKAP2",-2.20267982163615
"BTBD6",-2.20359022098203
"USP50",-2.2037798772289
"DSTYK",-2.2048697684916
"SERP2",-2.20534607233434
"LCOR",-2.20596748528539
"LRRK2",-2.2061751198473
"UBTD1",-2.20677205813123
"EMC1-AS1",-2.20701552342578
"MAGOH2P",-2.20728422785147
"LOC107986299",-2.20734731756764
"TRIP11",-2.20886835004762
"SLC25A30-AS1",-2.20939689494568
"NDUFV2",-2.20956931542536
"GTF2H3",-2.20982469521982
"PCDHGB8P",-2.20992710672418
"NALCN-AS1",-2.21011501676522
"SENP7",-2.21106099887783
"CARS1-AS1",-2.21167331492247
"RSL1D1",-2.21238310380087
"EIF3B",-2.21309042304532
"SPDYE2",-2.21360575650336
"WHAMMP4",-2.21429476509393
"DOCK4",-2.2147558515169
"BRIX1",-2.21546093135026
"PEX19",-2.21567755025409
"ABRACL",-2.21574909263917
"PLCG1-AS1",-2.21624359458519
"CECR7",-2.21981203678122
"LOC105374775",-2.21990684984709
"LSM14A",-2.21993184034722
"BPTF",-2.22088071846363
"WHAMMP1",-2.2210691841264
"CHP1P2",-2.22184336032541
"PDCD6IP-DT",-2.22215204632612
"MARCHF11",-2.22230615016326
"FAM238C",-2.22278952710217
"PCGF1",-2.2230390806911
"DOK3",-2.22368203871077
"RUSC1-AS1",-2.22559364199726
"MIR4453HG",-2.22581984864496
"HEYL",-2.22608008834524
"DYNLT2",-2.22633491572211
"NFATC4",-2.22839514088773
"ADNP",-2.22887523422792
"TCEAL9",-2.22957028698318
"TST",-2.23053124090985
"CCDC77",-2.23121294300369
"HIBADH",-2.23154386256682
"FAM9C",-2.23171326880478
"PSKH1",-2.23172194092641
"RGPD5",-2.2324828646869
"LOC105376781",-2.23270238997448
"LINC00926",-2.23291987695097
"DPP9-AS1",-2.23306648272483
"LOC101928236",-2.23310577504739
"ZBED3-AS1",-2.2332324433766
"TANC1",-2.23506548708082
"LOC105375311",-2.23526635971281
"LOC102723872",-2.23549425327038
"HORMAD2-AS1",-2.2358254998586
"ZNF454",-2.23606208270188
"PDE4DIPP2",-2.23676913517278
"ATF1",-2.23843133865301
"FNDC3A",-2.23899436050959
"LOC284581",-2.2397512738415
"OSGEPL1",-2.23979790841282
"LOC112267855",-2.24049251377301
"ZNF773",-2.24060154570872
"CKAP5",-2.24125968007928
"LOC101927510",-2.2421995394809
"CADM2",-2.24223056218569
"TMEM26",-2.24223558758749
"CPNE3",-2.24446088271736
"CFL1",-2.24464877765493
"PDCD5",-2.24510279868632
"MIR4700",-2.24573344758187
"SPECC1L-ADORA2A",-2.2462073175836
"HOMER1",-2.24675685335092
"RIMS3",-2.24678551431406
"HPCAL1",-2.24876375729731
"GPN2",-2.24901938458827
"LMO7",-2.2496451565008
"PYGM",-2.2500679473887
"PER1",-2.25027506640644
"C5orf34",-2.25107297573658
"BCL10",-2.25119436211209
"CLPTM1",-2.25119539259239
"SPOCK1",-2.2512020833295
"SREBF1",-2.2513941605971
"CNTNAP3",-2.25239801244244
"ADGRE2",-2.25387034335975
"BMS1P23",-2.25395554612912
"LOC105372270",-2.25444300476645
"CAPRIN1",-2.25452217916299
"DNAJB4",-2.25705166968578
"C2CD4C",-2.25743169348678
"YPEL5",-2.257531214728
"GET1",-2.25879644453166
"HDGFL3",-2.25887165614945
"STAG3L1",-2.25944045696778
"AHCYL2",-2.25952802928286
"LOC646214",-2.25989536147418
"CEP295",-2.25991601629877
"NUP214",-2.26011973033281
"P2RX5",-2.260325108426
"LOC105369344",-2.2607361233901
"ARHGAP42",-2.26153118969448
"GCSAM",-2.26163936425602
"ZFAT-AS1",-2.26235700960327
"DKK3",-2.26341717203524
"RPP14",-2.26358403508895
"SNORA11F",-2.26400634045702
"DPYD-AS1",-2.26444598724079
"THUMPD1",-2.26457810005337
"ENTREP3",-2.26575381404423
"LOC105376615",-2.26705122416641
"H3-3A",-2.26734517755116
"EOLA1",-2.26825170128521
"PHKG2",-2.26924615813441
"ZNF595",-2.26962926445613
"NABP2",-2.27021100850542
"ABHD4",-2.27049869584425
"SNRPA1",-2.27109577496833
"IMPG1",-2.27231614691743
"ABCA9",-2.27359750043127
"NBR1",-2.274775282572
"HGSNAT",-2.27549756185098
"ERCC8-AS1",-2.27749680526374
"RAB12",-2.27844634447234
"WAC-AS1",-2.27876731699783
"DLEU2L",-2.27935714370625
"ACOT7",-2.27939372671832
"PDLIM5",-2.28022963696288
"MOGAT1",-2.28107687442446
"UMODL1-AS1",-2.28132894712717
"NNT-AS1",-2.28170094052851
"CRTC3-AS1",-2.28172220479913
"LOC105378973",-2.28174366995277
"BEND3P3",-2.28189956086099
"DCAF8-DT",-2.28235287675784
"CPNE5",-2.28294193856552
"CDR2L",-2.28360954614528
"LOC105370041",-2.28375781960891
"RCN1",-2.28448792654678
"LOC101927712",-2.28494178657823
"ITIH2",-2.28584748683635
"TRPM3",-2.28659490537602
"LOC105375078",-2.28684155730811
"KBTBD8",-2.2872875331005
"PTPN14",-2.28966834747309
"ZNF33B",-2.28987818092634
"INTS9",-2.29008829519166
"NDUFB3",-2.29095778527474
"GRIK2",-2.29124952285244
"ZNF613",-2.29184176800315
"AGO3",-2.29193053346112
"ZNF649-AS1",-2.29224825197247
"S1PR2",-2.29230142214947
"NOP16",-2.29259644410959
"TRMT11",-2.29373079211474
"TXNDC16",-2.29374665100684
"AEN",-2.29394266826913
"PSD3",-2.29395270840252
"IL10RB-DT",-2.29626484236312
"PXK",-2.29719338543015
"PLBD2",-2.29816505206957
"BIVM",-2.29898706329791
"TXNRD3",-2.29909124327967
"LOC107985304",-2.3002778249276
"RIPK3",-2.30084722543482
"TNFSF4",-2.3019336256672
"ZRANB2",-2.30200515735685
"SLC46A3",-2.30285197852692
"DNAH3",-2.30367681865045
"ACTG2",-2.30374272911996
"CADM3",-2.30422690017987
"UBAP2L",-2.30456708015712
"ZNF225",-2.3050676178379
"NEDD4L",-2.30641296859313
"RGPD6",-2.30727573953921
"ANXA5",-2.30753372438595
"RTEL1-TNFRSF6B",-2.3075803982105
"PDHX",-2.30817940761753
"STOX2",-2.30825458447695
"KMT5A",-2.30989285112301
"EID2",-2.31046825564603
"ZNF569",-2.3104867371955
"BNIP3L",-2.31128352085524
"LOC102723890",-2.31223359515474
"RNF122",-2.31380535897176
"LOC105370165",-2.31381667745521
"FGF2",-2.31563404523636
"CYP19A1",-2.31623425968242
"SCOC",-2.31635977696278
"SUOX",-2.31669814392747
"SMIM14",-2.3180617141545
"PAWR",-2.31843390373292
"RCHY1",-2.31863048472823
"SLC37A3",-2.32008422043666
"SETD7",-2.32041309863381
"HSD17B3-AS1",-2.32071749394503
"CAND1",-2.32272179798989
"KCTD18",-2.32398826098591
"LNPEP",-2.32400208791386
"GPBP1",-2.32526076128989
"PPIA",-2.32615977769129
"LOC102723724",-2.3261820882882
"LOC102724563",-2.32669592913958
"RPS6KA1",-2.32674018263011
"DCAF17",-2.32753074211632
"USP9X",-2.32817963379594
"EIF1B",-2.3293107253472
"TAF6L",-2.32932942159238
"UCHL3",-2.32941957405329
"CLEC5A",-2.32973701924265
"SNORD29",-2.33028063621543
"AMMECR1",-2.33057749073492
"KIFBP",-2.33214777221729
"ABCA9-AS1",-2.33286737918785
"NARS1",-2.3329793972122
"LOC100233156",-2.33315548608392
"ALG11",-2.33333596314294
"LINC01550",-2.33454309332938
"FHL2",-2.33516616599012
"ZNF829",-2.33605526007841
"LOC105370902",-2.33613866130207
"ANGPT1",-2.33622647965518
"TCF20",-2.33676260492525
"PLEK",-2.3369266699985
"SDAD1",-2.33854348534234
"CAPS2",-2.33944542756013
"FSBP",-2.33951289174798
"ADAMTS7P1",-2.33951845526938
"KIF11",-2.33997775869149
"ACO1",-2.3400562842571
"DIS3L",-2.3411605455493
"FOS",-2.34187586713831
"DNAJC21",-2.342176180191
"PPP4R1L",-2.34507963572604
"C1GALT1",-2.34587385848886
"PINK1",-2.34597432365286
"ENOPH1",-2.34604475662746
"TMEM41A",-2.34617279706193
"TRAK2",-2.34735117188533
"SNORD10",-2.34755252358086
"BIVM-ERCC5",-2.34819839530215
"SDC4",-2.34822203151812
"TIA1",-2.34839777710326
"SNORA4",-2.34842219334061
"PTPN4",-2.34858860741712
"ITGA2",-2.3488455745004
"DPP3-DT",-2.34922951442943
"CCDC112",-2.34925920295316
"IQSEC2",-2.34978072158804
"MED8-AS1",-2.35099595206844
"LOC105373582",-2.35116511812134
"LGALS8-AS1",-2.35262127138457
"TUBGCP4",-2.35446104390364
"ZDHHC18",-2.35485674091055
"GALNT16",-2.35555044836519
"SNORD59A",-2.35655936626032
"CENPW",-2.35708846233005
"KIF20B",-2.3575751009801
"FCGR1CP",-2.35881443131173
"LOC105371792",-2.35906286295911
"NOB1",-2.35923579791739
"CEPT1",-2.36143479875566
"FNDC4",-2.36266736153928
"BTAF1",-2.36347660780626
"KIAA0754",-2.36477683803321
"PI4KA",-2.36481867118204
"SUPT6H",-2.36517077159615
"SNORA63",-2.36533472132343
"EBLN3P",-2.36611878207765
"PEX11B",-2.3661278486209
"LOC729867",-2.36697506784266
"APIP",-2.36727014276532
"NARS2",-2.36734889139925
"TOMM20",-2.36768545482609
"PDE10A",-2.36839748623364
"LOC100996842",-2.36851476362068
"MIS18BP1",-2.37039487012121
"SNORA61",-2.37167025504715
"ZCRB1",-2.37297305373158
"NRTN",-2.37318084735706
"THG1L",-2.37358109677347
"ARHGAP20",-2.37385366918911
"SEC11A",-2.37389693856778
"SORBS1",-2.37409060151578
"DPY19L3",-2.37490661067824
"MIR5187",-2.37555645967456
"JAKMIP3",-2.37584235278229
"MIR5047",-2.37614047415246
"KDM4C",-2.37705106569981
"SYK",-2.37741176039353
"BDKRB2",-2.37802013766213
"NTAQ1",-2.37892345000776
"GOT1",-2.38059539339577
"KBTBD11",-2.38093305238752
"GARS1",-2.38128124004673
"GKAP1",-2.38231552267849
"CT75",-2.38266336735862
"LINC02542",-2.38272179049683
"GUSBP3",-2.38325696078205
"SCN1A",-2.38378858406682
"RBAK",-2.38425584353678
"FAM53B",-2.38568598186771
"F2RL3",-2.38617738325076
"DNAJC5",-2.38801391782512
"HMBOX1",-2.38817367455038
"ARHGAP32",-2.39015911373787
"RLF",-2.39088323476698
"ABCG4",-2.39097968161315
"DND1",-2.39185824155708
"TSC22D1",-2.39203380094591
"EIF4G3",-2.39381217398571
"ASAP1",-2.3943168408917
"GEMIN5",-2.39441314145283
"JMY",-2.39454501368625
"DBI",-2.39490424817239
"EFR3A",-2.39568504848865
"ANKRD37",-2.39574790611081
"LOC102724720",-2.39619327055354
"LOC105376070",-2.39714959449392
"PCDHB14",-2.39811537307571
"PDCL3",-2.39925575145774
"NSFP1",-2.40041083346401
"TOMM5",-2.40386749426667
"ZNF252P-AS1",-2.404024959732
"C2CD2L",-2.40416361521582
"ZMYM4-AS1",-2.40819586649836
"CARS1",-2.40844453587248
"MLPH",-2.40848884165394
"EXOSC10-AS1",-2.40872878881419
"JUP",-2.40877765809208
"VCPKMT",-2.40917428184967
"MIR6501",-2.40985500348017
"GIMAP5",-2.41003258440342
"NME2",-2.41063564303142
"ZCCHC10",-2.41064054735788
"LOC105370567",-2.41119221871056
"ZSCAN12",-2.41251989179535
"STAM",-2.41264363575765
"TIPRL",-2.41272116099459
"SNORA16A",-2.41303117947831
"MIR4517",-2.41321728919368
"JPH2",-2.41341226852162
"LOC100652999",-2.41462424353337
"NUDT13",-2.41536959112236
"ACOT13",-2.41632734413296
"ZNF302",-2.41687567177033
"PUS7L",-2.41695973057266
"UBL3",-2.41710018700553
"DCAF8",-2.41889633279104
"LOC101928451",-2.42108691052584
"FSIP2",-2.42112174247593
"CHMP4B",-2.42148636408762
"LZTFL1",-2.42167259505503
"FBXW7-AS1",-2.42321684773318
"UIMC1",-2.42354859178819
"S100A10",-2.42465921796411
"ZNF225-AS1",-2.42549318614047
"IFITM3",-2.42590773008059
"RASGRP3-AS1",-2.42694401359279
"KCNAB2",-2.42709893600246
"ERCC6L2",-2.42742225805205
"NIFK",-2.42826178596453
"PLIN4",-2.42835074218157
"RECQL",-2.42891771467068
"MRPL34",-2.42901038622262
"EED",-2.43003683597962
"TMEM116",-2.4303122135664
"LOC105371131",-2.43036361972351
"HBP1",-2.43078620756638
"LOC107986671",-2.43166202310877
"TMEM106A",-2.43186941042779
"FAM166B",-2.43263503624564
"LOC107987264",-2.43299004565688
"CENPX",-2.43363277153412
"FEN1",-2.43703232083977
"CDK7",-2.43704896671932
"AGPAT5",-2.43963216036755
"ZNF280C",-2.43989557904131
"ARID1B",-2.44108490970445
"DUSP23",-2.44127865635919
"RABGGTB",-2.44147519484702
"CBX2",-2.44366056011965
"RFXAP",-2.44383301051713
"TMEM139",-2.44387372193316
"RNF128",-2.44403017731556
"TRAF7",-2.44550280838846
"DNAJB7",-2.44562193565728
"SLFN11",-2.44771551770584
"PHIP",-2.44814869384248
"ZNF703",-2.44844536858944
"CYP4F11",-2.45165099057552
"ZNF98",-2.45237790988237
"PCDHB13",-2.45368362568056
"SLCO4A1-AS2",-2.45374041776252
"SLC38A5",-2.45399154792015
"ABI1",-2.45561891761981
"KRBA2",-2.45655899859095
"C1D",-2.45697020050715
"ALKBH8",-2.45922386403299
"ZNF292",-2.4594081055951
"APOM",-2.45991251925292
"TRNL2",-2.46101188910979
"LOC107983971",-2.4619337079551
"KLHL24",-2.46239344233395
"DHX40",-2.46300688449388
"MRPL36",-2.4635167764833
"SCRN3",-2.46530945745237
"TLN1",-2.46547185658056
"DDHD2",-2.46582088654077
"CARNMT1-AS1",-2.46602404611848
"LIX1L-AS1",-2.46637201816836
"CCDC174",-2.46700815841462
"NCAM1-AS1",-2.46847233546498
"ZNF721",-2.46897273556431
"GNB1",-2.4703232732024
"SLC25A25",-2.47038968597781
"TLR6",-2.4717048689651
"TRIM32",-2.47176312977403
"ZNF286A",-2.47274154446981
"PROX1",-2.47331312369155
"EPN1",-2.47556103376951
"HSDL1",-2.47587315862638
"CTC-338M12.4",-2.47599610697146
"HACL1",-2.47698905774953
"FIG4",-2.47742294159517
"C17orf58",-2.47760267499687
"TMEM120B",-2.47887648292758
"TNFAIP1",-2.47892466372739
"FARP2",-2.47963895128339
"C9orf78",-2.48057831931999
"CEL",-2.48145616380908
"POLD3",-2.48202758420067
"RTEL1",-2.48241159050289
"NOS3",-2.4826156062079
"VPS4A",-2.48350121763082
"LINC00930",-2.48353986800473
"DCLK3",-2.48517470187604
"SH3RF2",-2.48533772067843
"BICD2",-2.48635647555494
"FAUP4",-2.48668338859117
"LOC101929031",-2.48763787797397
"ZBTB42",-2.48803876249004
"NIPAL2",-2.48834435213765
"VMA21",-2.49076895471171
"SNORD84",-2.49165993193501
"PKIA",-2.49202245227712
"CENPN",-2.49209858347897
"TRIM25",-2.49221420174454
"SNORD144",-2.49328740528876
"CD109-AS1",-2.49354607887359
"SPTLC2",-2.49457416517464
"LOC112268190",-2.49587427767755
"PIK3R1",-2.49619377320827
"CENPF",-2.49657582800211
"UBE2L3",-2.49705052856316
"LOC105373194",-2.49712927051655
"LCTL",-2.49728797988895
"CCDC134",-2.49768008520161
"RNGTT",-2.49775326673452
"CD9",-2.4998043580748
"NLN",-2.49989793331536
"EBNA1BP2",-2.50008033266045
"P2RY14",-2.50142919846406
"PALMD",-2.50185377994644
"RYR2",-2.50192498432486
"SRGAP2C",-2.50281228984194
"LINC02432",-2.5036813856015
"INPP5B",-2.50429010288447
"LINC01388",-2.50556282369031
"TMEM185A",-2.5064703382789
"FAAH",-2.50741813627787
"ZFP36L2",-2.50884065743016
"TMPPE",-2.50948101636119
"NGRN",-2.50957075103354
"PHC3",-2.51015348878655
"CHRFAM7A",-2.51072914372208
"AFTPH",-2.510802029874
"CALHM2",-2.51166075381072
"MAP2",-2.51195443057815
"CIBAR1-DT",-2.51258379098419
"ARPC5",-2.51303795313539
"LOC105373716",-2.51435850057696
"COL4A2",-2.51653424769102
"VDAC1",-2.51783221085317
"SHCBP1",-2.51827626391139
"ATR",-2.51890593719415
"KAT14",-2.51905283668249
"ARHGEF11",-2.519713401558
"ZNF107",-2.52021702724402
"AMPD3",-2.5210050547212
"LOC112267941",-2.52169390638866
"SECISBP2",-2.52227615180755
"LOC283683",-2.52266641678241
"CRLF3",-2.52576157100725
"FAM118B",-2.52739721771721
"ATXN1L",-2.52791806547444
"PRPF8",-2.52827355770062
"GABPA",-2.5295504323419
"ZEB2",-2.52957045945295
"CTCF",-2.52982657222092
"TCAIM",-2.53049381112168
"FGF7P3",-2.53085621368057
"TASOR",-2.53101205444548
"MDM1",-2.53145866840924
"HSP90AA1",-2.5319225865145
"CNN1",-2.53219104202524
"ZNF354B",-2.53255685982405
"RHOF",-2.53256856281338
"LOC101929160",-2.53261563954229
"ZNF395",-2.53279830060416
"MIR555",-2.53309227324418
"MIR186",-2.53387269882299
"SMIM11",-2.53472409708037
"ERICH1",-2.53584053191568
"ALS2CL",-2.53725038048521
"ENTPD7",-2.53791776882716
"PICK1",-2.53838408412199
"MED4-AS1",-2.53993582793772
"LOC107986121",-2.53995638820138
"KHDC4",-2.54104062742005
"DIAPH1",-2.54123516677709
"INPP5K",-2.54171874522
"RAB35",-2.54214467451996
"HP1BP3",-2.54473139074374
"DRG1",-2.5447728156684
"ARID4A",-2.54563633521232
"IRAK2",-2.54621900492497
"MIR4444-1",-2.54678542551724
"ZNF106",-2.54710899099987
"PRSS23",-2.54766816122462
"RNF130",-2.54892430140803
"ANGPT2",-2.54983093510621
"ARHGAP21",-2.55035174087702
"AP1B1",-2.55072396006298
"HSPBAP1",-2.55149337852853
"ZNF41",-2.55172374750144
"OSGIN2",-2.55186470007463
"LOC102724748",-2.55337245274147
"CSNK2A3",-2.55377665230344
"SEMA3A",-2.55478290759113
"PUM2",-2.55489458016588
"ZFP57",-2.55525934034149
"HTT",-2.55538074145732
"RTN2",-2.55866955934475
"BAG4",-2.5588508669089
"CNOT6",-2.5592703630103
"TSPAN7",-2.55933614874482
"BTRC",-2.56005080035365
"PPIG",-2.56115313631571
"MRPS22",-2.56131277310127
"BCLAF1",-2.56143755154567
"ACRBP",-2.56146773966965
"ADAP2",-2.56222854759414
"ZFC3H1",-2.56380351394005
"SUGT1P1",-2.56553953716599
"CD276",-2.56585791049773
"DNAAF4-CCPG1",-2.5665239596695
"LINC02987",-2.56705899640063
"MIR3685",-2.56744236609044
"WDFY3",-2.5675154938854
"KPNB1-DT",-2.56775393776423
"FLNB-AS1",-2.56776604009481
"CYB5A",-2.56790665595942
"GORASP2",-2.5706531126132
"ASIC3",-2.57111515643273
"KBTBD4",-2.57113067831855
"LOC653513",-2.57493586701014
"ACTR6",-2.57509779257522
"ZNF71",-2.57599536798773
"TMEM68",-2.57601284343838
"CYFIP2",-2.57696611412427
"SOX5",-2.57707460471813
"TUT4",-2.57799583177744
"CRYBG3",-2.57834176550798
"MRTO4",-2.57858970115657
"SLK",-2.57868328189732
"KLHL9",-2.58011365359812
"EFCAB10",-2.58328688563063
"TRIQK",-2.58377528647554
"ARG2",-2.5837932970957
"LOC107984172",-2.58420254995221
"ACTR10",-2.58422273896578
"CNTNAP3C",-2.58448880211721
"STAG3L2",-2.58499535524444
"LOC105369909",-2.58508017751246
"NDUFA12",-2.58543668135318
"NEBL",-2.58546323877172
"RAB2A",-2.58553784622208
"PRR14L",-2.58670121629762
"PTK2",-2.58711056056414
"SHPRH",-2.58783228963365
"NSD1",-2.58830754737795
"ALG9",-2.58889474691003
"PBX3",-2.58982413339096
"JOSD1",-2.59086204260027
"DMD",-2.59094674833473
"TRIM6",-2.59113450066676
"SNORA53",-2.59116237250474
"ALG10",-2.59262314262554
"LOC105377766",-2.59280762216678
"KCNK2",-2.59492977778209
"GLP2R",-2.59555288943559
"DUSP4",-2.59676334866853
"SH3BP5L",-2.59699405010668
"LANCL1",-2.59714665689188
"MAP4K5",-2.59816105223491
"ZNF529",-2.59850829472968
"CHORDC1P4",-2.59914780120218
"DCLRE1B",-2.60069462881372
"ADAMTSL4-AS1",-2.60112656114249
"ANKRD42-DT",-2.60123203214232
"TPSG1",-2.6020477938718
"SRP68",-2.60250352834936
"NCOA2",-2.60320094935251
"RFC4",-2.60340306284195
"RNF43",-2.60362058649974
"LOC107984265",-2.60378370046391
"LOC107986127",-2.60380209702502
"LOC100132741",-2.60437451414195
"ARL13B",-2.60596596070993
"CIRBP-AS1",-2.60682361804043
"RGPD8",-2.60729264017082
"CCNB3",-2.60768298532904
"KANTR",-2.60897885792903
"TUBA1B",-2.61118937640717
"TMCO1",-2.61237195695299
"RAPGEF4",-2.61298997826113
"GABBR2",-2.61299261743468
"LOC112268174",-2.61333851605808
"LTK",-2.61497607843274
"RAB42",-2.61595917191771
"TOR1AIP1",-2.61671315179798
"ANO2",-2.61683613671715
"PAPOLG",-2.61765803862369
"TTC23",-2.61804593322286
"HSPA12A-AS1",-2.61845559135835
"TYRO3",-2.61996306118175
"KCNRG",-2.62334811868339
"CAVIN2",-2.62373413455859
"ARF3",-2.62402285479993
"ATP6V1C1",-2.62429527166591
"NME1-NME2",-2.6262374551801
"MDC1-AS1",-2.62754586156896
"PSMA4",-2.62771016175455
"TBCEL",-2.62830146352832
"LOC105370114",-2.62846099923906
"CEP104",-2.62877126260149
"SNHG26",-2.63129270333592
"GANC",-2.63182312337524
"CMTR2",-2.6324176501677
"STRN3",-2.63354108995645
"SNHG30",-2.63358619116529
"FBXW7",-2.63379440508294
"GTF2A2",-2.63438493453396
"TRNAU1AP",-2.63575964003497
"RPE",-2.63600913358857
"CRIPT",-2.63772658065117
"ALOX12-AS1",-2.637784477497
"PTGES3L",-2.6405167291424
"DNMBP",-2.64201823507115
"CDHR3",-2.64204669309494
"CCDC149",-2.64264721703447
"ATP6V1G1",-2.64308646762104
"UBE2QL1",-2.64502250007371
"DDX11L2",-2.6465442495143
"MIR3064",-2.64664523418907
"MCM9",-2.64678691354953
"CEP135",-2.64819955178925
"MSL2",-2.64823234857004
"PCDH20",-2.64884371039713
"ZNF330",-2.64885255318293
"LOC107984340",-2.65038683420058
"LYSMD1",-2.65095926319385
"NUFIP1",-2.65206462932711
"HOMEZ",-2.65303190557613
"HSPB2-C11orf52",-2.653190264497
"MIR4458HG",-2.65332997463251
"TAMALIN",-2.65363296504482
"CCNT1",-2.65415193862035
"LIMD1-AS1",-2.65492550772332
"HYAL1",-2.65635985603155
"KMT2D",-2.6606605904428
"TECRL",-2.66247483411998
"SLC19A3",-2.66268175231904
"TXNL1",-2.6652302508981
"LOC100128398",-2.66582155380024
"CDC42",-2.66584789632406
"CFAP161",-2.66603172485915
"HSD17B3",-2.66610811982752
"MXD1",-2.66665627084577
"CYB5D1",-2.66706738148344
"PAPPA-AS1",-2.66815510574998
"LINC00987",-2.66861413815737
"TIMM21",-2.66873246462231
"RTN4",-2.66886625165882
"UTRN",-2.66953866451678
"KATNAL1",-2.6703314952861
"DGKH",-2.67063981936025
"NDEL1",-2.67178010704967
"WHAMMP2",-2.67247566179491
"AP1S1",-2.6732139363234
"ATP6V1E1",-2.67346772028423
"DLK1",-2.67440218181405
"PTTG2",-2.67481102732186
"ZNF484",-2.67655453729534
"TP53TG5",-2.67707164888033
"WIPF2",-2.67741873704222
"PKD2L2-DT",-2.67753150860294
"CCDC82",-2.67784663856944
"SEC24D",-2.67861715549124
"SORD",-2.67962537112205
"SNORD58A",-2.68056033925239
"TOGARAM1",-2.6811728792906
"DGKA",-2.68305390504438
"PTPN20",-2.68325079020763
"PPA2",-2.68404441289642
"ODR4",-2.68434707547565
"TMEM38A",-2.68555774086968
"LRRFIP1",-2.68609644067972
"SNORD28",-2.6861455206429
"MGAT4C",-2.68695880339073
"PAIP2",-2.68821648509661
"LONRF1",-2.68946798386264
"MYADM",-2.69011881631749
"SRSF3",-2.69126785610171
"SNORD116-4",-2.69311806687536
"LOC400541",-2.69326058778303
"HSPB3",-2.69521350448487
"CCDC91",-2.69583335541457
"PROB1",-2.69608956742657
"IL17RC",-2.69686810694029
"SNORD63B",-2.69732841165976
"VDAC2",-2.69810953993623
"SNORD116-20",-2.69825481466113
"CRYZL1",-2.69949650475766
"WNT5B",-2.69979929789508
"PLAG1",-2.69998885261845
"LATS1",-2.70090490168387
"MPHOSPH9",-2.70242641045611
"REV3L",-2.7035649161091
"ZFP36",-2.70397874098161
"RFT1",-2.70407539390256
"RNF139-DT",-2.70452166215705
"LOC105378286",-2.7052673861742
"SLC39A9",-2.70535837920072
"MIR6506",-2.70540098287771
"SCARA5",-2.70646122320763
"SIGLEC1",-2.70750502533749
"WNT2B",-2.7081937817602
"ANKRD18A",-2.70822192143524
"SNORD89",-2.70830268218492
"KIFC1",-2.70838222325454
"MIR1304",-2.7103212633082
"TBP",-2.71179881053854
"LOC107985915",-2.71215836722042
"ATXN7",-2.71256210280641
"ENSA",-2.71264536569713
"TRAPPC12",-2.71344917525723
"PM20D2",-2.71359826586071
"C1S",-2.71386980243991
"AXL",-2.71426157240777
"FBP1",-2.71476569195057
"ZNF826P",-2.71495257478144
"KBTBD2",-2.71512111599549
"TMEM102",-2.71640904009255
"THAP5",-2.71708355310017
"SNORD31",-2.71742018404229
"IRX2",-2.71746493209156
"MYCBP2",-2.71842036337467
"GNAQ",-2.71898451703534
"PLGRKT",-2.71946764819384
"PLAAT5",-2.71972143381291
"RBBP8",-2.71976804192135
"PLSCR1",-2.71987595538061
"OSTC",-2.72033403979719
"SLC35A5",-2.7208274292349
"GUSBP15",-2.72115198021126
"MLKL",-2.72125006057829
"VN1R1",-2.72160000951267
"ZDHHC17",-2.72249982023987
"COG3",-2.72290253002074
"ZNF670",-2.72291007686333
"CCR7",-2.72298321267241
"PTBP3",-2.72373539686451
"SKINT1L",-2.7240343252105
"TCOF1",-2.72589197869061
"ADGRG3",-2.72748493798285
"NUDT21",-2.72810670611129
"CAPN11",-2.72946055614821
"PTPRO",-2.72948893679065
"LOC105374114",-2.73040365340243
"AGFG2",-2.73237747047535
"FAM136A",-2.73266275600354
"NFX1",-2.73278829258743
"LOC389834",-2.73364596888222
"FKTN",-2.73442563956984
"MDN1-AS1",-2.73482543853446
"ART1",-2.73565804448339
"TRAF3IP2",-2.73572278119846
"ARHGEF4",-2.73602425131935
"PIK3R4",-2.73696452772937
"ATG4C",-2.73889855195011
"PSMD6",-2.73952183719654
"IL4R",-2.74064774721164
"SPDYE2B",-2.740969826416
"EOLA2",-2.74189400550947
"TRND",-2.74488781106792
"GFOD2",-2.74527026337764
"EBF1",-2.74596982160662
"TMEM67",-2.74661868779934
"MIR10397",-2.74677470481637
"PCGF3-AS1",-2.74732902920786
"RILPL2",-2.75001953913579
"DMXL2",-2.75071460421514
"PCDHB3",-2.75121970744449
"MTOR-AS1",-2.75186654086327
"LINS1",-2.75198847742637
"FRMPD1",-2.75262109587964
"ACSL4",-2.75302960029019
"FAM78B-AS1",-2.75347237711231
"GIMAP1",-2.75368354969666
"FKBP1A-SDCBP2",-2.75396328947411
"ARHGEF12",-2.75476082160824
"SMPD2",-2.75565307043765
"ZDBF2",-2.75676018775459
"RSL1D1-DT",-2.7588110767526
"TTBK2",-2.75995407912881
"RTN4RL1",-2.7619043481635
"EID1",-2.76223505888515
"LOC102724428",-2.76226987909185
"FAM106A",-2.76296644096471
"NPL",-2.76300175007711
"LOC112267965",-2.76411915900264
"SYVN1",-2.76435781590795
"SHPK",-2.76451062769333
"SNORD14B",-2.76689313358364
"DNAJC11",-2.76868918555698
"BAP1",-2.76906702086983
"PIFO",-2.76994112238655
"MICU3",-2.77308621544023
"MIPOL1",-2.77436665169637
"C2orf66",-2.77445254959224
"TUSC1",-2.77552946483029
"SNORA32",-2.77695141698828
"ZSCAN29",-2.7771440405513
"GPD2",-2.77789506614492
"FAM104A",-2.77836184247247
"IPPK",-2.77933195555762
"CYP1A1",-2.77982596860156
"MED8",-2.78012889635642
"ARHGAP11A-DT",-2.78044548105912
"KARS1",-2.78072389280001
"ERP44",-2.78199798500543
"NME1",-2.78274790921765
"SPAG4",-2.78299093001754
"NDUFAF7",-2.78378583230613
"ENO4",-2.78396384982943
"MCU",-2.78404503237289
"LINC00641",-2.78483993300133
"IFNAR2",-2.78707794726689
"HDHD2",-2.78819224050931
"SNORA3B",-2.78825471451874
"NUP107",-2.7885246108146
"SNORA81",-2.7885257935446
"OSBP",-2.78857637879127
"PAPPA",-2.78864800630197
"CHAMP1",-2.78947854636641
"CDC14A",-2.78953963848886
"CEP120",-2.78964104182839
"IL20RB-AS1",-2.79010003635025
"ZNF548",-2.79092273730757
"NOP10",-2.79111734151627
"UBE2A",-2.79178034183898
"DEXI",-2.79308673983782
"C1orf109",-2.79493714235703
"LOC107986153",-2.79607532842909
"TSPAN12",-2.79666484785311
"ZFP28",-2.79684269503225
"ZNF699",-2.79712625757654
"GXYLT1",-2.79718272546953
"SRC",-2.79790274848793
"TNFSF12-TNFSF13",-2.79855081815158
"LOC107986246",-2.7992372660715
"LOC112267967",-2.80019621528313
"FAM114A2",-2.80057719245938
"ORC2",-2.80088256180355
"SMAGP",-2.80145157896402
"PIGG",-2.80282646698753
"MSN",-2.80493364339502
"COIL",-2.80629033976127
"GSTM4",-2.80680190169393
"MTA2",-2.80710636140544
"SLC45A1",-2.80719120705521
"ZDHHC21",-2.80770272338939
"NUP42",-2.81018738215683
"CBL",-2.81026419352601
"RNF114",-2.81298185305578
"REP15",-2.81380969935397
"RASA1",-2.81555938793345
"CAT",-2.81829924456727
"PTPN11",-2.81856924212032
"SDHAP4",-2.81876607401325
"SNRPB",-2.82067458328093
"SLC25A26",-2.82102053366549
"TPX2",-2.82143181043002
"C15orf62",-2.82146903891998
"SPIRE1",-2.82385533904609
"NEMP2",-2.82569317829598
"KCNE4",-2.825815412556
"CENPBD2P",-2.82581764828682
"CNTNAP3P2",-2.82743599394629
"GABPB1",-2.82759759732622
"LTBR",-2.82823364186584
"NOXRED1",-2.82849323557336
"ZNF473",-2.82951912126225
"TMTC4",-2.82981649172033
"MRPS16",-2.82997809322939
"SETD2",-2.83017154833581
"LOC107987250",-2.83118013866596
"HACD2",-2.83149190827456
"MIR3667HG",-2.83447822347191
"DNAJC12",-2.83741387383584
"RALA",-2.83850690705791
"PGAM5",-2.83856398230035
"CD84",-2.83930859817942
"PHKB",-2.84163077019257
"SPDYE6",-2.84175571983053
"DNAJC10",-2.84208044273589
"NOLC1",-2.84245236125851
"LOC107987043",-2.84276947143
"UTP18",-2.84300623520268
"MTHFR",-2.84354911420963
"GOLGA2P5",-2.84485019336064
"LYN",-2.84717730101589
"SLC25A18",-2.84798391889054
"SET",-2.84855497623503
"PIP4P1",-2.84933333069749
"TM4SF1",-2.84977506991545
"CELSR2",-2.84980472695819
"CPO",-2.84997768141307
"CAPRIN2",-2.85075734280888
"VHL",-2.85111573149122
"FAF2",-2.85133730327967
"SLCO2B1",-2.85156401139393
"RREB1",-2.85377824857591
"AOC2",-2.85655245006057
"MARK2",-2.85721132813654
"CFL2",-2.8573244813292
"GALNT2",-2.85735504192759
"SPRING1",-2.86026188907365
"RAD51C",-2.86107540596415
"SMC3",-2.86134054137375
"TBCE",-2.86143844859147
"ST3GAL4",-2.86174067745698
"KLHL25",-2.86203668314722
"AIMP2",-2.86225539088484
"LOC107984830",-2.86330237974255
"KDM5A",-2.86380049342184
"KCNK15",-2.86411545933072
"SPAG5",-2.86518375759512
"LOC107984210",-2.86640801474036
"MKNK1",-2.86673643988511
"HSD11B1",-2.86712622974558
"MEF2A",-2.86738046402631
"MIR1-2",-2.86754412796118
"MRTFA",-2.86785274755869
"GMCL1",-2.8678988073411
"GYG1",-2.86820988325229
"KANSL1L-AS1",-2.86862767715466
"PRDM10",-2.86941074390725
"BAG5",-2.86944703221674
"OSR2",-2.86994011175322
"LOC105371729",-2.87060168500119
"CAMK2D",-2.87165003617355
"PACRG",-2.87217569339966
"LRRC8D",-2.87243171700901
"BCAN",-2.87315375848068
"C11orf96",-2.87541047212571
"PDCD4",-2.87591572233836
"SNORD87",-2.87595740601862
"RAPGEF2",-2.87722589639532
"FRS2",-2.87777185890501
"PERM1",-2.8793121813726
"FCGR1A",-2.87951558137492
"SUSD5",-2.88036820424834
"MCOLN1",-2.88247429873467
"RCOR3",-2.88303026225984
"TLL1",-2.88403815737775
"SLC16A12-AS1",-2.88447851544192
"FLII",-2.88468759129372
"CSTA",-2.88545916788005
"TAOK1",-2.88572878008714
"OSBPL9",-2.88575044396524
"LOC107986332",-2.88682729590235
"HNRNPK",-2.88745935929609
"ZFAND6",-2.8878188121963
"THRIL",-2.88801022788602
"ATP7A",-2.88806916609803
"USP49",-2.88841295416551
"UFL1",-2.88952523601708
"UBE2F",-2.89041036431143
"EXOC1",-2.89139985393983
"KCNN2",-2.89168658552785
"SNORD73A",-2.89206384573544
"LOC107985917",-2.894056283328
"SSB",-2.89439378801434
"COX1",-2.894518647088
"LOC105379477",-2.89603648436288
"RC3H1",-2.89677551895577
"AK2",-2.89769169223101
"GPATCH8",-2.89785324384776
"ARPC2",-2.89810459979439
"SNX18",-2.89838161824327
"VWA8",-2.89839792820817
"ERI1",-2.89892216755413
"ZNF22",-2.89993390980845
"NUDT3",-2.90057203142936
"IP6K1",-2.90085043156162
"TMX2",-2.90298604565211
"SLC9A7P1",-2.9035283990976
"ARL4C",-2.90508056267612
"PGP",-2.905328642868
"MBOAT2",-2.90533229671134
"PPP3CB",-2.90548888956591
"ABL1",-2.90728660052117
"MIR6883",-2.90729298965964
"NDST2",-2.9082892773705
"KDM6A",-2.91008476662274
"SGK3",-2.91072139289022
"BSDC1",-2.91150413224464
"HNRNPUL2-BSCL2",-2.91184439157868
"SCARNA12",-2.91258876232968
"TBC1D3P1-DHX40P1",-2.91264504419489
"MID2",-2.91265524382882
"SIGLEC5",-2.91365611945602
"KDM1A",-2.91440780919726
"CCDC138",-2.91583174146067
"KBTBD13",-2.9162165568191
"COL4A2-AS2",-2.91741333964804
"NIPBL",-2.91782242001023
"PCDHB8",-2.91792643463681
"EFCAB14-AS1",-2.91881309383272
"SNX9",-2.91903026785746
"LOC105372553",-2.91945675585166
"LOC107985780",-2.91989205677702
"LAMA1",-2.92188423009245
"IDH2",-2.92235112850338
"EZH2",-2.92261253275264
"PIK3CA",-2.92405594957314
"EDDM13",-2.92425659403273
"LOC101930129",-2.92638947550712
"CHML",-2.9292674876949
"ARID4B",-2.93100039785892
"P4HA2",-2.93103184769677
"LOC105372064",-2.93158914376891
"HNRNPA1",-2.93321288254018
"CSNK1A1",-2.93361133849839
"DDX19A",-2.93429332825797
"SHC3",-2.93454409410438
"RAP1GAP",-2.93469053728999
"FAM215B",-2.93570121926524
"BCL3",-2.93759351858116
"SINHCAF",-2.93887058097503
"ATP8",-2.93932465772719
"LLPH",-2.9396988649561
"CAMTA2",-2.94070340606569
"LOC112268035",-2.94217321100402
"LINC02905",-2.94276543268912
"RBM27",-2.94369690960345
"LOC107985404",-2.94515879280309
"GLIPR1L1",-2.94747072056858
"LOC107984043",-2.94780345757259
"RRAGA",-2.95295048770432
"PKP1",-2.95368381569604
"UBE2D1",-2.95373303305446
"LOC107985946",-2.95428306515922
"PCTP",-2.95490193224243
"NR4A1",-2.95644845975519
"AGPS",-2.9576595486232
"FAM216A",-2.95837141517447
"GLRX5",-2.95848958146023
"ANKS1A",-2.95860079860717
"PWAR6",-2.95974787507813
"KLLN",-2.95993505747101
"LOC107987254",-2.9607684134824
"KDM2A",-2.96282171265006
"RGMB",-2.96310904646902
"BRPF1",-2.96391275043557
"CDK19",-2.96412687960518
"EBP",-2.96442507314564
"ZNF383",-2.96459802169325
"ZNF573",-2.96561082214349
"RAD51-AS1",-2.96796443789513
"RRP36",-2.96879449883302
"RASAL2",-2.96964773847071
"INHBB",-2.97068854691472
"PSTPIP2",-2.9712219533408
"TTC39C",-2.97190895599034
"WRN",-2.97261976265499
"G0S2",-2.97317289870748
"NRSN2",-2.97320827250285
"LOC101928847",-2.97351344559384
"LOC105374378",-2.97354550241025
"MRPS18C",-2.97464742718475
"AMFR",-2.97474206987614
"WHAMMP3",-2.97504728756087
"FAM72B",-2.97567517352947
"GUSBP17",-2.97584325004312
"ZNF568",-2.97608212776231
"KHNYN",-2.97686103825283
"OSR1",-2.97712506364668
"GPATCH2L",-2.97895998667388
"HSPA2-AS1",-2.98042180095115
"LOC107984243",-2.98117833505238
"MIR7855",-2.98168861801779
"MBLAC2",-2.98542592036982
"PEG3-AS1",-2.98658357541854
"IL18RAP",-2.98697524835961
"FNDC3B",-2.98700544208602
"LOC105375213",-2.98807157184459
"SLC30A7",-2.98811204760639
"TACR2",-2.98897965482534
"MIR4701",-2.98916473504539
"SLC35B2",-2.99123843421725
"BAZ1A-AS1",-2.99174984567833
"ROPN1B",-2.99291467212099
"EHBP1",-2.9929568160664
"PHF10",-2.9933905484966
"RBL1",-2.9945810364544
"B3GNT2",-2.99498750754733
"ATOSB",-2.99522450932997
"TRIM61",-2.99603528766475
"MIR4315-1",-2.99608297835142
"PDPR",-2.99861572958943
"LOC107986467",-2.99897140706521
"PCMTD2",-2.99924685521719
"CD99",-2.99964097922582
"GSK3A",-3.00145451597981
"MIR6513",-3.00268529286058
"IGF2BP3",-3.00369153105779
"RIOX1",-3.00426363826293
"VPS50",-3.0044949039309
"TENT4B",-3.00503903504926
"LOC102723507",-3.00543440087823
"LOC107985358",-3.00544246702176
"ZNF224",-3.00560013558801
"YTHDF2",-3.00778735189169
"DMGDH",-3.00792830165705
"LOC105369477",-3.00826700810731
"CINP",-3.00936106869699
"NBN",-3.01006571718655
"GOLGA4",-3.01013039657629
"PCDHB4",-3.01098901635968
"KRBOX5",-3.01121110942512
"GPSM1",-3.01154515296981
"PTPN3",-3.01178962891953
"ITGA7",-3.01182197502397
"TENM2-AS1",-3.01582633863642
"PRKDC",-3.01597600777493
"ZNF550",-3.01641145481564
"APBB1",-3.01760493443426
"EFCAB14",-3.01822155521141
"PHC2",-3.018927860568
"OSM",-3.01915243933106
"SNORD97",-3.01940400954652
"FUT11",-3.01953258740948
"CAAP1",-3.02101326129103
"SCPEP1",-3.02122598112415
"UBE2Q1-AS1",-3.02136381988139
"LOC101927055",-3.02146848636747
"HILPDA",-3.0218876054688
"BAZ1B",-3.02274256848894
"MPP7",-3.0229689370613
"FAM172A",-3.02310967127494
"PLEKHA8",-3.0234562948992
"RNF17",-3.02385602902637
"MRPS36",-3.02497707118216
"ETNK1",-3.02559231775625
"PDHA1",-3.02631038770823
"SNORD100",-3.02632668159707
"RAD51AP1",-3.02641021649811
"SP1",-3.0270059063704
"GOLGA8B",-3.02760358761181
"GNAI1",-3.0279409167945
"DPP9",-3.02874674599932
"MINAR1",-3.02892151342911
"RAD17",-3.03030050776883
"CHCHD3",-3.03147300551715
"CHST2",-3.03250352550052
"ABCA1",-3.0333052126235
"DHX8",-3.0341477502463
"PCDH9",-3.03441951187777
"B4GALT4-AS1",-3.03516768392326
"FBXO10",-3.03533405415054
"VDR",-3.03577582906671
"COQ10B",-3.03691021671771
"LOC105379404",-3.03777883057864
"NEDD4",-3.03805806681896
"TBC1D8",-3.03942255665461
"LOC105370910",-3.03951735463102
"LPAR6",-3.03986528857295
"SPATA6",-3.0405294064807
"RBM12B",-3.04085103885807
"PHF8",-3.04086816547509
"MMADHC-DT",-3.04192821415565
"PDE4DIP",-3.04545927801358
"NFAT5",-3.04674125019743
"HK1",-3.04683838391946
"EIF3I",-3.04689913217714
"MISFA",-3.04693578888879
"FANCI",-3.04742151799692
"LOC112267942",-3.04813269705319
"ZNF888",-3.04813914531928
"LOC100287387",-3.04861244612106
"CTIF",-3.04966746154738
"COX2",-3.04972475175795
"SSBP1",-3.04973970567534
"RFC1",-3.05063968961459
"LOC102724143",-3.05232308010588
"TRIOBP",-3.05337610626973
"TIGD3",-3.05417628920778
"CDC5L",-3.05605977006954
"LOC107984190",-3.0587243015031
"PTOV1-AS1",-3.05881663283765
"ZRANB2-AS1",-3.06124609176168
"GTF2A1",-3.06147914535913
"GPR75",-3.06164909178645
"GPD1",-3.06177360330653
"AKAP11",-3.06182369285511
"ANKRD17",-3.06184738261017
"LINC02193",-3.06362156774878
"INIP",-3.06517887843823
"VPS35",-3.06519081070985
"HOXB7",-3.06625332609818
"UBQLN1",-3.06734225465447
"IFI16",-3.06848021200283
"SREK1",-3.06934946186466
"BLOC1S6",-3.0697985103883
"PROSER2-AS1",-3.07180993932775
"SNORD18C",-3.07197666786509
"HSBP1L1",-3.07227007774098
"GPS2",-3.07246976745806
"IKZF4",-3.0728943913986
"CYP2S1",-3.07469073767778
"CD93",-3.07516088229841
"PANK3",-3.07572852469243
"MRPL22",-3.07640276364125
"LOC105378085",-3.07651834117634
"MYLK4",-3.07688605989627
"MEX3B",-3.07734082892794
"PA2G4",-3.07882826033723
"ALDH1L2",-3.07966843357029
"TPRG1-AS1",-3.08009412480274
"LOC105371481",-3.0808686973447
"CPEB2",-3.08090218294024
"PEG3",-3.08137416690818
"NOVA1",-3.0819904907463
"SBK2",-3.08241942377531
"FANCL",-3.08282611313761
"KMT2E",-3.08342034122725
"SF3B1",-3.08368521352204
"NIPSNAP2",-3.08407190733813
"ZNF8",-3.08415094949234
"ILRUN-AS1",-3.08480497725883
"TIMM23B-AGAP6",-3.08486424380626
"FGD5-AS1",-3.08659725852637
"POU2AF3",-3.08735134002927
"SLC25A33",-3.08770676681521
"CEP85",-3.08809142814906
"LOC105371870",-3.08970858062412
"DDX18",-3.09078365530295
"PABPC4-AS1",-3.0926640529759
"TMEM47",-3.09329135971173
"KIAA1958",-3.09329873299355
"RRM1",-3.09491990706647
"COA1",-3.0963314821353
"CCNE2",-3.09651764008218
"NUSAP1",-3.09666863466135
"ZMYM2",-3.09705827653515
"EIF4G2",-3.09956060331863
"PJA2",-3.10146600208
"PTPN22",-3.10212224300592
"ZNF124",-3.10376335430945
"PAX6",-3.10443962829641
"MIA2-AS1",-3.10629156361527
"ZBTB8A",-3.1091564106779
"PDIA6",-3.10956504800176
"VWF",-3.11068200031566
"TNFAIP8L2",-3.1136401294927
"THUMPD3-AS1",-3.11413923907739
"TG",-3.11684571156074
"DDOST",-3.11728639847071
"ANKRD61",-3.11805630553299
"LRG1",-3.1198333740432
"CDK16",-3.1207097130384
"EXOSC2",-3.12165042251064
"GLCE",-3.12329598020923
"SEMA3E",-3.1236795397216
"ZMYND11",-3.12547120511899
"ERLIN1",-3.12647798299755
"RIOK1",-3.1265775323543
"YAF2",-3.12738418422993
"IARS2",-3.13032448837175
"RNF5",-3.13151193710927
"NAA35",-3.1318215588179
"LYG1",-3.13226857433652
"POLK",-3.13497173527639
"FANCF",-3.1370351501807
"UBE3B",-3.1389648601923
"SERF1A",-3.14127831322604
"NDUFB6",-3.14128041462709
"MTERF4",-3.14131428005176
"BTG3",-3.1418427858584
"STAT6",-3.14265286761243
"KANSL1L",-3.14451134983587
"DNHD1",-3.14525521883489
"LRRC58-DT",-3.14661608998186
"RETREG2",-3.15209925161623
"UBE3D",-3.15243756429716
"ZNF37A",-3.15276020433779
"MMRN2",-3.15416876789286
"WDR47",-3.15499502643497
"NBAS",-3.15523190325788
"LOC101927019",-3.15556038144256
"TSPYL5",-3.15686781113788
"LOC107986211",-3.15719784756412
"MED6",-3.15824134839343
"ACTL6A",-3.15877506936781
"BAZ2A",-3.15935090863764
"BLOC1S5-TXNDC5",-3.16000856155932
"ARL6IP6",-3.16005965360415
"TMEM183BP",-3.16068851817228
"TRAPPC11",-3.16305723942981
"C12orf29",-3.16373962841578
"KIF24",-3.16743661387154
"ARHGAP44",-3.16744430812175
"ENOX2",-3.1689356693985
"SNAPC1",-3.17036004410041
"RPP38",-3.17095430681281
"MAPKBP1",-3.17250635039911
"TLNRD1",-3.17346963747298
"STARD4",-3.17474985915744
"RALGAPA1",-3.17602007318677
"DHRS7",-3.17968382811997
"CABLES2",-3.18100235165692
"LOC101928331",-3.1824120802194
"POMP",-3.18356868316361
"FAM72D",-3.1838977645399
"DHX37",-3.18404192024388
"LINC00891",-3.18482688711642
"MIR12127",-3.18535393544361
"LINC01505",-3.18552987190744
"CHMP3-AS1",-3.18667234817915
"RPLP0",-3.18673369786044
"MIR632",-3.18719793816403
"PIK3C3",-3.18808663600874
"GPAT2",-3.18954801440269
"IRF5",-3.18996217205369
"SYNPO2",-3.19050388079961
"MPZL1",-3.19096756460613
"GRK5",-3.19114453769683
"DONSON",-3.19263958929089
"LOC101927935",-3.19358339655122
"RAB22A",-3.194165036508
"WDR37",-3.19470505618948
"METTL4",-3.19511790432698
"BTBD7",-3.19556227200381
"CROT",-3.19632741700521
"DNAJC1",-3.19990389651994
"DNAJC24",-3.20056886804785
"ZNF221",-3.2008939882491
"CCDC144BP",-3.2026764929018
"RBM28",-3.20345414641851
"LOC107985989",-3.20354875425094
"FABP6",-3.20405522938767
"PRC1-AS1",-3.20546432991587
"ADAMTSL4",-3.2055458801201
"SNORA18",-3.20721214029718
"TMEM33",-3.21070041929345
"EIF2B5",-3.21439003743384
"SPRED3",-3.21444271035694
"IBTK",-3.21473568942784
"TAF3",-3.21505565756701
"LRCH3",-3.21573576607361
"PLEKHM1P1",-3.21578359167515
"ZNF45",-3.21712086712317
"HMGN4",-3.21773572289369
"GCC2",-3.21835470079865
"MAP9",-3.21975201889025
"MDC1",-3.22038779996163
"MACROD2",-3.22042636379215
"BCL2L2",-3.22102198342336
"RBBP5",-3.22143454175759
"ZMYM6",-3.22185070999795
"SMNDC1",-3.2230935585339
"EPB41L5",-3.22364528096281
"ATOSA",-3.22378050808084
"NFATC3",-3.2246210511042
"SIRT1",-3.22487601492217
"ALS2",-3.22519128690427
"TM9SF1",-3.22605144289514
"KDM3A",-3.22612277598217
"KLHL7",-3.22637498830987
"RLIM",-3.22789778248305
"PXMP2",-3.22793937889522
"PLEKHO2",-3.22872517877377
"PRPF39",-3.23046269677346
"DDX1",-3.23049726088599
"LOC112268437",-3.23100172144807
"LOC105374618",-3.23113377290878
"STK39",-3.23265008349342
"GSDMA",-3.23458999992569
"TOR1AIP2",-3.23626814604448
"CCP110",-3.23797670980714
"ZBTB5",-3.2392998266605
"LOC101927602",-3.24060928681651
"BIRC5",-3.24203421968119
"SGCD",-3.24291336061479
"ZNF431",-3.2440210123337
"TOR1A",-3.24494981491371
"ZNF669",-3.24508067259266
"SNORA86",-3.24536488235964
"RNF8",-3.24631435720279
"PEX5L",-3.24764167910888
"NAPG",-3.24767814103106
"PPP2R3C",-3.24797726020577
"LOC105374152",-3.24883535208511
"PNRC1",-3.24960409241862
"DSG1",-3.2507219002174
"ZFPM2",-3.25089375468403
"ANKIB1",-3.25090465188543
"DNAJB12",-3.25147018348054
"RIMKLA",-3.2521394579773
"TJP2",-3.25318139547733
"FLCN",-3.25423595790228
"TEP1",-3.25455300542055
"FAM98A",-3.25486485692068
"CNOT6L",-3.25629612822543
"PAX8-AS1",-3.25631797916008
"LOC107984931",-3.25679867186826
"WWP1-AS1",-3.25724476509077
"GTF2A1L",-3.25879058682251
"LOC112268258",-3.25980327696581
"CTNNBL1",-3.25988906294573
"PTTG1",-3.25997339987208
"FPR3",-3.26006980455373
"POLR3D",-3.26073442381369
"LTB4R2",-3.26266686459555
"L2HGDH",-3.26456450789801
"EPHB4",-3.26705970542616
"SCAMP1",-3.26714027308056
"WDFY1",-3.2675843144341
"USP15",-3.26801764550306
"LOC100131626",-3.26836351637637
"GABARAPL1",-3.27005423210747
"LPP",-3.27088245721252
"LOC105376864",-3.27106476425204
"CAPZB",-3.27149864388986
"ZNF570",-3.27204869858261
"NANS",-3.27309129443523
"EHMT1",-3.27337874144008
"CHRDL2",-3.27400266250183
"LMO1",-3.27434171768927
"SLC44A3-AS1",-3.2747101562728
"HCK",-3.27534533359479
"MMP19",-3.27547538519634
"RSBN1",-3.27555020936162
"PP2D1",-3.27670504091227
"SMIM15",-3.27958419630534
"USF3",-3.28075247239743
"CFAP126",-3.2813495590076
"POC1B-AS1",-3.28204341956958
"MRPS31",-3.28204745365295
"FSTL1",-3.28337038331575
"MIR6757",-3.2835290085794
"ETFA",-3.28590661350796
"ARPC3",-3.28606575027743
"HIP1",-3.28680602398007
"CCN5",-3.28695794531306
"DISC2",-3.28777965656778
"NUP54",-3.28796032958024
"PAIP2B",-3.28867543727446
"ZNF22-AS1",-3.28901218273601
"FKBP3",-3.28922266760058
"RBM12B-AS1",-3.28941448764881
"LOC105378029",-3.28981498667021
"C14orf178",-3.28995268569597
"FAM53B-AS1",-3.29368042710109
"AUNIP",-3.29378382122941
"SNHG5",-3.2952456546012
"HNRNPH1",-3.29677913515342
"PGRMC2",-3.29712618599519
"TBX20",-3.29738002458687
"DAZAP1",-3.29847678112354
"LOC105371480",-3.29859503874963
"MARCHF6-DT",-3.29906387889391
"LOC107986673",-3.29964828643545
"HJURP",-3.29996009099589
"OXCT2",-3.30093130822781
"FDPS",-3.30122967892007
"CDC42BPA",-3.30290329550159
"DEPDC5",-3.30360516922768
"SLAIN2",-3.30381739179528
"ZBED6",-3.30393048227108
"GLUD1",-3.30459855065829
"LRPPRC",-3.30467600726053
"MCRS1",-3.30590097696951
"MAP4K3",-3.30670423352928
"DBR1",-3.30689193154808
"NNMT",-3.307353913294
"IFT74",-3.31024076177133
"ADAT2",-3.31045095254767
"ZNF28",-3.31102257360344
"ADGRF2",-3.31106989569459
"LPCAT2",-3.31164046303679
"ERCC8",-3.31337925506582
"ZNF100",-3.3135943447212
"SERP1",-3.31423644326478
"SETD9",-3.31472531294858
"MAPK1IP1L",-3.31564327711181
"ANKRD36BP1",-3.3167626749951
"ADAM32",-3.31756499533958
"TMEM225B",-3.31758405260068
"TGS1",-3.31793882710176
"TRNI",-3.31836071101772
"FAM95C",-3.31946743507772
"GPR20",-3.32001316056082
"MIR3605",-3.32141986255884
"ZNF611",-3.32322448621462
"C17orf80",-3.32366116350251
"SREK1IP1",-3.32714947234406
"LOC102724530",-3.32828517550447
"SP4",-3.32873980781311
"CDCA5",-3.32876197095245
"MEF2D",-3.32910001841818
"LOC107986079",-3.33028576142532
"LOC105371531",-3.3307101022801
"ACAT2",-3.33238728731899
"IGHV3-74",-3.33254699083502
"BTK",-3.33265155833562
"BTBD9",-3.33276495498679
"TXNDC5",-3.33364891022704
"CHURC1-FNTB",-3.33509449403513
"SNHG21",-3.33540736030036
"THUMPD2",-3.33554606687235
"ARMCX5",-3.33603935317975
"IMPDH1",-3.33735753673162
"CLCF1",-3.33797180182732
"GAU1",-3.33834247748709
"NCAM2",-3.33866144371462
"MPEG1",-3.33889334173877
"ATF7",-3.33951258371776
"HELLS",-3.33982442552104
"SSU72",-3.34217460069366
"ZNF664-RFLNA",-3.3430245090486
"LOC107986463",-3.3434822614127
"USP24",-3.34350492358712
"ATOH8",-3.34358519670903
"ASB1",-3.34479241638756
"DCUN1D4",-3.34480699570936
"MAPRE1",-3.34491412132637
"MED4",-3.34638103150335
"LOC107984877",-3.34647207028842
"PRSS36",-3.34772343382423
"EMC1",-3.34981152187719
"COMMD10",-3.35013048695106
"LOC112268259",-3.35052655054229
"FOXO3B",-3.35056760888893
"SLC20A2",-3.35073651311182
"LIPG",-3.35096982601456
"ZNF891",-3.35178904130228
"KLF4",-3.35278221289705
"SLC7A5",-3.35357135100178
"TIMM23",-3.35411850902307
"ZNF12",-3.35432961833524
"C2orf49",-3.3566472905542
"UBE2C",-3.35819597147192
"DPY19L4",-3.35830708171751
"TENM2",-3.35961728737554
"BBS9",-3.36063578713615
"SLC25A43",-3.36126939616181
"H2BC5",-3.36187530186559
"UGDH",-3.36197289549892
"ATF2",-3.36328403828448
"NUP98",-3.36373730701443
"PRRC2C",-3.3638827474055
"MRPL19",-3.36461309825409
"LVRN",-3.36503679884956
"JPT2",-3.36668768015308
"GRIK1",-3.36770335663089
"TRMT1L",-3.36792034162441
"STARD8",-3.36800980643231
"AGK",-3.36825189198327
"LINC01798",-3.36874974269053
"RRM2",-3.36879908203351
"SPART",-3.3710142067401
"LOC112268022",-3.37307883758447
"HIF1A-AS1",-3.37369392599592
"SPATA24",-3.37451802000973
"C18orf21",-3.37481755566996
"SMC5",-3.37603393152525
"PPP2R2A",-3.37661413485775
"ZIM2",-3.37735681600418
"ZNF449",-3.37796653022207
"TAMALIN-AS1",-3.37947283643472
"NACC1",-3.37953442345377
"ACVR2B-AS1",-3.38063386586268
"PRPF38B",-3.38104769620045
"SLC26A5",-3.38305328270933
"LOC107984344",-3.3831666552351
"VASH2",-3.3836180871916
"AP3S1",-3.3837693862203
"PKD2L2",-3.3843784631266
"CREBZF",-3.38484571868997
"TTC38",-3.38492576122825
"GTF3C4",-3.38509430616348
"LOC101929506",-3.38582022130915
"PSORS1C3",-3.38599683895815
"RNF175",-3.38822376121195
"NR2C1",-3.38902328325681
"LAMC1",-3.39035182484678
"ITGB3",-3.39066970671884
"DIPK1A",-3.39086451627254
"SNX24",-3.39110760235362
"EMC4",-3.39172853532538
"PCP4L1",-3.3929013552929
"NR4A3",-3.39356170662839
"NODAL",-3.39378690669071
"LOC107984131",-3.39398586339694
"SLC2A3",-3.39450964883877
"LUZP6",-3.39515824855244
"MTPN",-3.39515824855244
"ZNF675",-3.39599683433805
"CEP152",-3.3983825322803
"MOSPD2",-3.39930588904256
"TPP2",-3.40104202280097
"SUV39H1",-3.40105271788837
"PRR15-DT",-3.40235823447296
"ZKSCAN8",-3.40296091938898
"TMEM9B",-3.40542937950482
"ASPG",-3.40548936091596
"LOC107986182",-3.40590164988662
"TFG",-3.40756609732555
"ZNF75D",-3.40926669768407
"GNG10",-3.40930534862023
"COL4A4",-3.4099107652197
"NUTM2G",-3.41124063656434
"ITGB2",-3.41239026632887
"DENND4B",-3.41469322866017
"OGFOD1",-3.41479855796857
"TAF4",-3.41482191372378
"KCTD1",-3.41775136711321
"RMND1",-3.41882756537741
"WBP11",-3.4191946831823
"NFYC-AS1",-3.42074691363574
"KLHL28",-3.42210395773874
"CCZ1",-3.42271228463013
"PMM2",-3.42292296703864
"SNORA63B",-3.42391763022139
"NCK2",-3.42497269276264
"LACTB2-AS1",-3.42619405566469
"PAXBP1",-3.42636767766566
"SH3KBP1",-3.42821544123151
"RARS1",-3.42877950369666
"MRPL45P2",-3.42908324544
"UBE2Q2P2",-3.4303354922902
"SUSD1",-3.43148484554489
"NETO2",-3.43269609628936
"C19orf33",-3.43314390466261
"BAK1",-3.4338129934988
"DNAJC2",-3.43460370911553
"SYT7",-3.43461336177553
"RAD18",-3.43602187837584
"TUB",-3.43659606699549
"LOC107986249",-3.4367165937291
"CDKN2D",-3.43673428318111
"SPEN",-3.43687967151993
"SPTB",-3.43820233492717
"LOC105369689",-3.44167296394106
"CD86",-3.4429405419739
"PRIM2",-3.44308335299524
"FAM72C",-3.44365088267158
"USP3",-3.443764012598
"CDK13",-3.4452963036633
"RAN",-3.44661443356168
"STMP1",-3.44674298995513
"CCT7",-3.4468862879479
"PCK1",-3.44814035437659
"SNORA3A",-3.44959098688035
"BTD",-3.44982903794018
"USP37",-3.45062166601144
"RINL",-3.45119561282106
"NEURL2",-3.45146817287553
"URB1",-3.4516590847564
"FAR1",-3.45169580336658
"CHORDC1",-3.45195319207886
"NPY6R",-3.45252473908803
"PPP1R2",-3.45266590573019
"MYO1B",-3.45334123764537
"DNAJC25-GNG10",-3.45601561869593
"LIN7C",-3.45628505382714
"SATL1",-3.45629255614152
"RFWD3",-3.4579602925857
"LOC101927556",-3.45835168048515
"ALG8",-3.46027640243441
"SRPRA",-3.46236020262742
"MIB1",-3.46379130882827
"ATIC",-3.46420025177759
"EZR-AS1",-3.46523682916621
"TRAPPC2B",-3.46605617594959
"LOC107985236",-3.46673380079157
"CSNK1G3",-3.46820971488441
"ST14",-3.46961133325361
"BBX",-3.47151957440754
"GAS2L1",-3.47266837847654
"ZNF615",-3.47357707550872
"CHD7",-3.47362827047147
"ABL2",-3.47480972488658
"VAV3",-3.47514748641309
"CDK12",-3.47532528223324
"PRX",-3.47629614686564
"CCDC43",-3.47640312494206
"KLF7",-3.4774871809593
"RABEP1",-3.47895209980262
"HEY2-AS1",-3.48003861119804
"XPO5",-3.48013837023637
"HMGCS1",-3.48015526078594
"SLC12A2",-3.48076143018011
"SLC30A9",-3.48099643564686
"DUSP22",-3.48233108257585
"KCNJ12",-3.48369624170865
"TRIM63",-3.48445594214787
"ZFAT",-3.48474479877917
"AFF4",-3.4859787712362
"SERF1B",-3.48646227102676
"AP3B2",-3.48727789324257
"SNORD2",-3.48830005544738
"MIS12",-3.48842855620297
"SORT1",-3.48901847483515
"OSBPL3",-3.48951118118053
"CEP192",-3.49116186422027
"SEMA3C",-3.49246751685891
"ANAPC5",-3.4929743098051
"USP48",-3.4941991781659
"DCLRE1C",-3.49447002065369
"LOC105371414",-3.49584940656073
"LOC107985767",-3.49585778581339
"DENND6A",-3.49695488561582
"MIR6748",-3.49729489610966
"ARF6",-3.49840511202953
"EXTL2",-3.49846282789896
"NOL8",-3.49864427943728
"SLC4A5",-3.50131492898188
"PLB1",-3.50240780747707
"FZD3",-3.50253413207449
"IRF2",-3.50272629507034
"CSDE1",-3.50308809891982
"LOC105371730",-3.50514065315664
"AHR",-3.50526133066323
"SCAP",-3.50572147171478
"LRRC57",-3.50638347591049
"DCAF7",-3.50673512123378
"CCN4",-3.50701341271211
"SIGMAR1",-3.5072859130629
"LOC107986556",-3.50978314151456
"POM121L1P",-3.5112054203251
"LOC107984263",-3.5116404085318
"EIF5A2",-3.51179626637459
"SLC35B1",-3.51205340066294
"CDH22",-3.51251661103077
"TUBGCP5",-3.51592586620077
"MECP2",-3.51661529742602
"LOC107984244",-3.51750380770588
"PRKG1",-3.51761594614852
"SKIC3",-3.51768722629143
"LOC107986656",-3.5178970804675
"ADM-DT",-3.5179455443984
"EIF5A",-3.51816727324024
"ZNF229",-3.51860985249116
"DUSP1",-3.51925026952078
"GK",-3.51982360171851
"XRCC5",-3.51982793713338
"TICAM2",-3.52093164030845
"MIR3916",-3.52110160539546
"ZFAND4",-3.52117710270525
"KIAA1522",-3.52256513683927
"SLBP",-3.52349492679171
"UBR4",-3.52397760516475
"ZNF510",-3.52515184334483
"RCAN3",-3.52539635708407
"NKAPL",-3.527572278432
"GALK1",-3.52915975956308
"ART4",-3.52996717083863
"ARHGEF7",-3.53131196505945
"ROCK2",-3.5317090529892
"KDM5C",-3.53285020626644
"MMACHC",-3.53321802588938
"CEP97",-3.53357492011867
"ZDHHC2",-3.53629439871304
"RGMA",-3.53655450440084
"C15orf40",-3.53692530104631
"LOC105369228",-3.53710562117375
"SNORA48",-3.53844927900027
"CCNB1IP1",-3.54041538107606
"NOA1",-3.54310591406277
"MTHFD1",-3.54350424818033
"MAN2A1",-3.54644620155404
"CASP8AP2",-3.54656568340893
"RAB14",-3.54662296070495
"MED28",-3.54704174737495
"CCDC186",-3.54715347835066
"BLZF1",-3.54777555893673
"UGCG",-3.54786799903832
"SAV1",-3.54810056600333
"SHC1",-3.54865918048889
"SLC35A3",-3.54986099381803
"ZNF217",-3.55016333010645
"ZNF485",-3.55066012887682
"IFT122",-3.55090674150342
"DIP2C",-3.55094469218727
"ZNF558",-3.55103270797182
"FKBP14",-3.55223041729549
"PRPSAP1",-3.55254932135477
"PDIK1L",-3.55281282820496
"LRRC69",-3.55301880577674
"SMC6",-3.5539971330287
"ZNF253",-3.55423426120269
"FASN",-3.55484843512378
"NCBP2",-3.55578838597015
"WDR11",-3.55681846635253
"USP2-AS1",-3.55683405068307
"CITED2",-3.55839514829839
"UBXN8",-3.55896690133049
"CSPG4",-3.5591260901673
"EAF1",-3.55965319697276
"KMT2C",-3.55974671784012
"RBM7",-3.55978366711144
"PATL1",-3.56017666402822
"LOC105369568",-3.56124085965792
"PSMB5",-3.56403649010162
"STEAP3-AS1",-3.56432338526747
"TCERG1",-3.56527177147999
"HDLBP-AS1",-3.56707571214072
"SBF2",-3.56839504279272
"NEXN-AS1",-3.56840682088525
"GCSH",-3.56863468883846
"SNHG1",-3.57345158498834
"PSPC1",-3.57459777044325
"TBC1D20",-3.57544350064811
"LOC105373456",-3.5767054886834
"SGO2",-3.57800758664564
"LOC107985354",-3.57802526993572
"SHISA6",-3.57892994811718
"SPG21",-3.57926570803204
"LOC107985567",-3.57978747982676
"PCCA",-3.57979320976148
"ASAH2",-3.5799517330513
"IRF8",-3.58014337433265
"LOC100129316",-3.58033133852608
"COPB1",-3.58143624977458
"ZC3H12A",-3.58379370940994
"GALC",-3.58414624754601
"CHST7",-3.58459668356924
"DNMBP-AS1",-3.58485158012364
"LOC105377743",-3.58545028759211
"MCTP2",-3.58866512794849
"IKZF5",-3.58885828752541
"GULP1",-3.5895604151463
"PLEKHM3",-3.59053679156762
"LOC105373880",-3.59068270563679
"CCDC144A",-3.59089460996266
"SELENOF",-3.59105404775783
"METTL9",-3.59274087196682
"HDLBP",-3.59350172197947
"IPO8",-3.5937925080078
"CCNJ",-3.59406480084611
"ATG2B",-3.5941181232604
"MBTPS1",-3.59526434386846
"PPP1R3F",-3.59549116330632
"ERAP1",-3.6000843768751
"RSF1",-3.60040794326383
"ZDHHC4",-3.60097430038265
"SPAST",-3.60120374925719
"LOC112267866",-3.60350517546972
"GUSBP14",-3.60400570416337
"BRINP2",-3.60403774575926
"IFT81",-3.60423464091143
"TNFRSF19",-3.60509279972402
"ILF3",-3.60518063074065
"SCHIP1",-3.60771499437448
"CYTB",-3.60972147078083
"MIR30C2",-3.61078603812902
"SETD6",-3.6135061680038
"CEBPB",-3.61481903862536
"ZNF614",-3.6149360556745
"TNFRSF10A",-3.61687752431858
"IQCJ-SCHIP1",-3.61880191222639
"ANO6",-3.61974902897152
"ZNF532",-3.6200048751832
"NSUN3",-3.62085971091829
"CCNT2",-3.62167057396909
"TMEM106B",-3.62188656915427
"RAB30-DT",-3.62196824770125
"CHD4",-3.62253058105017
"POLM",-3.62558283143136
"NUDCD3",-3.62605305777504
"NFIC",-3.62628078325652
"SETD5",-3.62701125326144
"LOC112268254",-3.62749141104081
"BMP2K",-3.62828639870732
"SERBP1",-3.62848592721969
"PRC1",-3.62935175414684
"ARHGAP27P1-BPTFP1-KPNA2P3",-3.63025058059147
"MTX3",-3.6303785316653
"ICE2",-3.63125699757104
"PSMD1",-3.63134087065444
"SNX1",-3.63202663002029
"AKAP10",-3.6321146503684
"CCDC39",-3.63368083996976
"CLIC2",-3.63755970191746
"NQO2",-3.63838047085031
"MYOZ2",-3.63876273861977
"LOC100507346",-3.63901750050923
"TRNT1",-3.64073706751443
"CHRNA7",-3.64147156854404
"RNF138",-3.64239304189902
"SLC27A4",-3.64252213241983
"POLB",-3.64395724543725
"VPS4B",-3.64479652066488
"KIAA1586",-3.64528788235212
"LOC105378281",-3.64562903514517
"PBX1",-3.64567668423548
"TBC1D16",-3.64653992882624
"NEFH",-3.64657731461226
"ESD",-3.64825348905121
"ANGPTL1",-3.6484061121003
"BMS1P2",-3.64972564853736
"FADD",-3.6498461513336
"SLC24A4",-3.64989240768635
"LOC107984459",-3.651553907505
"RRAGC",-3.65278824772605
"CEP128",-3.6530898930287
"PPP1R8",-3.6532812624616
"ZFP30",-3.65450304489483
"SNORD45B",-3.65546898001936
"TRDMT1",-3.65670772877119
"CA8",-3.65791002924222
"SMG1P3",-3.65829955059809
"STARD7-AS1",-3.65879539090258
"SDHC",-3.65892316907018
"OSGIN1",-3.66056478516642
"SRD5A3",-3.6617111129959
"LOC101927088",-3.66261014913332
"LOC105369874",-3.6635852363616
"LOC101929004",-3.66506161970476
"TNFRSF10D",-3.66610818971305
"RAD50",-3.6668802526296
"AKR1C2",-3.66806329020454
"LOC105371630",-3.66900902961573
"ANKFY1",-3.66936707989117
"LOC105371224",-3.66960251879771
"TXLNG",-3.67070349564112
"CCDC117",-3.67317340596841
"SNORA6",-3.67374812616489
"CLCN4",-3.67385847032697
"STARD3NL",-3.6741801996158
"RPAP3-DT",-3.6749069091353
"LOC107984850",-3.67527624599238
"INO80",-3.6755824179549
"MZF1-AS1",-3.67709926811232
"ILF2",-3.67760737772939
"PIGN",-3.67888564093225
"LINC02035",-3.68020399627911
"PRKD3",-3.6807292615811
"SP6",-3.68114225978173
"SNORD59B",-3.68189013912616
"NUDCD2",-3.68196291785499
"C1orf226",-3.68204846519456
"FAM217B",-3.68363199197273
"BATF",-3.68423400490072
"LRRC7",-3.68545176537951
"LOC105369147",-3.68685704422226
"DCAF6",-3.68771535187755
"CALML4",-3.6881996245769
"SNX10",-3.68857751690283
"MIR1182",-3.68918739579991
"MED1",-3.68930012431704
"TSEN15",-3.69082971938831
"ECHDC1",-3.69131701024088
"HCFC2",-3.69144842803375
"GRAMD1C",-3.69180082518536
"TBC1D15",-3.69236099235965
"NSMF",-3.69388716763694
"KRT18",-3.69475989166491
"HYCC1",-3.69603965844778
"SRGAP2B",-3.69847558721528
"SPRY3",-3.69864401487103
"MAT2B",-3.70005232228501
"GLMN",-3.70023464445521
"PCBP3",-3.70055010047218
"KRIT1",-3.70061593403083
"PAX8",-3.70134116642016
"AASDHPPT",-3.70166586279761
"FBXL17",-3.70258307164512
"CDC20",-3.70361793919665
"SMG1P1",-3.70598885811188
"NDUFAF2",-3.70631768480958
"LOC107987280",-3.7081692014501
"RBM8A",-3.70857024099371
"FICD",-3.70871405266577
"STARD10",-3.71022179768498
"KCNJ14",-3.71108036749586
"NIPSNAP3A",-3.71141201234101
"PDXDC2P-NPIPB14P",-3.71250995004212
"PLPBP",-3.71357153587124
"ZIK1",-3.7137469223816
"COPB2",-3.71613771057807
"PLN",-3.71660356743677
"VASP",-3.71683415448737
"ACBD5",-3.71980386023277
"USP54",-3.7206202417738
"LINC02977",-3.72116211133646
"REL",-3.72133743441167
"MMGT1",-3.7216847072671
"BCAR3",-3.72189613179056
"HSFX4",-3.7222826933722
"PPP1CB",-3.72710078694602
"AARS1",-3.72717970708783
"MIR324",-3.7281458753887
"PDZK1P1",-3.7281660596706
"KITLG",-3.72832481872185
"TROAP",-3.72885785216942
"MIF4GD-DT",-3.72891296805893
"ITGB3BP",-3.72891325437735
"ZNF227",-3.73048298462505
"IFITM2",-3.73053002515183
"SFT2D2",-3.73236406481222
"FAM76B",-3.73293919772289
"TBC1D8B",-3.73564080979343
"DHX9",-3.73593666574329
"SLC39A7",-3.73686150661826
"SH3RF1",-3.73837597255237
"EMSY",-3.73914516261446
"IDH2-DT",-3.73937421935948
"SNORD45A",-3.74078472161262
"LOC100507002",-3.74178423667317
"TAF13",-3.74260164042906
"TSPAN2",-3.74465439020644
"UBE2E4P",-3.74496163861714
"TPM4",-3.74516291655704
"TAF1B",-3.74620252736815
"FILIP1",-3.74671822376787
"REST",-3.7468087942325
"DHFR",-3.74779721970911
"CUL5",-3.74799679531734
"CHIC1",-3.74804433388179
"SAMD4A-AS1",-3.74936806155511
"GINM1",-3.75340305429045
"SLAMF1",-3.75488989759765
"PLEKHG1",-3.75791875818314
"HNRNPLL",-3.75822265517564
"AIMP1",-3.7585561660451
"GCLC",-3.75899739472095
"UCP3",-3.76097866605042
"SRPK2",-3.76132793707465
"RNF19A",-3.76194648248776
"GANAB",-3.76310232083053
"GNA15",-3.76534764888527
"LRP1-AS",-3.7653982396808
"SASS6",-3.76680382820181
"BZW1-AS1",-3.76858894700837
"FZD6",-3.76998131160172
"FAM13B",-3.77061116919899
"SCML2",-3.77078839850655
"FOXN2",-3.77308746740596
"SNX27",-3.77484061736397
"POLR1D",-3.77567046346454
"STRIP2",-3.77719444052164
"RRP1B",-3.77741052298351
"MTHFD2L",-3.77928966746071
"CTDSPL2",-3.77958049933322
"TNKS2",-3.77967217041676
"LOC107984006",-3.77985818688163
"SLC25A4",-3.78030330121194
"TMX3",-3.78046373013421
"STIL",-3.78046389500105
"DCTN4",-3.78149083546595
"TRIM23",-3.78230324084197
"NDUFAF5",-3.78244687857677
"METTL22",-3.78267623861947
"KY",-3.78274115809706
"MKNK2",-3.78579592890248
"SNRPG",-3.78751466575293
"MIR3614",-3.78776036884381
"SRSF10",-3.7884981541266
"MAST4",-3.78872961442633
"HOOK3",-3.78900127013588
"SMARCAD1",-3.78934252714526
"PTPRK-AS1",-3.79122533133829
"LOC107987107",-3.79188820285197
"APPBP2",-3.79276519278078
"PCF11",-3.7928580048787
"ROCK1",-3.79327025871287
"LRRC4",-3.79327557027841
"LINC00537",-3.79533913846804
"ZMYM5",-3.796094409454
"TBC1D5",-3.79811348174436
"DLC1",-3.79820783309222
"DYNLT3",-3.79890036550217
"FAM13B-AS1",-3.79927064846004
"MCM3AP-AS1",-3.79933519940915
"HTD2",-3.80083026453366
"PELATON",-3.80167178526163
"LOC105372989",-3.80181361373159
"ATXN7L3B",-3.80188610732999
"POC1A",-3.80432343122071
"NKTR",-3.80452268548397
"DMRTA1",-3.80815759709688
"FAN1",-3.80858980884563
"DENND5B",-3.80940540539474
"LOC107984741",-3.8094407505014
"OXCT2P1",-3.8104758829793
"ARID2",-3.81134426965848
"STAB1",-3.8130510000291
"CEACAM4",-3.81316448653254
"LOC105374465",-3.81394988590947
"RSRC2",-3.81431510860024
"MORC3",-3.81645783163946
"ADRA2B",-3.81681576388438
"C4B",-3.81828041873381
"C12orf60",-3.81830405427972
"EMC8",-3.8193953110455
"SLC25A20",-3.81990345116912
"NAA16",-3.82183386626407
"ESYT2",-3.82207365116658
"NECAP1",-3.82300355298268
"ABRA",-3.8243885785539
"TMEM87B",-3.82490091515377
"ANKRD12",-3.8272156054
"TAOK3",-3.82847253756118
"GNAT2",-3.8285218000593
"PDE6C",-3.82897759874613
"IRS1",-3.83003316231058
"MAP3K1",-3.83040368355667
"APBB1IP",-3.83167798964988
"CPSF3",-3.83233833260314
"ZNF791",-3.83613884255941
"LOC105376486",-3.83635288831025
"WDR44",-3.83742506916936
"DSG2-AS1",-3.83973077775902
"FBXO11",-3.84120591433026
"TAX1BP1",-3.84174527967492
"CASTOR3P",-3.84184950315752
"SLA2",-3.84452006145608
"PDE1B",-3.84467552512314
"CADM3-AS1",-3.84514210147723
"LOC101928368",-3.84559506976329
"SBNO1",-3.84654972797565
"LOC102724723",-3.84725496149907
"APPL2",-3.84769344328137
"ADRA1B",-3.84964788500755
"PRDM4-AS1",-3.84988308636603
"CELF1",-3.85427195078132
"PTPRN2-AS1",-3.85438528648699
"PEBP4",-3.85441473028362
"RBM33",-3.85492664171727
"RAB3D",-3.85541176041196
"SEC62",-3.85556847316612
"MGAT2",-3.85622312399222
"MPHOSPH6",-3.85636571942518
"DYNC2I1",-3.85672243608299
"LPAR1",-3.85734785092868
"ING3",-3.85768742883086
"LINC00400",-3.85845518224332
"ETS1",-3.85875306387385
"PBRM1",-3.86070812693421
"NPAS4",-3.86086809634636
"KIF2A",-3.86224866219208
"GUSBP16",-3.86233916281829
"TAF1D",-3.86442366423817
"TPD52",-3.86480333674726
"NAA25",-3.86512866151658
"RPL22L1",-3.86569375442979
"LINC01151",-3.86614161699258
"LOC107985302",-3.86699313143983
"ADAMTSL4-AS2",-3.86763357778041
"RHOBTB3",-3.86827415162412
"PHKA2-AS1",-3.87035541672981
"ACADVL",-3.87074675236647
"FNIP2",-3.87233137561568
"IPMK",-3.87351933361822
"EPM2A",-3.87704710204433
"NXT2",-3.87842501724998
"PRPS1",-3.8790711354502
"ARG1",-3.8797246340767
"CANX",-3.8807330248761
"ZNF702P",-3.88075022952907
"ZNF708",-3.88213136210964
"PAG1",-3.88474854170207
"MAP3K15",-3.88534009901575
"SLC35E4",-3.88600298705042
"RANBP9",-3.88661197524977
"HHEX",-3.88663017209232
"FAM210B",-3.88761771278759
"YAE1",-3.88793506315214
"CHAF1B",-3.88843365559073
"KIN",-3.88850611519458
"ITPR3",-3.88857905953671
"N4BP2",-3.88889261165192
"PDP1",-3.88961990411098
"ELF1",-3.89127192348002
"NAGA",-3.89133835469406
"DYNC1I2",-3.89293625448873
"MED21",-3.89335874167415
"ADPGK",-3.8940294652737
"MTERF1",-3.89404859720683
"RPL23AP7",-3.89424644120447
"RHOD",-3.89528748486533
"LRRC66",-3.89591676675769
"MAP7D2",-3.8969040303255
"MIRLET7D",-3.8973220412474
"TGOLN2",-3.89836057145428
"MAP3K2",-3.89845296988175
"DOCK3",-3.90088657022492
"LOC100129931",-3.90215151791728
"CCND3",-3.90233425810026
"WASF2",-3.90256592975189
"EIF2B2",-3.90421956963587
"NEK4",-3.90771949045952
"ESAM-AS1",-3.90815276603826
"RASSF3",-3.9090469967533
"CADM4",-3.91016944964626
"SGCB",-3.91048772180681
"PPP3CB-AS1",-3.91086858966376
"RCBTB1",-3.9119035769555
"SFMBT2",-3.91195187853687
"SRPRB",-3.91311492938924
"MESD",-3.91360002734012
"BTBD1",-3.915725501324
"TIPARP",-3.91584016103648
"LINC02608",-3.91599864742545
"ZP1",-3.91804444968397
"PAIP1",-3.91882876903716
"AGAP1",-3.91967275697388
"GLUD2",-3.92008863087613
"ACSL3",-3.9205661114627
"UFD1-AS1",-3.92122378093672
"LOC105374162",-3.92135394550914
"TP53I11",-3.92151164085287
"LDAH",-3.92206848326166
"COMMD2",-3.92239148680944
"TNIP2",-3.92284893653147
"TRIP13",-3.92287817748876
"NRBP1",-3.92295681816738
"LOC102723716",-3.92448361468126
"CALCOCO1",-3.92584523790599
"ORMDL1",-3.92861496526217
"GTF3C3",-3.93074703663403
"KCNK13",-3.93118547239418
"MRPL39",-3.93268010038306
"KICS2",-3.9351071870062
"INSIG2",-3.93534816671677
"ZNF420",-3.93640777308829
"LRSAM1",-3.93751691162853
"LOC105372098",-3.9378766500141
"UBA3",-3.93845789390017
"MEX3C",-3.93948994558526
"ZNF792",-3.94002533875155
"FAM219B",-3.94020024605796
"USP2",-3.94078352335967
"SRGAP2",-3.94157846546735
"RBM12",-3.94224816756649
"TLK1",-3.94238655474999
"ACAP2",-3.94435133522816
"FLAD1",-3.94467766528958
"LDLRAD3",-3.94471719781749
"TUBB4B",-3.94500581995948
"PITX3",-3.94576869586047
"NIPSNAP3B",-3.94586420202438
"HDAC4",-3.94647973403873
"SRP9",-3.94775331635848
"LPGAT1",-3.9491405857011
"SUGP2",-3.94988107103289
"BYSL",-3.95377394741075
"BTBD3",-3.95461583942637
"EGFR",-3.95526645424782
"GLIPR1",-3.95545842015866
"LRRC2",-3.95612320531624
"PDSS2",-3.95647110763277
"SEPTIN4",-3.95679468494431
"GPLD1",-3.95759150751349
"DOCK2",-3.95800857923605
"OXSM",-3.95851668745601
"LINC01132",-3.95857921211481
"ADK",-3.95887493944027
"PVT1",-3.95905916020149
"HSPB7",-3.95968495877565
"ZNF398",-3.95987194690585
"CLCC1",-3.96008915047272
"TMEM209",-3.96114295922021
"PIGF",-3.96129945556418
"FCHO2",-3.96162496958979
"ZNF148",-3.96193094038644
"LINC02019",-3.96197277814458
"GPRIN3",-3.96275063182484
"RFTN1",-3.96295808061689
"DNAJC15",-3.96397291042289
"TINF2",-3.96443077101272
"LOC105372579",-3.96548674411579
"GSTCD",-3.96552046333751
"LOC112267876",-3.96589509994634
"LOC107984658",-3.96674485156666
"ZRSR2",-3.96755315942925
"NR4A2",-3.96843307942588
"SNORD49A",-3.96944444590771
"CAMSAP1",-3.96951443484695
"MRPL32",-3.97078178325769
"CENPI",-3.97171685673332
"ZDHHC7",-3.97198446702032
"LOC148696",-3.97208186581923
"SASH1",-3.9725489946254
"RNF220",-3.97258356041209
"NDUFAF4",-3.97488221243901
"MUC1",-3.97584320145373
"RAB30",-3.97627183083397
"MSMP",-3.9775030642875
"ARHGAP35",-3.97798192692584
"CEP20",-3.97882717303123
"SHISA9",-3.9794290144078
"FGFR1OP2",-3.98006253543582
"ENDOU",-3.98145054723473
"CFAP97",-3.98220656979568
"EVI5",-3.98258794554743
"SPATC1",-3.9834467287753
"MECOM",-3.98347022368934
"SEC22B",-3.98383905494363
"FNIP1",-3.98552495797824
"LINC01881",-3.98577593330876
"SPATA5",-3.98850243968357
"LOC105378443",-3.98946186104388
"ZBTB40",-3.99373378520366
"LOC105378721",-3.9944408792183
"MIR4657",-3.99522545908836
"KLHDC3",-3.99642378605664
"GOLGA7B",-3.99779911501529
"NTAN1",-3.99867922241087
"LOC105377016",-3.99927435008911
"KLHDC2",-3.99947220653215
"LATS2",-3.99972993106211
"MAN1A2",-4.00003755842972
"TRIP10",-4.00099897562147
"LOC105373302",-4.00188958354281
"TRIM52-AS1",-4.00191447876621
"LOC101929291",-4.00342102702939
"PRDM16",-4.0062360907455
"SYDE2",-4.00635515562805
"FAM72A",-4.00645997957912
"SLC2A12",-4.00660909913861
"DNASE1L1",-4.0066784096863
"ERVMER34-1",-4.00748025974643
"GNAO1-DT",-4.00840431408014
"BAIAP2L1",-4.00878419212909
"G2E3",-4.00999303890334
"ST6GALNAC2",-4.01000958777051
"IPO9",-4.01063890831078
"SPTY2D1",-4.01383795282608
"ANXA2",-4.0148092302984
"RAB3IP",-4.015770952119
"DDX5",-4.01619652010834
"NUMB",-4.01647556587596
"ABLIM2",-4.01667348280437
"PHACTR1",-4.01778869621005
"SMC4",-4.01822397009565
"METTL2B",-4.01965364665104
"SND1",-4.01966395083403
"MAPKAPK2",-4.02465301762005
"CRIM1",-4.02519230879598
"PCYOX1",-4.02519315208154
"PITPNM2",-4.02572306748586
"GTF2E2",-4.02649729325382
"IPO5",-4.02741303250959
"SYCP2",-4.02799125959739
"LOC100190986",-4.02803319037474
"RNF32-DT",-4.02831912279711
"RIOK3",-4.02863702214521
"ZNF234",-4.02866749034822
"PTGER3",-4.02912150357304
"ZBTB41",-4.03157327774699
"MTOR",-4.03216230819892
"MTMR12",-4.03242939106462
"ZWINT",-4.03259485637858
"GRASLND",-4.03352155794426
"TMEM52",-4.03486689120283
"CTTNBP2NL",-4.03494486051975
"TCEA1",-4.03502545977451
"ANKRD49",-4.03595838332406
"PPP3R1",-4.03719833099478
"DPAGT1",-4.03799624427869
"TET3",-4.03859793322254
"MOB1A",-4.03886531271753
"PPP2R2C",-4.03893047668428
"MOSPD1",-4.03993864712306
"SENP1",-4.0406696461965
"POLR3B",-4.04091541764312
"STX17",-4.04231281407403
"MORF4L2",-4.04350905298413
"STX3",-4.04354593805007
"LDLRAD4",-4.04660549462847
"VPS13B",-4.04676463412567
"RAP2C",-4.04704766280698
"GRAMD1B",-4.04749550240874
"NUP155",-4.04814032400219
"IL1RAPL1",-4.04899439579581
"B3GAT2",-4.04933454133846
"ST8SIA6",-4.04958298396447
"MTMR1",-4.05336408663029
"FAT2",-4.05349768218373
"SYS1",-4.05421661389939
"IQGAP1",-4.05436051584865
"CCNH",-4.0546478874608
"CHI3L2",-4.05749194190961
"CEP57L1",-4.05767359333411
"NCALD",-4.05814733395929
"NAT10",-4.05960690488187
"PFKFB3",-4.06076915573802
"RASSF8",-4.06134436003715
"SUCLA2",-4.06143277869464
"RASSF4",-4.06205487494984
"MFAP3L",-4.06308406339731
"TSPOAP1-AS1",-4.06327979354741
"SMIM5",-4.06372021614389
"PNMT",-4.06458975323221
"RSPH3",-4.06487571257057
"SLC6A10P",-4.06490030829156
"PPP2R3A",-4.06539649359353
"SLC33A1",-4.06560764102228
"ACSBG1",-4.06576870806019
"TBCCD1",-4.06613755533296
"LOC653653",-4.06746492787006
"PYGL",-4.06815368645591
"DNAH14",-4.06895869672779
"ZNF776",-4.07111199086947
"ND2",-4.07131260078884
"UBXN2A",-4.07158987596996
"CCNB2",-4.0718113206366
"SQOR",-4.07215551850199
"C1RL-AS1",-4.07234829374952
"LINC00693",-4.07242358461114
"MUSK",-4.07586167533337
"ATAD2B",-4.07631886441362
"CORO2B",-4.07718233774291
"NEGR1",-4.0791525317374
"LOC102724517",-4.0798592857218
"TRNV",-4.08008322340517
"IL18",-4.08127506078311
"SH3D19",-4.08238111678128
"BMS1P4",-4.08273632873583
"LOC105379461",-4.08320687093657
"ALG6",-4.08411561397806
"STXBP5",-4.08582608224299
"ZNF331",-4.08773724586115
"DTNA",-4.08800843717641
"TPM3P9",-4.08983745675395
"CA14",-4.09055571789874
"GTPBP2",-4.09267080506235
"KIF1B",-4.09338174110573
"LOC112268118",-4.09375633238231
"LRRC8C",-4.09472366466934
"ZBED5",-4.09600086701373
"GNRHR2",-4.09801397767907
"SEC24C",-4.09910969053227
"BPNT2",-4.09959851456044
"ATF3",-4.10121625012532
"LOC105377663",-4.10217997997766
"AQR",-4.10253082204201
"C4A",-4.10435920864384
"USPL1",-4.10524086420772
"RPRD1B",-4.10528332982028
"ARFIP2",-4.10573691815642
"HACD1",-4.10596604366459
"IKBIP",-4.10624649738908
"LOC105375785",-4.10642266943948
"DBNDD1",-4.10695277127196
"RHOQ",-4.10748760131063
"FPR2",-4.10769387496395
"LOC112268072",-4.10829609038093
"HSD17B7",-4.10835115659661
"EP300",-4.10892822421199
"NOSTRIN",-4.11011257035418
"PCMTD1-DT",-4.11022648302369
"TMEM164",-4.11064397041418
"NUAK1",-4.11077001536329
"CEP112",-4.11187280293946
"WSCD1",-4.1122604316207
"HSD17B12",-4.11240004920753
"RBM41",-4.112511336829
"NLGN4X",-4.11251722479827
"TMOD1",-4.11270182562649
"ZNF567",-4.11295737530345
"LRR1",-4.11370744024989
"PRRG2",-4.11385141660404
"ZNF793-AS1",-4.11418828260292
"EIF5",-4.11455949849024
"NRG4",-4.11490080122962
"ABCC9",-4.11723260953249
"PCP4",-4.11725210185494
"TRDN",-4.11832974160022
"ELK4",-4.11905446856979
"ARL14EP",-4.11931599986839
"SECISBP2L",-4.120355732032
"VSIR",-4.12088314097548
"PSMD6-AS2",-4.12109337776138
"CHRNA5",-4.12185857747389
"LOC101927072",-4.12243325557776
"KIAA0513",-4.12298924686614
"NCOR1",-4.12523127570687
"HINT1",-4.1263363803642
"CNOT7",-4.12721107661526
"ZBTB24",-4.12721374451504
"FGFR4",-4.12835065262417
"KIF16B",-4.12850396145199
"TMA16",-4.12942087932022
"ZNF486",-4.12962913834599
"LTB4R",-4.12972686804484
"COX20",-4.13003499416873
"ZNF649",-4.13076060391589
"GFM1",-4.13093360431047
"MYCT1",-4.13125569925895
"SLC25A53",-4.13259575994989
"SLC35G2",-4.13475845000086
"COPS8",-4.13562794434466
"STN1",-4.13609455779063
"RHOA",-4.13674654554344
"RPS6KC1",-4.13775639351398
"LOC105369669",-4.13811881793679
"KCNK5",-4.13861305807
"LOC105373075",-4.13926989034151
"CLPB",-4.13946210201078
"ZNF566",-4.14200927333939
"ASAP3",-4.14315450426473
"MARCHF8",-4.14463176048432
"C1QC",-4.14489130385947
"WWTR1",-4.14530692934698
"TRAPPC6B",-4.14709422077817
"MIR6502",-4.14743473424133
"LOC101928421",-4.15159505900678
"ATRX",-4.15244893248964
"AFDN",-4.15286167439109
"PCGF5",-4.15408324271822
"MRPL15",-4.15521758511288
"ZHX1",-4.15598724954904
"LOC112268131",-4.15611711847378
"LOC112268163",-4.15730112856283
"MMAA",-4.15832767840708
"PELI1",-4.15882513692371
"SCFD2",-4.15997153202516
"YIPF5",-4.16045912403135
"E2F4",-4.16122559198101
"CENPJ",-4.16255718880037
"DSG2",-4.16414918518745
"SNORD80",-4.16493376147392
"TYW3",-4.16615515742737
"COLCA1",-4.16667894497685
"CMTM6",-4.16759561268334
"SPATA41",-4.1699504761903
"CCNL1",-4.17035532126198
"LINC00886",-4.17105375770309
"TANGO6",-4.17540790817446
"ZKSCAN7-AS1",-4.17811155163585
"CLEC4E",-4.17914252965783
"WDR33",-4.17920726005549
"WWOX",-4.17966120211485
"GTPBP4",-4.18085462692312
"DPP3",-4.18098826786661
"LOC105369828",-4.18200232212499
"DICER1",-4.18400991506102
"TMPO",-4.18423267141663
"N4BP1",-4.18436321755802
"RASD1",-4.18556800177189
"LOC105370525",-4.18587058247957
"AEBP2",-4.18855864297075
"CSTF2T",-4.18873428835007
"CNEP1R1",-4.19054580886759
"ZWILCH",-4.19155576748013
"ZNF555",-4.19190233384418
"RBBP4",-4.19208996096592
"VIPR1",-4.19394416354135
"ATE1",-4.19529631216213
"ZNF275",-4.19533078832233
"ZNF660-ZNF197",-4.1955660817173
"ND1",-4.19578065685589
"CACNA1C",-4.1963607414897
"ADAM23",-4.1968810087091
"NR2F2",-4.19895050341719
"ZNF197",-4.2008916839171
"PCMTD1",-4.20379520623919
"COL4A3",-4.20462211750689
"WSB2",-4.2050036470399
"EBAG9",-4.20532304357424
"BRCA2",-4.20548017675882
"LOC105374711",-4.20654873058635
"RBM11",-4.20966919564459
"ENTR1",-4.21058443664134
"MARCHF7",-4.21293788231698
"ULK3",-4.2132015755333
"PLD6",-4.21435300775871
"WWC2",-4.21448347279813
"STOM",-4.21724360042278
"MRAS",-4.21768646881377
"SSRP1",-4.21833537500634
"PKN2",-4.21892352560131
"KIAA0825",-4.21918936498805
"NF2",-4.22180732326696
"C7",-4.22311311022347
"ADSL",-4.22383955166476
"CUL4A",-4.2242626567404
"SLC6A8",-4.2245548022328
"E2F5",-4.22868078627401
"SERPINB6",-4.2293556206372
"KLHL20",-4.2305676481933
"LOC100506321",-4.23072007032038
"AGA",-4.23266309976716
"CSGALNACT2",-4.23378138513635
"LOC105378626",-4.23433617632309
"WDR75",-4.23646686431814
"LOC107985064",-4.23785798118999
"RAP2A",-4.24025735687309
"PPHLN1",-4.24036668624181
"SPP1",-4.24281185185933
"SON",-4.24393821527505
"HMGCR",-4.24694397992222
"WDR1",-4.24715103579851
"FBXW2",-4.24826492424688
"CRHR2",-4.24897250815843
"CEP250-AS1",-4.24940293756655
"PRDM15",-4.24984393396521
"DLG1",-4.25019329047347
"WASHC4",-4.25127115460868
"MS4A7",-4.25380310080331
"SEC24B",-4.25407134699162
"RPL23AP64",-4.25497385333195
"LMBRD1",-4.25550048406909
"SNX13",-4.25798661340482
"KCNIP3",-4.25824860130141
"THRAP3",-4.25847270531245
"PDPK1",-4.25897540315616
"ADGRB3",-4.25919032640448
"SRSF8",-4.25946090814083
"SRGAP2D",-4.26163610614011
"INPPL1",-4.26429342600125
"RXYLT1-AS1",-4.26446677306212
"DCBLD1",-4.26549452121764
"ZNF433-AS1",-4.26605881385529
"CERNA1",-4.26624141175645
"TRIM56",-4.26703226654613
"HOTS",-4.26716262273198
"REEP5",-4.26754580490009
"DSN1",-4.27069922942159
"ZNF32-AS2",-4.27123447134554
"LARP1",-4.27181533593744
"RHOB",-4.27276862675944
"TADA1",-4.27362552770047
"TMEM63B",-4.27365892257988
"LINC02603",-4.27376563454379
"SLC16A10",-4.27377505131237
"NOL10",-4.27393792521326
"HCCS",-4.27505022206002
"PDZK1",-4.27647338398752
"OIP5-AS1",-4.27662066416942
"RAPGEF3",-4.27686474332437
"MAFIP",-4.27741302650796
"RORC",-4.27781463056767
"ORC6",-4.27788961087681
"ELMO1-AS1",-4.27826342189522
"LILRA2",-4.27946088424228
"RAB11FIP2",-4.28003103043143
"CTNNAL1",-4.28141908384983
"AKR1E2",-4.28371195489194
"TMEM64",-4.2838628806423
"LOC101927995",-4.2842386190164
"A2M",-4.28546072137375
"LINC02700",-4.28567309800633
"DNAJB14",-4.28648071186978
"NUP58",-4.28734577189309
"FBXO3",-4.28775055489562
"SRI-AS1",-4.28786147966872
"UTP20",-4.28837270189611
"CA11",-4.28908231798915
"ZNF772",-4.28943770865338
"SMAD5",-4.28984225906983
"YRDC",-4.29186962162167
"UBR2",-4.2934404159517
"SDHAF2",-4.29516757724146
"NCAPG2",-4.29545483963024
"GABRB3",-4.29548587340557
"CES3",-4.29667345333452
"ZNF654",-4.29764344177518
"RBAK-RBAKDN",-4.29822409284222
"CHI3L1",-4.29835307816774
"VAMP8",-4.29986859815778
"STAM2",-4.3027906546204
"RARB",-4.30362466843768
"ZBTB21",-4.30411312867341
"ZFP91-CNTF",-4.30655681847683
"PIGK",-4.30661429979959
"XYLT1",-4.3072069282826
"ZNF583",-4.30784809559563
"C16orf46",-4.30870024301776
"FANCD2",-4.30904202739802
"TTC1",-4.31026959314815
"BUB1B",-4.31066288549548
"SNX12",-4.31068908605697
"HSFX3",-4.31142952742729
"HOXB6",-4.31143491391633
"PHTF1",-4.31225608273866
"ZBTB33",-4.31404656580309
"RAD54L2",-4.31531499184757
"NCBP2-AS1",-4.31591517829393
"GIGYF2",-4.31798842953078
"RASL12",-4.31832263354941
"LOC101929201",-4.31960832865617
"LOC101928705",-4.31963202161189
"ZNF432",-4.32017053954894
"HIPK2",-4.32163498065668
"LTN1",-4.32254652789122
"MTAP",-4.32294845746944
"ZC3H11A",-4.32316623871046
"RNF11",-4.32373665757738
"ZBTB38",-4.3245318523587
"TMED10P1",-4.32499188032468
"TMEFF1",-4.32499672656239
"BSPRY",-4.32612299058147
"KCTD10",-4.32626196170284
"GTSE1",-4.32702499485217
"ZNF587B",-4.32704634593965
"LDLR",-4.32869195331742
"ZZEF1",-4.32953841662515
"TMEM126A",-4.32987040991325
"PEA15",-4.33057099867491
"TTN-AS1",-4.33230644708272
"NLGN1",-4.33278064299654
"ITPR2",-4.33280150153479
"GIMAP8",-4.33372439199325
"BMPR1B",-4.33386320686115
"PTBP1",-4.3353145691957
"NEDD1",-4.33637307524088
"ESRRA",-4.33641959355056
"LIPA",-4.3366394055286
"SNORA104",-4.33666589881879
"SFXN2",-4.33725031279378
"MIR6717",-4.33853987280467
"SEC24A",-4.34096697338261
"MPP2",-4.3422433960294
"ESF1",-4.34390216517179
"FCHSD2",-4.34405781527869
"SNX11",-4.34435358810502
"LOC102723654",-4.3462467685517
"LOC107986124",-4.34632339698504
"EBLN2",-4.34684687961062
"ST7-AS2",-4.34724595844144
"LOC90246",-4.34809276331668
"TAF5L",-4.34863478036457
"SCLT1",-4.34969010795622
"USP34",-4.35005751037891
"ZNF850",-4.35126993927376
"MTFR2",-4.35264558762102
"TATDN3",-4.35478713761192
"DDI2",-4.35502117879576
"CREB3L1",-4.3550284844375
"SASH3",-4.35576611582464
"LOC441081",-4.35588012654044
"LOC112268051",-4.35653934601957
"ZFAND1",-4.35692358809469
"LOC105372105",-4.35858572745736
"FAM3C",-4.36005374095716
"MIR570",-4.36399810698972
"DNMT1",-4.36562566671644
"FAM168B",-4.36642769455787
"SP3",-4.36660755998847
"MSI2",-4.36931827847789
"STC1",-4.37073856778227
"CUL4B",-4.37083474943491
"MMS22L",-4.3738681828103
"HCN4",-4.37447404943014
"CYP4X1",-4.37575809427876
"UBXN4",-4.37584052863133
"DEPDC1",-4.37597980638295
"KANK1",-4.37716699486721
"STK17B",-4.37749713805264
"DCK",-4.37750137374163
"LOC105376090",-4.37929165299069
"FAM8A1",-4.38061229538395
"MRPL48",-4.38141146453665
"ATRN",-4.38230368494328
"CNIH1",-4.38267062800469
"CRLS1",-4.38518077875508
"SCFD1",-4.38526784419585
"ARPIN-AP3S2",-4.38591614189915
"MRPL30",-4.388387224225
"STXBP2",-4.38996656070592
"TTI1",-4.3903290864338
"PSME3IP1",-4.39119750281478
"APC",-4.39167289361398
"POLR2B",-4.39194701117366
"CAPN7",-4.39228607635999
"MLXIPL",-4.39293658731416
"TMEM65",-4.39431669285509
"THEMIS2",-4.39438783367802
"PITX1-AS1",-4.39521686903313
"HARBI1",-4.39625896096803
"RDH11",-4.39662294380002
"MYBPC1",-4.39733969916109
"ITGA9",-4.3975842308726
"CEBPD",-4.39838714817511
"IGSF9B",-4.39840185631207
"FRYL",-4.39898063419107
"HYOU1",-4.40104407909383
"GGA2",-4.40510051869018
"NUP153",-4.40839967589572
"P4HA1",-4.40857803574972
"UBE2F-SCLY",-4.40869590307754
"SS18L1",-4.4087723120145
"AGGF1",-4.41020444689137
"PDGFRA",-4.41108450726164
"PTAR1",-4.41128095295562
"MAPK4",-4.41245998412706
"DUSP13",-4.41382444261147
"CCT8",-4.41435982359178
"ACSS2",-4.41708533447082
"AKAP7",-4.41933028105459
"NT5C3A",-4.41962715902483
"WDR5",-4.42056698076703
"LOC107986558",-4.4218931826077
"ASB7",-4.4224880174031
"SLC2A13",-4.42305541878002
"SENP2",-4.42546220418595
"ZNF438",-4.4269910171902
"FTCD",-4.42761952771597
"CD300C",-4.43174739551182
"ZNF674-AS1",-4.43451423739472
"MLH1",-4.43472757275803
"CHFR",-4.43511278603009
"FEZ2",-4.43549696334345
"ASPH",-4.43616297066461
"GOLGA7",-4.43620560815366
"SCYL2",-4.43726093838496
"ACTRT3",-4.43736540203432
"FPGT",-4.43751206322867
"DOCK11",-4.43776093693038
"SMG7",-4.43891786977753
"ZFR",-4.44046228879699
"CUL1",-4.44059706512524
"EFNB2",-4.44113233185235
"ND4L",-4.44120525667094
"HMGB1",-4.44124496882614
"QKI",-4.44158129100378
"AASDH",-4.4424049697163
"STK4",-4.44416256759033
"QTRT2",-4.445008113322
"SMG1",-4.44532995469542
"DNM1L",-4.44600767067482
"RB1",-4.44713118423736
"SHLD1",-4.44842163890753
"SIAE",-4.44978964871294
"FAM89A",-4.44998395139534
"LOC105373774",-4.45113235765137
"RNASE6",-4.45321977945855
"FYB2",-4.45437199802087
"TBPL1",-4.45621780321106
"TUBE1",-4.4572892128171
"ACOX1",-4.45797834729765
"FAM201A",-4.45821175241966
"LOC107987102",-4.46143115435708
"RCN2",-4.46187159736416
"DCLRE1A",-4.46338055966751
"SSTR5-AS1",-4.46383481182601
"TMEM198",-4.46540497537732
"SMAD3",-4.46835406841175
"SLC6A10PB",-4.46844298190569
"ACVR1",-4.47054413900162
"TMEM11",-4.47374433503735
"TATDN1",-4.47543231423868
"TMEM170B",-4.47592276098164
"PSMA6",-4.47668369641677
"HNRNPDL",-4.47709185826178
"NDNF",-4.477218023673
"LOC107986780",-4.47843124843457
"SLC39A8",-4.47909140402021
"CTBS",-4.48118947658509
"DPP4-DT",-4.484313339049
"FHL5",-4.48613610885223
"VPS13C",-4.48656411729648
"ANAPC1",-4.48808279415376
"PAQR3",-4.48839012221622
"SERPINE3",-4.48864994239047
"DPYD",-4.49147266153642
"UBA2",-4.49150341300007
"RO60",-4.49211785114635
"UBE2D3-AS1",-4.49215315284099
"HS3ST2",-4.49327556774303
"NBEAL2",-4.49512195031839
"LOC101927911",-4.49558716881268
"SNORD62B",-4.49614391916501
"NCOA4",-4.49676011058038
"FAM81A",-4.49697030771623
"PRELID3B",-4.49966605549111
"AP3S2",-4.50067945306304
"PSMC6",-4.50133369964284
"SGPP1",-4.50181751184244
"SYNE1-AS1",-4.50240437361348
"RBM34",-4.50310477530459
"USP1",-4.50410085279116
"DCUN1D1",-4.50428679743238
"FTSJ3",-4.50525560659518
"CSNK2A1",-4.50596391146437
"LOC107984338",-4.50657301596584
"TOX4",-4.50815323816801
"GCFC2",-4.50910587226019
"FXYD3",-4.50947870735014
"PIM3",-4.51152298791138
"ATAD5",-4.51265352474255
"PLAC8L1",-4.51395710014462
"DBF4",-4.51402266657618
"CCNE1",-4.51467412454183
"ALKBH3",-4.51653640651621
"CNTNAP3B",-4.51728959422546
"FEM1B",-4.51864442264736
"KIF1C-AS1",-4.52048043850588
"TMEM252",-4.52209451338299
"SPTLC1",-4.52255964791375
"CDC7",-4.52374000909803
"RPAP3",-4.52429691865583
"IWS1",-4.52560890901876
"TM2D1",-4.52632652586811
"ADCYAP1R1",-4.52758926574156
"SDE2",-4.52911209428604
"HINT3",-4.52934307002596
"DMXL1",-4.52982462576831
"MPDU1",-4.53059268746695
"MIR4477B",-4.53071585857177
"SCIMP",-4.53081752508839
"ENTPD4",-4.5309746292083
"CDC73",-4.53215724278913
"EXOC5",-4.53405746237061
"TP53RK",-4.53595167006845
"BLTP3B",-4.53681572640523
"ZBTB6",-4.53763688209501
"LINC02185",-4.53944050122414
"SFRP5",-4.53985616211952
"MKLN1-AS",-4.54204725083404
"CDA",-4.54445380891854
"RIF1",-4.54473264929297
"GREB1",-4.54621069204945
"OSBPL8",-4.54666834129958
"MTF1",-4.54779552639942
"PDPN",-4.54794578262477
"ATP11C",-4.54831927447095
"APOBEC2",-4.54843323015435
"HMBS",-4.55119741037049
"VLDLR",-4.55131394832403
"TRAPPC13",-4.55206281786391
"MED23",-4.55258995888558
"ING1",-4.55357305381324
"RAB6A",-4.55412161389303
"ACSM3",-4.55671361061501
"G3BP2",-4.55801905515852
"TSNAX-DISC1",-4.55824312277666
"IL24",-4.55920268569374
"LIMS1",-4.5594386047467
"SELENON",-4.56053815041162
"MRPS10",-4.56332538035943
"TNPO3",-4.56342643400057
"CHMP2B",-4.56487284708421
"IQSEC3-AS1",-4.56623319952827
"LCP1",-4.56676669265561
"ABCA11P",-4.5678216787932
"BMI1",-4.56828191907221
"MDN1",-4.56848153510713
"MINDY2",-4.56848707833627
"LPIN2",-4.57224246862852
"ASAH1",-4.57235860111781
"SSBP3-AS1",-4.57293642084958
"KLF6",-4.57642139110845
"LOC107986196",-4.57685592446147
"LILRB3",-4.57702896785537
"LOC105371055",-4.57728216153302
"HRAT17",-4.57743212848283
"ABCA6",-4.57809619887778
"ALG5",-4.57885379378716
"LRIF1",-4.57946878997902
"SAMD8",-4.58030085115083
"NR5A2",-4.58038545211623
"MARF1",-4.58141544310818
"ZBTB34",-4.58193975486593
"RNF111",-4.58249236806643
"ZNF451",-4.58264303271298
"LOC105375743",-4.58314533336783
"ZC2HC1C",-4.58521744652177
"ASB12",-4.5861873230804
"CCL2",-4.58649929718951
"TARS3",-4.58702252670444
"UPRT",-4.58764481012647
"LOC107985367",-4.59000801837396
"ARL5A",-4.59023417467139
"DNAH10",-4.59054454785142
"ZNF318",-4.59068508925724
"SLC25A40",-4.59072272336998
"IL2RA",-4.59247028084412
"CAPN2",-4.59296812657329
"CD5L",-4.59476863302599
"LHFPL2",-4.59486846766592
"L3HYPDH",-4.5975559180854
"H2AZ2",-4.59766844854818
"ARHGEF19",-4.60018497629457
"PIP4K2A",-4.60022823636868
"LOC101928882",-4.6003080227653
"TMEM131",-4.60086550084078
"ZNF33A",-4.60258836762993
"LOC105369373",-4.60292102998664
"EMBP1",-4.60338043588436
"STAG2",-4.60525870053374
"CPPED1",-4.60529606255424
"NME7",-4.6097584145237
"OLFM1",-4.61046866817327
"URI1",-4.61348468887904
"CNOT2",-4.61369655224111
"C5",-4.61481013938428
"ZNF644",-4.61586449535261
"POLR1F",-4.61649348003604
"DYRK1A",-4.61947487346125
"TSNAX",-4.62100323699294
"MTMR9",-4.62130145831367
"PRR11",-4.62147667413102
"RXRA",-4.62169815927825
"ALG3",-4.62177850892013
"HRCT1",-4.62203667892239
"RAD51",-4.6237134889059
"PHF23",-4.62412266368112
"TNS2",-4.62602934709982
"SFT2D3",-4.62634278807206
"RIPK1",-4.62650303069737
"MS4A4E",-4.62677223449865
"VCPIP1",-4.62770711202097
"SOX2",-4.62870843355984
"PTPRG-AS1",-4.6300169963219
"LOC107984751",-4.63013888663981
"SEC63",-4.63022127106963
"RAPGEF1",-4.63310747704677
"ASB11",-4.63397975271277
"SWAP70",-4.63398426554578
"KCTD21",-4.63551543550847
"LOC105374145",-4.63579455123397
"LIMD1",-4.63636154114943
"SPOPL",-4.63724514012096
"DHX36",-4.63809217907754
"TUBG1",-4.64025195830447
"TBC1D25",-4.64088616754464
"RNF24",-4.64099358371654
"YIPF1",-4.64130100210802
"LOC101927393",-4.64173203020169
"INTS10",-4.64252967328282
"ATP23",-4.64265177582635
"INPP1",-4.64356911255046
"RNFT1",-4.64412144054213
"POLR3E",-4.64576796111194
"NOMO3",-4.64727131577207
"PDSS1",-4.64764168589829
"RAD23B",-4.64936982241896
"EBI3",-4.65093427089988
"ARID1A",-4.65094786607982
"MSL1",-4.65257166892872
"MAFF",-4.65282213180838
"SRFBP1",-4.65287998295442
"SENP5",-4.65361808965127
"DIP2C-AS1",-4.65568854621802
"M6PR",-4.65682140966852
"DCAF13",-4.65854408255361
"HIPK1",-4.65881324384728
"SNORD159",-4.65999406924291
"LMBRD2",-4.6611225317655
"ST7L",-4.66242225305069
"IFI30",-4.6661788540297
"TAB3",-4.66655180021302
"GPRC5B",-4.66731292005385
"ASXL2",-4.67047638016945
"NEMF",-4.67126973979859
"PPARGC1B",-4.67145150655014
"TASP1",-4.67213113414411
"PLIN3",-4.67334143581125
"PALS2",-4.67396201012319
"AKAP9",-4.67416318914936
"PDZRN3",-4.67431710628243
"CSF1",-4.67495393110371
"ATP6V1B2",-4.67592197425862
"HACE1",-4.67712443626173
"COX11",-4.67792230471757
"DNAJC28",-4.67820616771243
"LUZP1",-4.68095965766563
"PGM1",-4.68237127827377
"MIEN1",-4.68279544083642
"ABHD3",-4.68320332923128
"PORCN",-4.68368841534656
"TWIST2",-4.68620724997926
"DNTTIP2",-4.6884706193753
"FBXO42",-4.68898435023607
"WDR3",-4.69428677147519
"CENPN-AS1",-4.69529727511154
"EIF5B",-4.69550587366697
"CDK17",-4.69724598305266
"DARS1",-4.69813680612303
"SETX",-4.70108889959803
"H19",-4.70135988815592
"C9orf72",-4.70186532834105
"KREMEN1",-4.70204717011376
"IRS2",-4.7021305729111
"ZNF230",-4.70303196578399
"CACNA1D",-4.70344956942984
"METTL13",-4.70427709061568
"CASP7",-4.70497184342281
"ANKRD26",-4.70657321437837
"ART5",-4.70669535799718
"PROCR",-4.70758014787129
"PSMD2",-4.70793782619989
"SYNJ1",-4.70806135534925
"SLC17A5",-4.7080768358277
"MIER3",-4.70867873573833
"TGIF1",-4.70948132628175
"TNRC6B",-4.70954970309451
"STT3B",-4.71050660470782
"FXN",-4.71250930546227
"PLEKHA3",-4.71302180744346
"LOC107984583",-4.71379787098998
"STAG1",-4.71428900972789
"PDZD8",-4.71454542468345
"NUDT19",-4.71464289949044
"RAMAC",-4.71510474579744
"WASHC5",-4.71558240042659
"BCORL1",-4.71696522109899
"PKN3",-4.71901518940217
"MED13",-4.72044201440594
"ZMIZ1",-4.72317415997352
"ZNF677",-4.72493904965822
"PIR-FIGF",-4.72515360824653
"ORMDL2",-4.72558289722484
"HELQ",-4.7267820450357
"CLCN3",-4.72729270170858
"GNAI3",-4.7273276150086
"GTF2H1",-4.72989622565969
"TRAM2",-4.73221592956042
"SNORA40",-4.73339476293223
"FOXF1",-4.73372583375198
"CCNK",-4.7353594944022
"STK35",-4.73699632252154
"ETAA1",-4.73723376867451
"VPS36",-4.73911635725495
"ZNF714",-4.73929003645212
"ATG9A",-4.73985358858801
"GK5",-4.74010438997584
"HP09053",-4.74012532748925
"CREB1",-4.7408062601393
"KATNBL1P6",-4.74207124081205
"RASAL2-AS1",-4.74249457778348
"IKBKB",-4.74334957539636
"TDP2",-4.74371394117074
"TENT5A",-4.74397291950882
"DISC1",-4.74561471570428
"RTL8B",-4.7458826893845
"SELE",-4.74616655728669
"MTMR4",-4.74699569285723
"LINC00092",-4.74707560515183
"VPS13A",-4.74756051959691
"ZNF236",-4.74852123301859
"LOC103611081",-4.75090658812356
"MEIOB",-4.75476490581114
"MACIR",-4.75510364872108
"NGDN",-4.75703058417639
"NEDD9",-4.75748796543383
"SMG1P6",-4.75831558637577
"LILRA5",-4.76210343186334
"HNRNPR",-4.76253058816078
"LIN52",-4.76293436667218
"USP13",-4.76459825948229
"USP12",-4.76708227962348
"PPP1R3A",-4.76784368260487
"SYNC",-4.76911823011404
"WBP2NL",-4.76977534539731
"TMED8",-4.7713931013715
"ADAMTS2",-4.77169631820676
"LOC102724852",-4.77370562637027
"N4BP3",-4.77538948874296
"PARPBP",-4.77600637653994
"SNX16",-4.77612150757395
"FAHD1",-4.7763071670549
"ABCC3",-4.77670738096834
"TEX14",-4.77676054994171
"TMEM220",-4.77722845888625
"CDCA8",-4.78096013441005
"GTF3C2-AS1",-4.7830804029833
"RPP40",-4.78430670582328
"ZNF600",-4.78872100086489
"SPNS2",-4.7918728182847
"PPP4R3B",-4.79235408418115
"TIMM23B",-4.79239047978851
"ALDOB",-4.79260476703711
"CDCA2",-4.79354809529948
"CDK1",-4.79357825339238
"CACNA1H",-4.79386633170673
"PRDM4",-4.79461260255013
"KAT6A",-4.79716452131798
"YBX3P1",-4.79726552047231
"LOC107984261",-4.79787399487971
"DUSP11",-4.79863071061075
"H1-2",-4.7987358263952
"ATP5F1C",-4.79890645134696
"ZNF93",-4.79907354451923
"SNORD22",-4.80071906266427
"TRIM14",-4.80108039793143
"XRN1",-4.80141571906307
"SLF1",-4.80412526991703
"GOLGA5",-4.80450431272127
"TMEM248",-4.80451730454125
"C16orf87",-4.8045222598736
"LMNB1",-4.80588500950289
"CHM",-4.80591288834539
"PCYT1A",-4.80693909088647
"B3GALT2",-4.80768150342886
"TMEM104",-4.80776767413816
"ACVR1B",-4.80812670912142
"NEK7",-4.80873293914272
"PRKCH",-4.80873674163658
"ZNF92",-4.81017756857429
"RANGAP1",-4.8104013861731
"TOB1",-4.81138818507669
"PTPRK",-4.81139208895778
"MYNN",-4.81227422511881
"AGL",-4.81444309307624
"MEIS3P1",-4.8150371410772
"THOC2",-4.81573287364843
"LOC105375977",-4.81678437179803
"PRMT9",-4.81799217009412
"XRCC2",-4.81938048377413
"SLC26A9",-4.82027050722992
"PTBP2",-4.82119874640937
"CCDC50",-4.82239514614494
"ANKRD34A",-4.82373195525215
"TMEM267",-4.82409856833613
"ATP1A2",-4.82466331733243
"AAGAB",-4.82619454931148
"MKI67",-4.8267983597187
"GNPTAB",-4.82736138832842
"CABP1",-4.8279174732159
"SNX19",-4.82870523238861
"CYP2R1",-4.83151352688643
"EIF2AK1",-4.83202206038972
"MMRN1",-4.83492308165244
"GCA",-4.8362489219076
"EMG1",-4.83660828573054
"RAC1",-4.83756551522419
"MARCHF6",-4.83887963902541
"GARIN1A",-4.83962886771833
"LOC105379274",-4.83999702912777
"SLC5A9",-4.84232507207198
"CTSL",-4.84264102688208
"CLEC4D",-4.84275927711614
"HEXIM1",-4.84292297322306
"LINC02012",-4.84312060720581
"C1orf52",-4.843131546685
"RTCB",-4.84499591808572
"PRPF18",-4.84596220202084
"CD274",-4.84633078481083
"NAIP",-4.84704152597096
"MAPK6",-4.84746734158364
"LOC101928096",-4.84806438887323
"SLC9B2",-4.84892771790148
"DIPK2B",-4.8492391197057
"SLC30A5",-4.8503833860418
"TTC13",-4.85223294451863
"MRTFB",-4.85612170295784
"CHN2",-4.85702719872343
"CCZ1B",-4.85810060548223
"LOC100132249",-4.85930358451192
"ABRAXAS1",-4.85956848004348
"LOC101929599",-4.86024453511485
"PPAT",-4.8605980298494
"TUT7",-4.86163318116163
"RAP1GDS1",-4.86334814833932
"SDK1",-4.86370699482384
"FAM53C",-4.86404021124515
"CYP51A1",-4.86457201644489
"CHST3",-4.86848808399151
"STYX",-4.86870425964776
"CPEB4",-4.86962077205602
"CLEC4G",-4.87297546427875
"UTP23",-4.87840498222109
"NEXN",-4.87945869039507
"SYPL2",-4.88013427222522
"SUMO3",-4.88023715309033
"NT5C1B-RDH14",-4.88102759785975
"LINC02940",-4.88208279912292
"KLHL42",-4.88224771085156
"LOC112267940",-4.8839187255472
"FAM83D",-4.88463542341804
"CLN5",-4.88499577535998
"LOC105378410",-4.88507825427435
"ARHGAP11A",-4.88608875966358
"GPIHBP1",-4.88690061920776
"ZNF790",-4.88755575520213
"ARL11",-4.88851383287565
"GOSR2",-4.889644752175
"FDX1",-4.88980540592365
"IFNAR1",-4.88994120032228
"SRSF1",-4.89030609588396
"RRS1",-4.8921911878962
"LAMC1-AS1",-4.89551373916001
"PKP2",-4.89586557378814
"LOC105377862",-4.89609003227719
"RNF141",-4.89692138019284
"SLC35B4",-4.8969249850049
"C7orf25",-4.89918279076071
"PIKFYVE",-4.90226220771611
"SMAD6",-4.90303848263394
"CNOT1",-4.90368813031263
"ZNF260",-4.90421608598941
"CEBPZOS",-4.90462582809485
"LINC00472",-4.90474102353763
"NUP50",-4.90766215041824
"GZF1",-4.9083720455543
"RDH14",-4.9096421127054
"ZNF24",-4.91010033861345
"JAGN1",-4.91183481966598
"GSKIP",-4.91290569877523
"TBC1D23",-4.9133909929907
"SNX29",-4.913458109753
"THBD",-4.91506375603845
"RSBN1L",-4.91636208552608
"CDC40",-4.91658265912334
"TRAPPC3",-4.91714056405854
"TMEM150C",-4.91910195597297
"CAMSAP2",-4.91918779804146
"THAP1",-4.92087316058842
"LOC102723870",-4.92119499476979
"MARS2",-4.92141190120328
"NOMO1",-4.92355675525467
"CORO1C",-4.92409836613729
"ABCB7",-4.92421808549258
"GTDC1",-4.9242658910274
"AP1G1",-4.92493763904204
"RNF180",-4.9250491643117
"REEP1",-4.9288067529019
"FBXO30",-4.92979694683806
"TMEM53",-4.92989992285947
"SYCE2",-4.93061132370572
"DNAJC27",-4.93083300660548
"MYBL2",-4.93103178037369
"LOC105375384",-4.93174810011785
"BRWD1",-4.93366538996516
"RBPMS2",-4.93438890092599
"PTPRE",-4.93876929209291
"PPM1G",-4.93969841350832
"TXNDC11",-4.94011123268699
"CSRP2",-4.94308106868191
"ITGA6",-4.94318911112695
"ASH1L",-4.94367412939746
"NABP1",-4.9449701007468
"C5orf22",-4.94842544741846
"XKR6",-4.94851768981165
"FAM168A",-4.94914570401214
"POLR2K",-4.95167647039315
"SYBU",-4.95222368637897
"CACUL1",-4.95474998067392
"RDH5",-4.9570554433475
"TMED7-TICAM2",-4.95754254039708
"FAM227B",-4.9589701031535
"GOLGB1",-4.95921854219029
"NONO",-4.96059686878204
"G3BP1",-4.96493650000598
"TREM1",-4.96516552164686
"SPAG9",-4.96602242802259
"STK24",-4.96863098600832
"SNTB2",-4.96911439199925
"WBP4",-4.9710832896032
"OXSR1",-4.97109945162105
"SEPTIN4-AS1",-4.97533697127252
"TMED7",-4.97573408986582
"ESCO2",-4.97681496168088
"CUL2",-4.98194168666924
"HSPA13",-4.98533859892577
"LOC107986948",-4.98644955300922
"SUZ12",-4.98818825205197
"SEMA6B",-4.99132791764667
"LOC105375079",-4.99153736299502
"PHF20",-4.99179702298216
"SPAG5-AS1",-4.99561597645968
"RFC3",-4.99600456347532
"LINC00881",-4.99713955811593
"ANXA2P2",-4.99733002400904
"RAB18",-4.99835973913406
"GNG12",-4.99998299411428
"FBXO33",-5.00019425835007
"FAM161A",-5.00019547915788
"HPCAL4",-5.00148746585321
"LMCD1",-5.00219240761187
"TAF2",-5.00255525682987
"ABCD2",-5.00391747382224
"LOC101928474",-5.00586184539914
"GOLT1B",-5.00607414174694
"TNFAIP8",-5.00647226926057
"MBNL1-AS1",-5.00662927298163
"DDX10",-5.00724798012312
"PPP3CA",-5.00863416953284
"GSTM3",-5.01141424731823
"BRCC3",-5.01161877564028
"LOC107984018",-5.01270289766105
"GLB1L2",-5.01283391772326
"PUS7",-5.01450678709295
"PLOD2",-5.01519151085236
"MFSD2A",-5.01529099191879
"ZHX1-C8orf76",-5.01590636566228
"POGK",-5.01703855003074
"CWC25",-5.01717550308123
"LOC105372995",-5.0212671133349
"RPAP2",-5.02363157137993
"PNO1",-5.02375834716423
"TFAM",-5.02386677295217
"AKT3",-5.02393936079721
"PIGS",-5.02678230268776
"LOC105370337",-5.02692830361927
"MFSD14B",-5.02716456977846
"CPSF2",-5.02831319316088
"RTCA",-5.03038304854308
"NIPAL1",-5.0311959526737
"RAP1B",-5.03365671753444
"GTPBP10",-5.03499249140207
"AQP7P3",-5.03517068296448
"SLC10A7",-5.03671713756074
"NR1I3",-5.03932968868995
"KNL1",-5.03974491122682
"LNCOG",-5.0405846950521
"RIT1",-5.04184032001159
"ARHGAP27",-5.04339213683682
"RBM44",-5.04428968081271
"PTGER2",-5.04466812292293
"PRDX3",-5.04497971401756
"SHISAL1",-5.04656825656849
"LYRM7",-5.04661542377713
"MACROH2A1",-5.04803012346246
"TRIM5",-5.04879419737467
"LOC107986087",-5.04989590898264
"OTUD6B",-5.05107370311208
"KNOP1",-5.05114040288191
"LOC101927042",-5.05308424735314
"ISG20L2",-5.05309794561317
"TTC33",-5.05502145721723
"MFSD14A",-5.05627268243604
"RMDN1",-5.05788186625326
"LAMTOR3",-5.05840879357304
"CSTF1",-5.06001452278115
"LOC105374443",-5.06052788035191
"TNPO1",-5.06088730433651
"UBE2G1",-5.06114033505605
"LOC105373077",-5.06467747322661
"PRMT5",-5.06814969598114
"CYREN",-5.06844585735611
"MEIOC",-5.07004157543935
"SNORD36A",-5.07048613011839
"ENDOD1",-5.07166499809303
"DUSP7",-5.07309325545504
"ZDHHC23",-5.07342448656793
"ATP11B",-5.07349050269068
"PPP2R5E",-5.07404532420784
"GTF2H2B",-5.07415951923401
"CD33",-5.07521693089518
"MYO5C",-5.07596733246342
"HEATR5A",-5.0767624463112
"LOC101929667",-5.07863628143252
"CHMP4C",-5.0795007920328
"RNF4",-5.07980239143318
"SURF4",-5.08001823729847
"SCN10A",-5.08027609012493
"GFRA1",-5.08263865181488
"TRMT10A",-5.08354295699631
"SHTN1",-5.0864420710907
"PYGO1",-5.08688835320309
"FAM237A",-5.0880055002084
"VTA1",-5.09061598760102
"PDGFRB",-5.09163574315216
"ESPL1",-5.09363246926737
"ZC3H11B",-5.09437722017421
"LMBR1",-5.09467369584249
"ZNF79",-5.09609953861889
"CYCS",-5.0963465502953
"NUF2",-5.09679045718159
"SATB2",-5.09754738317632
"FCMR",-5.098847640603
"GNL2",-5.09941210206322
"THEM4",-5.09962964684316
"JDP2",-5.10135791001091
"GBGT1",-5.10181283497602
"HIP1R",-5.10311616530395
"AHCTF1P1",-5.10432293580012
"CCNJL",-5.10506930307776
"MIR22",-5.10776755544729
"FGD4",-5.1085117779426
"RBM23",-5.10889639832628
"PARP4",-5.10987685011776
"CRCP",-5.11134122606677
"ATAD1",-5.11255563222422
"LIG4",-5.11439172902946
"TTLL12",-5.11545189650474
"ABCF2",-5.11557372136585
"ZNF329",-5.11653857335745
"ZNF254",-5.11655463127344
"UFM1",-5.11896151618697
"LOC101928631",-5.122060729148
"ARFGEF1",-5.1223454338701
"PTGDR",-5.12321462560482
"KDM7A",-5.12469839412908
"PALB2",-5.12677664840788
"RALBP1",-5.12678813690103
"SNORD79",-5.12929792463521
"C3orf38",-5.13089400348353
"LOC105377359",-5.13203543235697
"OPHN1",-5.13215661819209
"NCBP1",-5.13330452630527
"SNN",-5.13335204807174
"DAAM1",-5.13369987603618
"LOC101927615",-5.13404659396462
"LOC105371887",-5.13577136116859
"GNPDA2",-5.13626197362871
"SMC2",-5.13802677168223
"ARHGEF37",-5.13901978935505
"SESTD1",-5.1416349247749
"LOC112268130",-5.14223584229768
"MOCOS",-5.14269422001848
"CD46",-5.14276647171481
"SNAP29",-5.14342337657008
"PCNA",-5.14352817633402
"LOC105377103",-5.1447472870617
"EXPH5",-5.1466831098586
"MAML1",-5.14694248144374
"ZNF845",-5.14697050386996
"GPATCH11",-5.14707346901619
"POLG",-5.14750646107175
"DIMT1",-5.14754945699191
"ARL5B",-5.14864685405193
"PHF6",-5.15074529837687
"BRMS1L",-5.15144092745993
"DR1",-5.15369788275949
"SNHG4",-5.15387590872053
"ZFX",-5.15473078368476
"KPNA3",-5.15551267697297
"GTF2H2C",-5.15686614608388
"TRNP",-5.15978305114741
"FBH1",-5.16033285747781
"FAM131C",-5.16079952468107
"MTMR7",-5.1611616018851
"ZNF81",-5.16171275900614
"SNRNP27",-5.16212959039618
"CORIN",-5.162239722544
"ITGAV",-5.16298103780114
"ASF1B",-5.16453547363885
"ATP11A",-5.16521575557555
"EXOC8",-5.16593171159218
"CRKL",-5.16749320088413
"MFSD9",-5.17049720634835
"ICE1",-5.17191797511455
"NAT1",-5.17421211899115
"PEDS1",-5.17429341310364
"KCNQ1OT1",-5.17642425105924
"TEX30",-5.17659898075007
"PI4K2B",-5.17683365521323
"JKAMP",-5.17706528697853
"CARMIL1",-5.17874495438566
"LOC101929614",-5.17882793511971
"FCAR",-5.18152696435222
"RHOQ-AS1",-5.1865013494486
"TSPYL4",-5.18765533612745
"SH3BGRL2",-5.18884284365197
"DPH2",-5.18938883237706
"MRPL33",-5.19145075244685
"SRP54",-5.19244940616212
"POM121L10P",-5.19262305448432
"PEX5",-5.19463966790966
"PWWP2A",-5.19637756769963
"COL25A1",-5.19838091716997
"METAP2",-5.20036982830438
"RRP15",-5.20234538839619
"LARGE1",-5.20507015658386
"C5orf15",-5.20552096348964
"PGK1",-5.20587690124768
"PABPC1",-5.2059944918635
"IDI1",-5.20667194244557
"GSE1",-5.2068787714943
"ADM",-5.20694771161466
"HES6",-5.2090457410559
"TTLL5",-5.20914689356219
"ZNF878",-5.20964728237005
"PDCD6IPP2",-5.21013647342885
"ZNF813",-5.21064211512437
"PHF2",-5.21323825650947
"AKAP1",-5.21366530655628
"LRGUK",-5.21596105985062
"STUM",-5.21654028768904
"FAM241A",-5.21864549745702
"CPNE4",-5.22002929901615
"UVRAG",-5.22065313133916
"TMTC2",-5.2228213625823
"ANKRD52",-5.22383846790627
"LOC107986298",-5.22441346222134
"PSMC3IP",-5.22799978115321
"LIN54",-5.22884271070342
"MYOM3-AS1",-5.22965623825338
"LOC102724072",-5.23009059341909
"TRIM24",-5.23331932208689
"HYCC2",-5.23483516594345
"UBFD1",-5.23600924764574
"ASB15",-5.23790937932538
"SLC1A5",-5.23818895661481
"PTGR3",-5.24015227962515
"RINT1",-5.24328951734882
"MED13L",-5.24374302764709
"CAV2",-5.24405522983393
"FRMD4A",-5.24469972072191
"LOC101928334",-5.24491097789119
"POR",-5.24492665609603
"SOGA1",-5.24700382821059
"SPOCK3",-5.24759731461316
"ZNF271P",-5.24773748888341
"GTF2H2",-5.24887425646216
"SNAI3",-5.25029336906837
"PDS5B",-5.25123179695083
"RCOR1",-5.25134851505805
"FRK",-5.25216018645868
"NTN1",-5.25310963912227
"C1QB",-5.25392714674003
"LOC399975",-5.25643710559985
"SRSF11",-5.2571342158887
"TMEM117",-5.25719632625796
"ENO1",-5.25913979467791
"CDC25C",-5.2635958020518
"DHX38",-5.26380010523802
"CYTH1",-5.26489749331387
"OXNAD1",-5.26693434913376
"FAM83G",-5.26826087990155
"ZNF530",-5.270152119153
"MYLK3",-5.27062756639347
"LOC101927521",-5.27301827524729
"IER3IP1",-5.27459907023919
"PCID2",-5.27497436644023
"OXR1",-5.27566476040778
"S1PR1",-5.2776167298428
"TMF1",-5.27832406186941
"RPS6KA3",-5.27895994977905
"ST7-AS1",-5.28014931768947
"KRCC1",-5.28347321304677
"CDC42SE2",-5.28407967965001
"CLINT1",-5.28668708262507
"BUB3",-5.28857147243424
"ZNF468",-5.28912410444964
"ITGB6",-5.28945452855244
"VBP1",-5.28948121159899
"TRNQ",-5.29359214465119
"MAP3K20-AS1",-5.29428330993147
"LRRC40",-5.29577447813251
"BNIP3",-5.29631792819758
"EIF2S2",-5.29707899289973
"BAG2",-5.29748250704407
"CISD2",-5.29833556051039
"POP1",-5.29883298654443
"IDH3A",-5.29962395356101
"CC2D1B",-5.30109094438372
"STON1-GTF2A1L",-5.30240851526127
"LINC02246",-5.3026300443787
"SIGLEC14",-5.30353067355183
"MIGA1",-5.30442281473773
"PCLAF",-5.30557219669334
"UBLCP1",-5.30724849764921
"E2F8",-5.30787370749297
"SPATA2",-5.30888041052644
"AACS",-5.31009797566454
"C5AR2",-5.3105280214957
"LRP10",-5.31107986678949
"KATNBL1",-5.31142310281518
"HAUS3",-5.31156056086719
"LYSET",-5.31164322661981
"LOC105371942",-5.3122272482522
"LOC105372310",-5.31258582154216
"FITM2",-5.31303602067265
"PICALM",-5.31653423590971
"BDP1",-5.31753094110688
"NOMO2",-5.31869652284348
"CENPV",-5.3206620799886
"FBXL3",-5.3218568407202
"KLHL15",-5.32269934683972
"NPAT",-5.32436584911182
"NGF-AS1",-5.32608896666978
"SPSB1",-5.32624136409503
"YTHDF3",-5.32689091468213
"LINC02177",-5.32792432209191
"LOC105369869",-5.33117316254131
"GMFB",-5.33139911175877
"SNX25",-5.33346267919698
"ARHGAP6",-5.33575288475803
"GALNT17",-5.33636508092766
"CD68",-5.3364438596295
"NASP",-5.33713120958291
"ASXL1",-5.33857564226026
"TEX10",-5.33926488326192
"QRICH1",-5.34031817191902
"MTMR6",-5.34400064957951
"FIGN",-5.34584885685831
"PSMD7",-5.34614748259818
"ALDH1L1",-5.3465054398652
"ABCF2-H2BK1",-5.34683582754175
"BNIP2",-5.34976433341865
"ACMSD",-5.34982532212564
"PCNP",-5.34994114349141
"FCGR2A",-5.35004058858552
"ABCA5",-5.35013923516711
"ITGA10",-5.35158011735271
"WASL",-5.352180065264
"DCTN5",-5.3526053648476
"GJC1",-5.352817590874
"PTH1R",-5.35320389149122
"CHD9",-5.35356294484901
"SMCR8",-5.35372745321323
"E2F3",-5.35769802491589
"MTFMT",-5.35897062564044
"DDN",-5.35909229644469
"ZNF281",-5.35942053977575
"UPF2",-5.35970731269351
"MYO1H",-5.36037771091504
"POFUT1",-5.36391592851628
"LINC02371",-5.37092847251733
"ZNF605",-5.37342643359886
"EEF1E1-BLOC1S5",-5.37570097423152
"HERC2P3",-5.37686026887345
"NOC3L",-5.37774060928792
"LINC02693",-5.37813954815595
"ZNF141",-5.37913842469239
"ANKRD9",-5.38113943871976
"C1R",-5.38145386363116
"PRDM2",-5.38184024155372
"VMP1",-5.38201505980347
"VPS54",-5.38236225017431
"HMOX1",-5.38417260711131
"MRE11",-5.3846457781619
"SLC35C1",-5.38596807149647
"WDR36",-5.38659543521827
"LINC01929",-5.3884503244332
"ARHGAP10",-5.38952793868506
"NEAT1",-5.39137165123598
"LETM1",-5.39202070724525
"CLOCK",-5.39565885414319
"SNX2",-5.39759917910229
"HYAL2",-5.39840971997043
"KPNB1",-5.39865184204913
"ADGRG2",-5.39870771821634
"SCP2",-5.39932780500246
"FAM199X",-5.40096175587434
"ZNF439",-5.40164736670976
"PHOSPHO2",-5.40249588987656
"HSDL2",-5.40588018335448
"TMEM181",-5.40622833432942
"DBT",-5.40763557056141
"EXOG",-5.41066528385538
"B4GAT1-DT",-5.41600273598245
"C1orf116",-5.41618516152284
"NCOA1",-5.41865284132355
"GOLPH3L",-5.42032911517125
"TECPR2",-5.42239807902192
"CHMP3",-5.42335109541895
"RALGAPA2",-5.42476834349993
"USP33",-5.42570468578182
"UTP4",-5.42591726753196
"HAUS1",-5.42764950371828
"CDC45",-5.42847650241505
"SH3BP4",-5.42859144814708
"MT1M",-5.43018452595926
"TRMU",-5.43293622101967
"LEMD3",-5.43309804866458
"TMTC3",-5.43660813686828
"RPS6KA2-IT1",-5.43695419055814
"ANLN",-5.43907223747474
"SCAND3",-5.43951833677084
"YES1",-5.44068877242029
"EXD2",-5.44467323401719
"POLR1C",-5.44544460228052
"PTX3",-5.45000122545045
"LOC107984913",-5.45052306455942
"AMDHD1",-5.45312902904995
"NAA40",-5.45501149052772
"ZXDC",-5.45504353226754
"CCNT2-AS1",-5.45668294257765
"PACSIN1",-5.45679290386312
"MSANTD4",-5.45728012528373
"TMEM127",-5.45945075291025
"LOC102724200",-5.46130382502091
"CEACAM19",-5.46131508032301
"SACM1L",-5.46144937394643
"LINC00482",-5.46182773871984
"TRMT12",-5.46222496204454
"ZNF585A",-5.46340177250484
"HPR",-5.46645112678292
"FBXO28",-5.46780466878521
"VGLL3",-5.46885573978789
"TRAPPC10",-5.47113324822707
"HEATR5B",-5.47183321183894
"RAB4A",-5.47328429380421
"LAMC2",-5.4796212438902
"SLC17A9",-5.48124881158874
"NPEPPS",-5.48134946011668
"TMEM30A",-5.48172994273229
"HSDL2-AS1",-5.48481566398544
"CENPE",-5.48572203443374
"ING2",-5.48575647561269
"ZFYVE9",-5.48610846989038
"ZNF765-ZNF761",-5.48673974196869
"HVCN1",-5.4873960177977
"PLTP",-5.48973311288386
"RBPJ",-5.49023062079005
"DNAJC14",-5.49265583661566
"C5orf24",-5.49366646785636
"IREB2",-5.49393939588592
"ZNF134",-5.49462111691105
"KBTBD6",-5.49550777851391
"SULF2",-5.49760175542826
"EMP1",-5.49778121663956
"HMGXB3",-5.49859122177272
"ZNF189",-5.49867524159763
"POLN",-5.4993872122937
"B3GNT7",-5.50218137886757
"SEMA3F",-5.50227786676675
"KDM4B",-5.50233616962437
"HP",-5.50283863881777
"IRAK1BP1",-5.50378038674085
"ELOVL1",-5.50566818641796
"TEAD4",-5.50612702240669
"PLXNA2",-5.50734673919322
"USP45",-5.50813477582375
"ANKRD11",-5.50906552375918
"LINC00312",-5.51031731401517
"HNRNPH2",-5.51121452145857
"MEMO1",-5.51440286023816
"YWHAZ",-5.5149745725471
"ABCB10",-5.51593573065785
"JARID2",-5.51653844226992
"FGFRL1",-5.51714859737554
"LGALS8",-5.51714921857496
"KLHDC10",-5.51808175621033
"MKKS",-5.51882813744339
"FHIP2A",-5.51961974821732
"SMPD4",-5.51995070290583
"SCARB2",-5.52056862951923
"TGFA",-5.52063034596624
"LNPK",-5.52363519715841
"KCTD20",-5.52394235386324
"ATG16L1",-5.527210239852
"ME2",-5.52784686221231
"NMD3",-5.52800454628008
"C10orf88",-5.5292966262034
"VEPH1",-5.52973392866046
"LOC105370728",-5.53112556768898
"MYD88",-5.53140885012107
"SMIM12",-5.53166755783624
"TXNDC15",-5.53796944220264
"CCDC25",-5.53870608196942
"MCCC2",-5.53999229697591
"QRFPR",-5.54178238440824
"CHIC2",-5.54218721910645
"LOC107985993",-5.54402767236013
"B4GALT1",-5.54911773725658
"LOC101928126",-5.55087476728375
"SLC25A32",-5.55172534545004
"EIF3A",-5.55310221986548
"SENP3",-5.5531913265416
"KANSL2",-5.55370311587322
"EVI2A",-5.55634872509668
"PWP1",-5.55762407272157
"AREL1",-5.55856056368521
"SETD3",-5.56003149066937
"TBC1D14",-5.56012481800542
"STK3",-5.56415739680134
"TNS1",-5.56439744892788
"PTRH2",-5.56588908925539
"FBXO5",-5.56824596308891
"PTPN1",-5.56898387822112
"TTF1",-5.57016642515422
"MTFP1",-5.57331822977323
"RBMXL1",-5.57478811761018
"RB1CC1",-5.57544670512535
"YY1AP1",-5.5756130401746
"COMMD3-BMI1",-5.57612546832331
"CERK",-5.57840183586576
"TMEM126B",-5.57953455153536
"C19orf47",-5.58073201004133
"PGGT1B",-5.58217655350679
"ACTR1A",-5.58219316421919
"SNORD96A",-5.58298401602955
"ANGPTL4",-5.58672389061308
"AKR1C3",-5.59115914066624
"TDG",-5.5930406735118
"HIF1A-AS2",-5.59508565225731
"DYRK3",-5.59509111486163
"BCR",-5.59638466983571
"PLAA",-5.59793291580654
"PRKAG1",-5.59826302266565
"AP5B1",-5.59922664052867
"LSM8",-5.60107321780658
"ARHGAP5",-5.60436475267421
"ARL6IP1",-5.60544059925506
"RGP1",-5.60825553604289
"STON1",-5.61370381880081
"DLG3",-5.61601351948594
"NCK1",-5.61735075754728
"HAPLN2",-5.61750963222473
"PABPC4",-5.61786027805251
"SCYL3",-5.61786352535513
"FAM135A",-5.6195469840507
"FASTKD3",-5.62126950158421
"CEP85L",-5.62340412599411
"UBP1",-5.62536022390306
"SNX3",-5.62773667869277
"TTK",-5.6302984727892
"ELF4",-5.63410774731942
"GIT2",-5.63664995117103
"SMC2-DT",-5.63667125677488
"LOC105378230",-5.63769616727561
"WARS1",-5.6385281919445
"FUNDC2",-5.63882364005774
"POLR3G",-5.63981281781635
"YWHAB",-5.64098685656919
"MYC",-5.64308542972034
"SOCS6",-5.64464306121236
"SGMS1",-5.64750770509007
"ZRANB1",-5.64892947758571
"BBS7",-5.65141077671602
"MYO5A",-5.65198464309984
"BORA",-5.65253062614839
"CDH13",-5.65457558231051
"CEP63",-5.6551338577212
"WDR43",-5.65556136208135
"TRAM1",-5.65594142157469
"IL27RA",-5.65842708349731
"SHROOM4",-5.66005010068786
"DPP4",-5.66208150279587
"NOL6",-5.66265382593836
"ADRB1",-5.66357248995139
"DIRAS1",-5.66435639135329
"C7orf31",-5.66504565624847
"RNF103-CHMP3",-5.66992744922576
"USP16",-5.67160906169034
"ELOVL2",-5.67484391088985
"ZDHHC5",-5.67552673280716
"TOP1",-5.67725761592661
"YME1L1",-5.67829492412577
"MAT2A",-5.68152466398366
"KIAA1143",-5.68390890042678
"ARNT",-5.68637381738456
"LGR5",-5.68817123705321
"CCDC184",-5.68863051128305
"CHCHD4",-5.68973884034548
"PAFAH1B1",-5.69374080381872
"RBL2",-5.69441481188518
"TIAL1",-5.69701209037429
"CALM1",-5.69810107412905
"KPNA1",-5.70271432359904
"LOC105374257",-5.70312518623966
"LMAN1",-5.70364201851904
"NPTN",-5.70449265878995
"ADAM17",-5.70488874610769
"OSER1",-5.70677509098621
"CA2",-5.70683107029715
"GTPBP1",-5.71074501429275
"E2F6",-5.71368870826074
"BCAP29",-5.7140248932138
"IRAK1",-5.7140753801747
"F11R",-5.71473703075425
"MSANTD3-TMEFF1",-5.71649138282877
"ADGRG6",-5.71677258375323
"KCNQ3",-5.71790764882836
"SHLD2P3",-5.71964166408456
"COL6A3",-5.72175500347003
"KLHL8",-5.72234571281734
"AHNAK",-5.72343109293386
"GPATCH2",-5.72804455452755
"NCOA6",-5.72841559642777
"PRKX",-5.72933701786525
"YTHDC2",-5.73026514721554
"FTSJ1",-5.73061519390724
"PLEKHF2",-5.73248781127821
"SLC38A9",-5.73406138834765
"S100A8",-5.73424236879737
"SBF2-AS1",-5.73545468134262
"UBE2V2",-5.73642080511959
"MAP2K6",-5.73662506707157
"LINC00562",-5.73927619993531
"ZGRF1",-5.74417062648592
"TOP2A",-5.74482539104558
"SLC44A1",-5.74714109607079
"DENND11",-5.7504584672983
"LRRC8B",-5.75082180700947
"HMMR",-5.75083396078151
"MMP24-AS1-EDEM2",-5.75383133974442
"MET",-5.75386505983606
"STK26",-5.7553609888586
"SESN1",-5.75848640852103
"RNF169",-5.75945695997771
"CDK5RAP2",-5.75975982234801
"NCAPH",-5.76061421275593
"LINC01554",-5.76574126878422
"CPLX3",-5.77000334176992
"NAE1",-5.7712478615046
"CEP76",-5.77528263970566
"APCDD1",-5.77534209660022
"ZNF622",-5.77622169011857
"FYTTD1",-5.77795569878257
"TRHDE",-5.77800794939007
"EIF4E",-5.77862179841961
"KLF11",-5.78390377098937
"MAGT1",-5.78398036170855
"SLC25A34",-5.7840023577764
"KCNJ8",-5.78599575644644
"DCAF1",-5.78726282446614
"CAST",-5.7892958988912
"LRP12",-5.78932091350385
"CCDC85C",-5.79125238581314
"CLIP4",-5.79307303368769
"CHURC1",-5.79414893827488
"RNF152",-5.79583877055871
"PRELID2",-5.79784311314956
"CAPZA2",-5.79825015293827
"PPFIA2",-5.79888909216794
"AQP7B",-5.79939124355262
"LOC107986065",-5.80111369447049
"NUP205",-5.80215942087909
"HAVCR2",-5.80274111514132
"CCT5",-5.80448696163506
"INTS6",-5.80650242484308
"CXCR5",-5.80770262625999
"ARHGAP29",-5.81212982971537
"PCNX1",-5.81314433513031
"RESF1",-5.81554866446673
"CHGB",-5.81556136531405
"ADGRF4",-5.81673563044195
"SSH2",-5.82214294664626
"ZNF518B",-5.82521970392661
"IFNLR1",-5.82795833918709
"LARP4",-5.82997352358955
"SCN5A",-5.83186584076475
"CYRIB",-5.83222138907471
"NSF",-5.83295099317187
"SLC18A2",-5.83339319574122
"SOCS4",-5.83398698938528
"ADAM15",-5.8355468625714
"DCP1A",-5.83559850902172
"NCOA7",-5.83610955484362
"FAM222A",-5.83681364443191
"MGME1",-5.83741114980974
"RAB3GAP2",-5.84043456143686
"MANSC1",-5.84522028867957
"STC2",-5.84669108128623
"KNTC1",-5.84679415322124
"SLC30A4",-5.84712521568941
"UNK",-5.84757343574837
"HPGD",-5.84859258184931
"PHACTR4",-5.85084227189992
"PUS3",-5.85231369525321
"PPP1R3D",-5.85259876412605
"GBF1",-5.85405643968037
"SPOP",-5.85415375293051
"LYRM2",-5.85468019672922
"FAM111B",-5.85486962396658
"NADK",-5.85490437128576
"SGMS2",-5.85803695767688
"MIR3147HG",-5.85947280374795
"SIGLEC11",-5.85949170197286
"TOPBP1",-5.86391928967521
"EGF",-5.86480394224463
"HERC3",-5.8663303687523
"YEATS4",-5.86996548235858
"MYO16",-5.87337625542405
"EHF",-5.87338996761432
"KIF1C",-5.87467228795397
"ANAPC7",-5.87666984247234
"MIR17HG",-5.87904998510013
"BCL11A",-5.87967712886377
"MMUT",-5.881170059498
"LOC112268058",-5.88254242956294
"MYSM1",-5.88283602748643
"NEK10",-5.88414278430827
"PRDM11",-5.88578162286423
"TSPAN1",-5.88620318835972
"KLHL21",-5.88760279997946
"MBNL2",-5.88873936370219
"PRIM1",-5.88969532616796
"SOS2",-5.89146890868868
"LOC105375097",-5.89269476555493
"SERINC1",-5.89351026862395
"ZBED4",-5.89359434405709
"HERC2",-5.89366545748643
"RWDD4",-5.89470249517136
"GPHN",-5.89515445354966
"LOC105376322",-5.89716869682974
"CLTC",-5.89796809618927
"LOC101928228",-5.89874439325551
"TSLP",-5.89892204808309
"LOC101928051",-5.90173540737812
"EPHB6",-5.90439766986094
"LY75-CD302",-5.90455734520992
"KIAA2026",-5.90561306808076
"TLR8",-5.90945328431718
"TAPT1",-5.91018018973727
"SNORD76",-5.91019006360653
"KIF21A",-5.91257573746333
"FMNL2",-5.9133247799238
"TMOD3",-5.91508716733358
"GNA12",-5.91613584055255
"LOC107984079",-5.91621406051429
"EIF1AX",-5.91866351654595
"CCNC",-5.91961250518536
"TSKU",-5.92123482369851
"ATG4A",-5.92135646867456
"RHOU",-5.92358006826674
"AP1AR",-5.92362397569727
"PLPP1",-5.92602137564011
"FAF1",-5.9273973960643
"MEFV",-5.92748432278493
"PTTG1IP",-5.92757470632138
"C1orf162",-5.92791552608337
"ATL3",-5.9285396786143
"BARD1",-5.93133262832322
"LOC105373312",-5.9317317537928
"LOC107984510",-5.93210696552859
"POLE",-5.93636303187174
"RASSF2",-5.93663870861804
"ERG",-5.93933632293478
"CFAP418",-5.93972226049
"TRNL1",-5.94006191393757
"TMEM39A",-5.9401031909865
"F5",-5.94091970262218
"LOC101928387",-5.94263400821432
"LACTB2",-5.94375904771792
"TM4SF18",-5.94443479216773
"NOS1AP",-5.94498204197286
"CTSC",-5.94944795385438
"NKX3-1",-5.95037879778981
"PLIN5",-5.950413961074
"MAFB",-5.95060520332278
"PABIR1",-5.95072424237763
"GTF3C2",-5.95077772988869
"GIMAP6",-5.95182666645857
"TTN",-5.95223501773575
"RALGAPB",-5.95321555620649
"PRKCI",-5.95472708648478
"HTATSF1P2",-5.9557163603384
"TRNK",-5.95765882283435
"YKT6",-5.9581854390432
"SLC38A4",-5.95887326658586
"PIGC",-5.95915919595161
"ESCO1",-5.96114356539906
"ZSWIM6",-5.9643967521769
"TMBIM1",-5.96599045713034
"PHAX",-5.96651953161081
"GORASP1",-5.9675292413728
"PAK1IP1",-5.96813657786839
"TWF1",-5.96915512284211
"ZC3H15",-5.97111889705867
"GPR34",-5.97183881270886
"TMEM167A",-5.97189577955736
"ATG12",-5.9725490802601
"DENND4A",-5.97345625019856
"TNFSF13",-5.97398711370638
"RAD21",-5.97503356761514
"CD180",-5.97566869201394
"UBE2T",-5.97625506408123
"LOC105375634",-5.97708008687493
"STAG3",-5.9773849954933
"CYP17A1",-5.97799467180392
"LYRM4-AS1",-5.97877296420832
"TNFAIP8L3",-5.98533616818821
"TMEM151B",-5.98556306325731
"SYPL1",-5.98565855536947
"MAPKAPK5",-5.98833755186471
"API5",-5.98876062650465
"LOC105377700",-5.99107411529905
"ZNF131",-5.99121751055375
"DCAF5",-5.99220559593836
"ZBTB11",-5.99751618850177
"LYRM1",-5.99780145297924
"MTMR2",-5.99909618268382
"CHMP7",-5.99952851113176
"RAB8B",-5.99954404158297
"MAP3K13",-6.00551476677336
"FBXO22",-6.00555291425543
"PTCH1",-6.00813802483446
"CD302",-6.00889299931036
"EEF1E1",-6.00955078683032
"DHX33",-6.01016115404031
"CIBAR1",-6.0132969431662
"GNE",-6.01372012969291
"UBE2N",-6.01458228162106
"KCTD3",-6.01589198499223
"PSMD8",-6.02174628709836
"PTS",-6.02450811377043
"C18orf25",-6.0256746142476
"ATP8B1-AS1",-6.02745597449778
"ADAM11",-6.02964080372725
"FAM131A",-6.03038873182134
"FEM1C",-6.03043432721217
"DEDD",-6.03115474517955
"RAB5A",-6.03197651128689
"CBLL1",-6.03741036052106
"TK1",-6.03752520599122
"MAP2K4",-6.04005031821392
"ADGRA3",-6.04136760628694
"BANK1",-6.04191593154366
"AFF2",-6.04200574083807
"IMPA1",-6.044960883011
"UBE3C",-6.04686780001698
"GRPEL1",-6.05003209146581
"MAP3K9",-6.05086566868521
"NAA30",-6.05177891434954
"PEX13",-6.0554756432894
"ACER3",-6.05639471855631
"JMJD6",-6.05649816055417
"VPS37A",-6.05766825976392
"VTI1B",-6.05780042268583
"MMD",-6.05912365682727
"TMEM69",-6.0594231855575
"SLC25A36",-6.06293888182005
"MAPK1",-6.06467689404996
"BRWD3",-6.06518786183057
"MIR30DHG",-6.06881347695337
"ZSCAN5A",-6.06937127972881
"PIK3AP1",-6.07054973541867
"RPN2",-6.0706112209332
"SELENOS",-6.07090001148944
"DHX35",-6.07115309164887
"AP4E1",-6.0725583845701
"FOXO1",-6.07264919753134
"G6PD",-6.07273371366405
"SSR1",-6.07346200522854
"PIP4P2",-6.07467053254295
"TPMT",-6.07629670840924
"LRIG1",-6.07779457915756
"ZNF284",-6.07788828421897
"PARD6B",-6.07849860466178
"LOC100506606",-6.080174645557
"SNORD49B",-6.08030225293831
"LOC105371017",-6.08312637895881
"PAPOLA",-6.08439258390031
"TKT",-6.08459259081467
"SLC37A4",-6.08497260744624
"CDK2AP1",-6.08586274873049
"LOC107985360",-6.09067876334808
"NRIP1",-6.09086782090459
"ITSN1",-6.09428887119492
"ITPKC",-6.09508918186059
"GASAL1",-6.0955701301792
"SCML1",-6.09722670041219
"ZFYVE28",-6.09758594496624
"TRAPPC8",-6.09811557049845
"SPATA9",-6.10261868463107
"LOC105369725",-6.10807083403179
"UBXN2B",-6.10894924589247
"UBE4B",-6.11305305322557
"WAC",-6.11449688694103
"PSMD11",-6.11934908214091
"RXYLT1",-6.12006348131137
"LOC105374444",-6.1224630657108
"PYURF",-6.12523957727192
"PIGY",-6.12557349844263
"CEBPZ",-6.12641080333008
"ANKRD40",-6.12693564774003
"WAPL",-6.12947501958026
"GLRX2",-6.13031426207765
"RSPH4A",-6.130862700994
"RRM2B",-6.13429492806416
"POLR1B",-6.1350482278171
"CCNYL1",-6.13640362240877
"PRPF4B",-6.13651437315066
"PPP1R1A",-6.13705461449998
"AGO2",-6.13832232883462
"OTUD6B-AS1",-6.13932246798554
"ZNF655",-6.14074143120787
"PNPT1",-6.14074317074308
"PCK2",-6.14559390384021
"C5AR1",-6.14988882193339
"FSIP1",-6.15077575758959
"PRKAA1",-6.15133646860654
"MFAP3",-6.1519409856114
"ZNF440",-6.15214115927056
"MGAT4A",-6.15257937068954
"SSTR5",-6.15685990641856
"TXNDC12",-6.16121146742209
"FOXO3",-6.1627917278158
"NUP35",-6.165364433352
"MIA3",-6.16594532007679
"ARL8B",-6.17115057407828
"EDEM1",-6.17655095831847
"PLD1",-6.17709549325226
"UBR3",-6.1776856330251
"SIKE1",-6.17783381912073
"ZNF367",-6.18107752288146
"ADSS2",-6.18238319343543
"STXBP3",-6.18301238772578
"MATCAP2",-6.1832545942014
"DUS4L-BCAP29",-6.18326058918361
"CDKN3",-6.18346636136754
"MICU2",-6.18387282672534
"DENND4C",-6.18618104990342
"RAPH1",-6.18772192337059
"ZBTB43",-6.19070891210266
"LOC105376156",-6.1912241750201
"SPCS2",-6.19127981805203
"TBC1D2",-6.19280619619387
"PDCD2",-6.19331048504293
"FOSL1",-6.19377982205212
"APOD",-6.1940248250249
"CYB5B",-6.19585364247878
"UBE2V1",-6.19713942672699
"PRKCD",-6.1986644735066
"MID1IP1-AS1",-6.20055167394546
"FBXL19-AS1",-6.20077151257636
"SOCS3",-6.20100440166348
"STXBP4",-6.20169648603596
"NUP133",-6.20245272583896
"GALNT6",-6.20602636480355
"LMAN1L",-6.21134557493331
"TMEM123",-6.21280125483094
"LIFR",-6.21501921987817
"ZNF761",-6.21551966710348
"LRRC10B",-6.21639517809725
"HSPA12A",-6.21761454269091
"PDS5A",-6.21930506939209
"INTS8",-6.22006264237431
"KCNA7",-6.22050486433613
"SIGLEC16",-6.22057564493445
"LOC112268155",-6.22184083956623
"ANK3",-6.22244574638538
"EPS15",-6.22436908960749
"IGF2R",-6.22595160659939
"ADA",-6.22666111757756
"MARCHF1",-6.22831930964366
"PDK4",-6.23082861869822
"C11orf58",-6.23109333582392
"DTD2",-6.23413291303817
"COL4A1",-6.23572914378656
"CSPP1",-6.23729209378447
"SEPTIN10",-6.23950170460022
"SYNE3",-6.23959488389026
"HBS1L",-6.24273893959904
"FAM133DP",-6.2461105188451
"SRCAP",-6.24750544559015
"C3AR1",-6.25021549393729
"KCTD12",-6.2504500680016
"GUCY1B1",-6.25198521983596
"LOC105378638",-6.25205452093535
"TM9SF3",-6.25414489979985
"ZBTB44",-6.25649467122159
"TUBA1C",-6.2617060466137
"DRAM1",-6.26392735819594
"KANK2",-6.26421519872942
"TXNDC9",-6.2647884748774
"SMAD4",-6.26528939625004
"TMEM184C",-6.26952959471941
"KTN1",-6.27065524857871
"EIF5AL1",-6.27214844918153
"MOCS2",-6.27748565608175
"EIF3M",-6.27815937152593
"UBE2D2",-6.27860685152089
"LOC107986363",-6.28102818088918
"FHIP1A",-6.28303815916979
"LOC101929432",-6.28413341174937
"RPS6KA5",-6.28464044336999
"RAB5B",-6.28484906728373
"BRD4",-6.28868177982529
"IGSF11",-6.28904540316933
"SLC25A21",-6.28954748798274
"LANCL3",-6.29076155291809
"LOC105377485",-6.29139303602657
"BTNL9",-6.29152641049396
"NOD2",-6.29211985363415
"LRATD1",-6.2937529104766
"GUCY2D",-6.2937773409805
"AZI2",-6.29636516232882
"BCL9L",-6.29742257742078
"NACC2",-6.29874061038059
"SLC30A6",-6.29927559530576
"EVI2B",-6.30035013385379
"EVA1C",-6.30616527625211
"OCIAD2",-6.30852890278672
"URB2",-6.31023598756482
"TBK1",-6.31390578726632
"LGR4",-6.31505344737647
"LRP8",-6.31609914991653
"COA6",-6.31671314444752
"CEP350",-6.31778374202224
"KRR1",-6.31802842576726
"GGCT",-6.31806168505127
"ASS1",-6.32069748979606
"CGGBP1",-6.32074199216006
"FAM20B",-6.32074479923371
"CTDSP2",-6.32084563641389
"WDR19",-6.3231656422136
"POLE2",-6.32330012343639
"BTF3L4",-6.32570366428219
"LOC101926956",-6.32610957485578
"ZNF112",-6.32788260042822
"ADGRL2",-6.32921682071256
"SELENOT",-6.33101107793605
"AP3B1",-6.33113600395432
"FNTA",-6.33179938091237
"SMC1A",-6.33463662945003
"RSPRY1",-6.33517469148192
"ABHD13",-6.33550158800835
"PRKAG2",-6.34312115454527
"CHD1",-6.34317991621727
"LOC105370740",-6.34394951700665
"THSD4-AS2",-6.3449379559211
"OSTF1",-6.34528506740379
"RAPGEFL1",-6.34566550818483
"LRRC32",-6.34580463653279
"NUP160",-6.34664305134144
"ARMC1",-6.34913977832853
"SLC25A15",-6.35183365145647
"KAT6B",-6.35747159768979
"TSPYL2",-6.35860134186044
"PLA2G5",-6.35927079023756
"FLVCR2",-6.35967521272478
"EAF2",-6.36023881818332
"PTAFR",-6.36100661945984
"NOL11",-6.36125455141019
"POLR2D",-6.36174897478355
"ZNF197-AS1",-6.36201032103104
"RHBDF2",-6.36285573784559
"PPP1R3B",-6.36674948259134
"USP25",-6.36989918423299
"SYNJ2BP",-6.36995234699937
"UBE4A",-6.37360259185834
"GRIP1",-6.376843759157
"EFL1",-6.37694096485646
"ZC3H12C",-6.37835571800214
"CYFIP1",-6.37893616212227
"VAMP7",-6.3820243204365
"CENPO",-6.38203142917769
"ZNF639",-6.38224229416824
"FMO2",-6.38518649131779
"CRK",-6.38730552826096
"ARFGEF2",-6.38822579303631
"XIAP",-6.38846977124505
"MSH6",-6.38848439497718
"POLR1A",-6.39043562836985
"TM9SF2",-6.39115070358383
"MALT1",-6.39269557709025
"SNORA17A",-6.39294805765856
"UBASH3B",-6.39372014539744
"CAPZA1",-6.39441331688497
"RALB",-6.39592180864547
"MBTPS2",-6.3960355807952
"CLDND1",-6.39740199752672
"LOC105372061",-6.4003227438346
"LOC102723313",-6.4013100860461
"LOC101928841",-6.40653718766272
"ABALON",-6.40714497288618
"PALS1",-6.40889292880334
"EDEM3",-6.41098955557856
"GUCY1A2",-6.41186955262095
"LOC101928168",-6.41271293330138
"ADO",-6.4130473427418
"RNF149",-6.41560590131524
"ARCN1",-6.41634647380089
"ZFHX3",-6.42040070836474
"GMNN",-6.42085770240405
"TRIM16",-6.42150750007664
"TIMM17A",-6.4216552027094
"LOC102725180",-6.42250529164451
"RTRAF",-6.42261290474417
"CEACAM16-AS1",-6.42542673712285
"FEM1A",-6.4257730998293
"LBR",-6.42626146622278
"PLEKHB2",-6.42737038480689
"SPATA21",-6.42796843100962
"NR2C2",-6.4286923756547
"MAP3K20",-6.42939810768276
"MIR600HG",-6.43507877739016
"RNF145",-6.43515590505163
"YOD1",-6.43762402561783
"RAET1E",-6.43911233418417
"ZNF609",-6.43962963353931
"EDEM2",-6.44365462373151
"BEAN1",-6.4473017159052
"SPATA13",-6.45009339576013
"LOC105374407",-6.45017457504349
"UHMK1",-6.45599156487328
"SPCS3",-6.45827657090478
"LINC01750",-6.45883704802742
"CHSY1",-6.46023973850639
"OTUD7A",-6.46080482582158
"ACR",-6.46143687267411
"SLC25A34-AS1",-6.47088158150331
"FREM2",-6.47158713018641
"SMARCD2",-6.47537891566043
"MITF",-6.47787730982027
"STAU2",-6.47920703653029
"RPS6KB1",-6.48000789623213
"PIR",-6.48105984892954
"RMI1",-6.48218436458695
"CENPK",-6.482191448721
"LRATD2",-6.48316301029867
"CD2AP",-6.48629165758852
"CRACR2A",-6.48949860754895
"LOC105377374",-6.48993803614653
"GNA13",-6.49070030407836
"APOOL",-6.49355508618719
"DCLK1",-6.49712364496859
"PRORP",-6.49743093487049
"CACNA2D4",-6.49930759697504
"MRRF",-6.50038617181206
"ZDHHC12-DT",-6.50048505307971
"AMER1",-6.50062565508
"ARL6IP5",-6.5006282207027
"SLC35F5",-6.50351965975453
"SERAC1",-6.50411148090666
"SNX6",-6.50448831111164
"LYPLA1",-6.50452033913578
"ATL2",-6.50579021404619
"ELAVL3",-6.50664038768258
"LOC105372141",-6.50888494601921
"EPN3",-6.50983006389441
"FOXK2",-6.510011894263
"DIS3",-6.51171828368235
"SKAP2",-6.51466662027753
"MT1A",-6.51609993159831
"LOC105373000",-6.51669907111418
"TGFBRAP1",-6.52067122132047
"WDR26",-6.52407559152847
"PGM2L1",-6.52432982347735
"ALAD",-6.5274608872903
"FANCC",-6.53010185868323
"NOP2",-6.53048254009337
"MRS2",-6.5319804623732
"NRAS",-6.53432667542372
"ZNF57",-6.53500816557493
"ITGAM",-6.5364849537478
"RSRC1",-6.5371489425704
"ADGRD1-AS1",-6.54275283914956
"SNX4",-6.54292323958624
"PEDS1-UBE2V1",-6.54495966058816
"HS3ST1",-6.54507833043885
"TFB2M",-6.54624717620802
"WDR7",-6.54649114395221
"TPPP",-6.54766267554499
"NUDCD1",-6.54787566875286
"PDCD11",-6.55101459336996
"SLCO5A1",-6.55160465932564
"RAB27A",-6.55812587789867
"IGSF21",-6.55854034065874
"DPP8",-6.56082999194638
"ZNF749",-6.56227865213841
"UST",-6.56310964945856
"MMP11",-6.56384926589167
"ADAMTS1",-6.56486329136732
"ITGB1",-6.56714294660647
"NDUFA5",-6.5704845659678
"C1orf21",-6.57096508342338
"NT5DC3",-6.57108208678919
"HAT1",-6.5725013886481
"BMS1P20",-6.57285267874483
"PDCD6IP",-6.57432697132347
"CNBP",-6.57580331151764
"GLO1",-6.57599556592096
"NUDT12",-6.57843854441728
"CD36",-6.58141686745061
"ALDH1L1-AS2",-6.5831548644924
"GTF3A",-6.58440009458626
"NRCAM",-6.58451214540772
"MRPL42",-6.58573603153087
"SLC35D2",-6.58914920079385
"AZGP1",-6.5894734222606
"EFHC2",-6.58983465706087
"TMEM59",-6.59052270618779
"LOC105372308",-6.5911584601383
"EML1",-6.59161363878241
"RAP1GAP2",-6.59207770692383
"HEATR1",-6.59338542662302
"CHMP1B",-6.59570629093975
"CMPK1",-6.59739232762284
"GNPNAT1",-6.597976309929
"CAPN1-AS1",-6.60361874505469
"TM2D3",-6.60406050959604
"CARD8-AS1",-6.60713079317795
"EIF4E2",-6.61064567613424
"LOC107985474",-6.61068717568185
"LSM6",-6.61393894968483
"ZNF267",-6.61672033746796
"FBXL4",-6.61811965592804
"LRRC28",-6.62082121935865
"SYNCRIP",-6.62145804678601
"CDC123",-6.62251555018033
"GIN1",-6.62401617814978
"RDX",-6.62413836460343
"NFATC2IP",-6.62574345530034
"ALKBH1",-6.62581943196349
"SMARCA1",-6.62619452240375
"ZNF584",-6.62661351203938
"SC5D",-6.63108151791835
"ITSN2",-6.63382490661047
"MAP1B",-6.63761340821077
"POPDC3",-6.6378074227644
"CCNY",-6.64102260188872
"IL17RB",-6.64279106232471
"ATF7-NPFF",-6.64325530940265
"LNX1",-6.64789868382991
"GMPS",-6.64844809358398
"DHCR7",-6.64983382596576
"KRT7",-6.6501368852122
"KPNA6",-6.65061824484148
"RFESD",-6.65227804621195
"MANEA-DT",-6.65430855009997
"CLPX",-6.65460387035816
"ERO1A",-6.65976392126298
"STAMBP",-6.66510015354454
"CYB5R4",-6.66726565800758
"LOC105378150",-6.66823484687306
"FXR2",-6.66876108014025
"ELOVL7",-6.66909867181119
"FANCB",-6.66934046045062
"VAMP4",-6.66935073380833
"GPR17",-6.67002159577791
"BVES-AS1",-6.67228375844184
"TOPORS",-6.67407347409941
"NDC1",-6.67749870000528
"LAMP2",-6.678076524688
"OTUD7B",-6.67824668955173
"DIAPH2",-6.67960049259875
"LOC105377982",-6.6809544733946
"FAM221A",-6.6810007645107
"UBE2Q1",-6.68116751753081
"ABCE1",-6.68547544196307
"LARP6",-6.68747400594407
"UBE2E3",-6.69013385860638
"AVL9",-6.6966560513523
"TNFRSF10B",-6.69934859976514
"ABCC4",-6.70386186404762
"POLQ",-6.70397735030653
"SRL",-6.70526056180263
"TRIAP1",-6.70618178348812
"TVP23B",-6.70764288138183
"MOSMO",-6.71300673338773
"PKHD1L1",-6.71363259664926
"ZDHHC20",-6.71463887876111
"DDX20",-6.71483943307352
"CBFB",-6.71601210383416
"CLGN",-6.71615306760019
"CECR2",-6.71846651375603
"LZTS1",-6.72020629254431
"SPATA25",-6.72179072300304
"KLHL36",-6.72215981703103
"PTPN5",-6.72362275068436
"INCENP",-6.72639443414802
"TTLL6",-6.72919987627865
"TMEM161B",-6.73008824875346
"CLP1",-6.73172637678525
"METTL21A",-6.73463398900832
"PRPF40A",-6.73841387669878
"SUSD4",-6.73889574232511
"PLEKHA1",-6.74024364865572
"LOC105376972",-6.74199380520094
"PANK2",-6.74212024954325
"ADRB2",-6.74268331632467
"ZNF146",-6.74292049573707
"LOC102723701",-6.74491577755228
"ZNF816-ZNF321P",-6.75082608502592
"WTAP",-6.75139202858121
"SOS1",-6.75198748850414
"NIP7",-6.75495712087981
"SMAP1",-6.7555622423969
"RP2",-6.75677926335709
"CAP1",-6.7582053414432
"LINC00667",-6.76157165218749
"SNORD65",-6.76254024446247
"XBP1",-6.76918471530198
"PRICKLE3",-6.77080173590829
"RBFOX1",-6.77181745072635
"SIPA1L2",-6.77725439050756
"KIAA0232",-6.77822821973443
"CMSS1",-6.77842996720854
"COQ10A",-6.77913066954366
"OSTM1",-6.78298557774569
"UBAP1",-6.78758159905065
"ZYG11B",-6.78769616023765
"KYAT1",-6.78982463755824
"LOC105379282",-6.79307018963261
"EIF4A1",-6.79315823751825
"ECE1",-6.79357449140597
"ITPKA",-6.79445764882259
"WDR55",-6.79457776340574
"LINC01985",-6.79812714377661
"TMEM40",-6.80040830935627
"HAUS2",-6.80265680479528
"GALK2",-6.80850929273707
"SEC23B",-6.80913392555771
"NCKAP1L",-6.81067161882275
"FLT3",-6.81104847844809
"CD55",-6.81187619495509
"TMEM230",-6.8166779884644
"MFN1",-6.818933056141
"LINC00540",-6.82281384107146
"CTSB",-6.82417348190138
"RNF6",-6.82476166732895
"ANKHD1",-6.82609820656177
"POPDC2",-6.82785966747608
"SLC7A6OS",-6.82831409796367
"ABRAXAS2",-6.82841065051235
"CDC37L1",-6.83009296002448
"UBIAD1",-6.83152239476483
"GRB2",-6.83237142795089
"TBXAS1",-6.83259161731275
"ZNF195",-6.83419116306407
"ZC3H14",-6.83452077330189
"FGD2",-6.83505283846544
"DOP1B",-6.83591859926477
"TRMT6",-6.83679150807215
"DNAJB9",-6.83895862623983
"MCTP1",-6.84056801208082
"CASTOR2",-6.84457622462562
"SPDYA",-6.84570917654137
"TAF9",-6.84708240185431
"FAM91A1",-6.84893417976311
"CPT1A",-6.85202732715944
"PSMD14",-6.85397191991644
"LOC101929048",-6.85522210400257
"GDI2",-6.85978165991627
"MOG",-6.86196796726897
"TUBGCP3",-6.86207622823103
"LOC105376436",-6.86334774583112
"PARG",-6.86545780326888
"LOC105376717",-6.86717351030087
"ZNG1F",-6.86892515853889
"LOC105371129",-6.87046163612572
"C3",-6.8741275139214
"ADCY9",-6.87473509060325
"ZNF552",-6.87499734649265
"USO1",-6.87889519457693
"SLC41A3",-6.87949095098063
"LOC102724892",-6.88141654683806
"SUCO",-6.8840982813902
"SEC61A1",-6.88427976438014
"ADAM10",-6.88438631416594
"RAB5C",-6.88870908977365
"SRPX",-6.89106825159759
"FNBP1L",-6.89283698765771
"ZNF765",-6.89392655014658
"GRSF1",-6.8947927517621
"C1GALT1C1",-6.89619075120737
"ACAA2",-6.89663894358328
"RABIF",-6.89882455207542
"HSF2BP",-6.90825201427448
"TMEM45A",-6.91276955570516
"RASGRF2",-6.9208381675542
"MAP3K5",-6.92273336141727
"PPP4R1",-6.92582185145322
"INPP5A",-6.92871857702804
"LOC112268445",-6.92891606807658
"ANO5",-6.92932181924909
"PIH1D2",-6.92961893250197
"FASTKD5",-6.9332390410773
"PPM1A",-6.93358499303139
"DPY19L1",-6.93398869977699
"LOC105369780",-6.93682933593145
"EPHB1",-6.93719304583171
"DESI2",-6.93880552692896
"CLSPN",-6.93881001016756
"LOC107984360",-6.94079482456905
"RANBP2",-6.94174558653421
"MOB4",-6.94208332446162
"MYOM3",-6.94421926266196
"ZNF562",-6.9507693905983
"LOC101928177",-6.95187918929536
"TM6SF1",-6.95247433881672
"PGM2",-6.95254738357715
"MED20",-6.95310903439979
"ATXN7L3",-6.9540011550026
"ZDHHC6",-6.95779859197462
"TMEFF2",-6.95809796794373
"PPP2R2D",-6.96268499145939
"CTBP2",-6.96534111015256
"USP39",-6.96536215662312
"TNFRSF11A",-6.96694216657873
"HERC2P9",-6.96805105152737
"YBX3",-6.9681734267077
"TOMM70",-6.97051020290949
"ABHD2",-6.97053535998452
"FABP5",-6.97226860158185
"CR1",-6.97272821442398
"USP47",-6.97636822987904
"PTPN12",-6.9766964439457
"TIMELESS",-6.9789255642935
"RPF2",-6.9789721143697
"FGF5",-6.97902522090121
"MAPK9",-6.98195227122683
"FAM133B",-6.98342573278775
"PSMD5",-6.98389914321465
"COPS2",-6.98801019912337
"HAPSTR1",-6.99062599344405
"SRRD",-6.99606809274807
"BAZ1A",-6.99625880569425
"SLC25A51",-6.9965940900065
"RAB10",-6.99782306175197
"PANX1",-6.99922393392349
"EFTUD2",-7.00154101980077
"ZNF800",-7.00209694014921
"PCMT1",-7.00470649362987
"SERINC3",-7.00820555416005
"CIAPIN1",-7.01734748211857
"FBXO45",-7.01834895225598
"EFNB1",-7.01903307717317
"RNF139",-7.01974933653304
"FOXO4",-7.01978184341132
"ZNRF3",-7.02071746023547
"SLC9B1",-7.02173801350423
"MCEE",-7.02292640195864
"KRAS",-7.02849655693253
"TWNK",-7.03079847512675
"MED31",-7.03108351650714
"UHRF1",-7.03801448906141
"CES2",-7.04043515290191
"UBR5",-7.04100302882738
"SCAPER",-7.04402674625579
"LOC102723704",-7.04852701027375
"HLCS",-7.05143181626734
"MTPAP",-7.05174189783134
"MIA2",-7.05458204824544
"GADD45B",-7.05642192172421
"NUDT16",-7.05714554530712
"TSTD2",-7.05763894944189
"ACTR2",-7.05883272863196
"MS4A6A",-7.05953527226313
"YBX1",-7.0596635804764
"KIAA1217",-7.06216126253047
"B4GALT6",-7.06469806518712
"HSPE1-MOB4",-7.0683940476799
"MTIF2",-7.0686281361546
"GART",-7.0689977475565
"CA13",-7.07132525574466
"SDHAF3",-7.07387481918482
"ADRA1A",-7.07491283013638
"CALU",-7.07769994960725
"CBX3",-7.07890637621791
"GDPD1",-7.07997233789927
"PHACTR3",-7.08317927420533
"GGPS1",-7.08576883967857
"CAV1",-7.08708418658722
"ABHD17B",-7.08832129011989
"UTP11",-7.08849855935668
"SH3RF3",-7.09183647597094
"TEX261",-7.09294804221545
"HIPK3",-7.09310501297016
"LOC107986828",-7.09781330377967
"NUFIP2",-7.09897668997864
"GIMAP4",-7.10093040339634
"TMBIM4",-7.10258808926704
"PLLP",-7.10356220443853
"MEGF9",-7.10697899450722
"TNFRSF1A",-7.10747266181103
"PIGX",-7.10817444659025
"FASTKD2",-7.11030121316965
"CCDC85A",-7.11367994465929
"WNK1",-7.11447936212959
"MEIS2",-7.11714172131892
"ERGIC2",-7.11807941237872
"LRP4-AS1",-7.11846028799899
"DDX3X",-7.11972182437479
"TMEM168",-7.12294473072447
"HS6ST3",-7.12994407741243
"IPO7",-7.13284465049806
"LOC105377286",-7.13573442420983
"MELK",-7.13893327624521
"MTRF1",-7.13975068705766
"LOC101928517",-7.14232503537378
"LCORL",-7.14316564101839
"NPLOC4",-7.14482205778265
"NUP43",-7.14487039445197
"ETFDH",-7.14520842095934
"NECTIN3",-7.14528812315182
"CSE1L",-7.14954016697227
"PACC1",-7.14992915210391
"LRRN3",-7.15075492553301
"LINC02248",-7.15130908261235
"NT5DC1",-7.15158111018288
"CDC27",-7.15292683116426
"MPZL2",-7.15452390135029
"BCKDHB",-7.15746611687732
"OTULINL",-7.15874406903759
"HUS1",-7.16254155142338
"RGR",-7.16310431121219
"NT5DC2",-7.16558090259893
"MYO9A",-7.16573121669875
"ALG2",-7.16624907887488
"SZRD1",-7.16629431918748
"BMPER",-7.16726327271378
"UBAP2",-7.16741129279277
"ETS2",-7.17472997298732
"OTUD4",-7.17575245965382
"TXNIP",-7.17615370684804
"PIAS1",-7.17799359459728
"FKBP15",-7.18159497845341
"OGDH",-7.18246119356495
"KCNH4",-7.18552517509554
"UBR7",-7.18619569220703
"CDADC1",-7.18759066989779
"GLA",-7.19032962445338
"LOC107986454",-7.19324117612445
"PLPP3",-7.19531547166878
"LOC101928875",-7.19590709508909
"DHCR24",-7.19671623582294
"CRY1",-7.20140617820123
"LZTS3",-7.20303941589747
"TIMMDC1",-7.205544934362
"RIC8B",-7.20633753290876
"SAA1",-7.20658600755038
"HK3",-7.20694120630508
"LSAMP",-7.21063818207316
"GNAO1",-7.21320226803089
"NKIRAS1",-7.21452915368787
"LPAR5",-7.21769764966077
"PARVB",-7.22669822646182
"SH2B3",-7.22782957584328
"MYO7A",-7.22925691873825
"CMTM4",-7.23077051011813
"PPFIBP1",-7.23573769679398
"ACP3",-7.23640866035634
"ORC4",-7.23644686092263
"PDP2",-7.2381711058018
"SPDL1",-7.24051140889777
"PDE4A",-7.24147731549489
"AXIN2",-7.24281384663781
"RIDA",-7.24463867782421
"CUTC",-7.24648470529122
"PTPRB",-7.25052300241111
"CCDC126",-7.25179194639473
"SMIM13",-7.25263220091754
"RHPN2",-7.25402489658061
"SENP3-EIF4A1",-7.25828059401794
"TAF4B",-7.26073682033612
"PPM1E",-7.26128737329051
"TMED2",-7.26216083924898
"RAF1",-7.26463093991166
"CACYBP",-7.26564726251428
"TINAGL1",-7.26802169163292
"MBNL1",-7.26887225003126
"BAIAP2",-7.2734698335301
"LINC00571",-7.27482135641276
"UBE2G2",-7.27772322615913
"TRIM13",-7.27845121796722
"PLA1A",-7.27945059852456
"SGK1",-7.27989246919959
"PPP1R15B",-7.28323822418409
"LRRC58",-7.28357008933436
"NIF3L1",-7.28461663838553
"LINC01537",-7.28471266627183
"LPAR3",-7.2851344574425
"BHMT2",-7.28697835647341
"PIK3R5",-7.2870394191855
"PDE4D",-7.29329853669853
"SYCP3",-7.3007183917258
"B4GALT5",-7.30191541628556
"FLT1",-7.30494477756404
"SEC23IP",-7.30672524987044
"HIF1A",-7.312796759855
"ELOC",-7.31455677569238
"MTREX",-7.32071724592446
"ICMT",-7.32318513037715
"C11orf54",-7.32900635052884
"TBC1D4",-7.33140097830726
"RWDD1",-7.33227172951612
"FBXO34",-7.3324373154943
"HAS2",-7.33417298569896
"TRMT10C",-7.33767511403056
"ADGRG1",-7.33885598559764
"CPNE8",-7.34668217941797
"TMEM63C",-7.34790052390448
"GPR180",-7.3513673223371
"DSC2",-7.35516938224112
"GPR12",-7.35667802120128
"METTL8",-7.35788309263088
"CCAR1",-7.35836012675998
"CD164",-7.3589363374568
"GINS3",-7.36183597190136
"GRXCR2",-7.36281521054321
"C2orf69",-7.36389049155378
"LINC00444",-7.36934303943531
"TFDP1",-7.37023057291229
"FAM209B",-7.37344010471605
"GALNT1",-7.37647866827325
"FURIN",-7.37693578774527
"YARS1",-7.37814220304976
"PDE12",-7.37999575707054
"PPFIA1",-7.38044095115831
"ZBTB18",-7.38080915288868
"AGPAT3",-7.38270635200125
"ETFBKMT",-7.38604273538875
"ATF6",-7.38610869265441
"RIPK2",-7.38877116898799
"C1orf112",-7.39200315983361
"OLA1",-7.39366442749042
"SAP30",-7.39632582194448
"HECTD1",-7.40046238103291
"WWC1",-7.4040285462681
"S100A3",-7.40426867092265
"JADE3",-7.40510386845369
"ADH1C",-7.40597829532666
"KLF3",-7.40689952574355
"KYAT3",-7.40951125541226
"CPD",-7.41964363159198
"ATAD2",-7.42096100672388
"IMPA2",-7.42763524863656
"CDKL5",-7.42778794844457
"CNR1",-7.42966835534188
"MARCO",-7.43468310803461
"LINC02388",-7.43598397974077
"CLDN14-AS1",-7.43831876031671
"CACNB2",-7.43982667663845
"SCN3A",-7.44961502752159
"FUCA2",-7.45388725355299
"LOC112268301",-7.45537858131177
"ZNF770",-7.45800683899196
"CIAO1",-7.46068153760757
"ZUP1",-7.46359054874446
"XPOT",-7.46435374342415
"PPIL1",-7.4658743457902
"ZNF207",-7.46742717599168
"HDGF",-7.47055428274158
"IL6ST",-7.47057257466458
"SLC11A2",-7.47155506207184
"RNF10",-7.47267493533001
"TMED10",-7.47588774044845
"RC3H2",-7.47617104276327
"SH3PXD2B",-7.47704477038366
"RAVER2",-7.47893932028882
"ZNF592",-7.4836616422563
"TMX1",-7.48430642500513
"ENPEP",-7.48874820778971
"NEPRO",-7.48946212506394
"ZNF354A",-7.49718039264548
"MYO7B",-7.4980873140553
"ANGPT4",-7.50019877099113
"CACNA1E",-7.50942339265141
"ATP6V1A",-7.51041739676301
"NETO1",-7.51703978779357
"TFE3",-7.52032273422831
"LINC02910",-7.52304457222215
"PSEN1",-7.52309799250409
"C1orf115",-7.52431923146853
"ZNF664",-7.5265276531837
"RASD2",-7.52993740567678
"DCAF12",-7.53912453764806
"EPS8",-7.54089144001656
"PLRG1",-7.54258758441346
"LOC105379257",-7.5468720217105
"ARPP19",-7.54803460774439
"TEX2",-7.54808991584277
"SEL1L",-7.54814575462142
"CENPL",-7.54818635743182
"SHLD3",-7.55081730633601
"SOCS5",-7.55516582111057
"CMAS",-7.55616549569838
"PAK2",-7.56159069890331
"NHLRC2",-7.5616732318043
"ZDHHC16",-7.56180160847182
"WDR76",-7.56233778379126
"CLN8",-7.56266772825055
"METTL7A",-7.5667630560709
"BEND7",-7.56736113484327
"RBM47",-7.56958306167995
"GATC",-7.57009446321059
"ELOVL5",-7.57315494106442
"PTER",-7.57375802959395
"CES4A",-7.57497752340096
"SLC4A7",-7.57596273264434
"ABCC2",-7.57712426052656
"SRARP",-7.58202715220418
"AVEN",-7.58611667532265
"AHNAK2",-7.58739948084983
"P2RY12",-7.59141274479523
"BMS1",-7.59755296771813
"GGNBP2",-7.60092430324387
"GPR155",-7.60288296528452
"PPM1D",-7.60595056789194
"ITCH",-7.60884418156182
"CYBB",-7.61237226332931
"FADS1",-7.61363909511914
"ACVRL1",-7.6145130674793
"RBM3",-7.61586939545521
"QRSL1",-7.61608964427721
"ELF2",-7.6204547880688
"ATF4",-7.62251489860932
"RSU1",-7.62284782705226
"NXPE3",-7.62902213286027
"PAICS",-7.63144297575984
"DYNC1I1",-7.63320323381186
"KCNJ11",-7.6357795360518
"GON7",-7.64189976385139
"CH507-42P11.6",-7.64214541942207
"NCKAP1",-7.64861350260959
"RGS9BP",-7.64954521838619
"DTWD1",-7.65336924944032
"ESRRG",-7.65720725870884
"CAB39",-7.65842306027883
"ADAMTS9-AS1",-7.66192333226634
"PHF20L1",-7.66238426569401
"ABLIM3",-7.66452743622849
"USP53",-7.66611593658721
"CNPY3-GNMT",-7.66616472122405
"EIF4E3",-7.66735569681439
"TRIP12",-7.67573379369725
"CEMIP2",-7.67660124969402
"PPARA",-7.6767067520528
"MRPS23",-7.67896017046049
"NANOS1",-7.68283912969999
"NIPAL3",-7.68475349135048
"USP32",-7.68735099304664
"ASB8",-7.68900241954119
"ZNG1C",-7.69016162045458
"ZNF542P",-7.6904337155638
"RAB29",-7.69141828103339
"RIC1",-7.69216187660374
"RPL7L1",-7.69586451133696
"KCNH2",-7.7001797885082
"ZNG1A",-7.70208583587422
"EEF1AKMT4-ECE2",-7.70222654611681
"LOC101927834",-7.70444241180788
"HS6ST1",-7.7065429167907
"GNL3",-7.70784884939288
"CEP55",-7.72004736554809
"DNM2",-7.72329164828682
"BIRC3",-7.7248174983167
"LOC107984347",-7.72663480658985
"CDCP1",-7.72833451059639
"GPR84-AS1",-7.72945301101735
"CD82",-7.73456845824355
"ASF1A",-7.73518613208362
"PLCL2",-7.73546816677198
"ECHDC3",-7.73662639529257
"PNP",-7.73700338846064
"MAPK14",-7.73905161798007
"LONRF3",-7.73981503421682
"SMPDL3A",-7.74424901729644
"LOC107986458",-7.74659905294487
"ASDURF",-7.7608808960395
"ZSCAN16",-7.76127367360045
"MTMR14",-7.76178322052906
"SLC15A2",-7.7658539177245
"ADIPOR2",-7.76664187896246
"NFKBIZ",-7.77935632902855
"ACTR3",-7.78370840750996
"XRN2",-7.78554448149812
"THUMPD3",-7.7895640312229
"RAD51L3-RFFL",-7.79054656447674
"DNAJC25",-7.79063790129758
"TOR1B",-7.79307194437271
"HSD17B4",-7.79702326031528
"STARD13",-7.7990310716121
"KCNIP2-AS1",-7.7990623627355
"TTC19",-7.79916905854886
"ZNF321P",-7.80017999603997
"GALNT4",-7.80037541597674
"MXI1",-7.80073308309352
"CMAHP",-7.80136714349029
"MTM1",-7.80558147286735
"ENTPD6",-7.80860186186854
"DNER",-7.80990145524126
"PLS1",-7.81137338125855
"GTPBP8",-7.81259888133033
"REEP3",-7.81491040163014
"MTDH",-7.81557043790739
"DSE",-7.81602966952864
"MBNL3",-7.816931386057
"SEC14L1",-7.81710930467127
"INTS13",-7.81776868692403
"ETFRF1",-7.81805727553778
"ELANE",-7.81910594966655
"ITPRID2",-7.82218989553388
"WHAMM",-7.82555716847415
"TPPP2",-7.82803669322346
"KLHL31",-7.82818629359322
"RCAN2",-7.82927891719972
"DNAJC3",-7.83395728595153
"DANCR",-7.8385331084672
"ORC1",-7.84105150693189
"CFLAR",-7.84136071866355
"YWHAG",-7.84881426386709
"ADGRL4",-7.85105730993212
"IPO11",-7.85393586536597
"SELENOK",-7.85506926678596
"LOC100287036",-7.85624164695106
"LYSMD3",-7.85855227605767
"ZFP91",-7.85992082892336
"GEMIN8P4",-7.86135618391416
"CDH26",-7.8630218242221
"MCF2L",-7.86482683219619
"RBM18",-7.86623743877304
"LRRN4",-7.8666437066321
"SAP30L",-7.86821725250364
"MSL3",-7.86824084711111
"CRPPA",-7.86911277002743
"LYPD5",-7.8695295960495
"AMMECR1L",-7.87331304667317
"ZNG1E",-7.8752727896129
"BFAR",-7.87984114229148
"MSANTD3",-7.88026167661232
"SEC23A",-7.8830982722612
"MTCH2",-7.88529933420614
"SIRPB2",-7.8866535141624
"EXOC6",-7.89079199226962
"CHP1",-7.8982740471008
"OPTN",-7.90106956171932
"UGGT2",-7.90350968900227
"VSTM2L",-7.90551142042962
"SEC14L2",-7.90708503296361
"WNT5A",-7.9143182833747
"PLCL1",-7.91596324081223
"TUBAL3",-7.91918100658624
"CAMKMT",-7.92088078089647
"BRPF3",-7.92150818827781
"RBM48",-7.93087516952788
"ERO1B",-7.93249513731877
"CGRRF1",-7.93547109493146
"APOB",-7.9425750775728
"MTRR",-7.95104520163556
"HNRNPAB",-7.95224897597294
"BMS1P14",-7.95270432831333
"ABLIM1",-7.95509166599082
"EIF2AK4",-7.95979897090525
"GABRR2",-7.96454537121553
"LOC100287290",-7.96477322452719
"VKORC1L1",-7.96490411584714
"SLC25A12",-7.96506738237974
"TEFM",-7.96576897415814
"PEX11A",-7.96960841735481
"PDZD2",-7.97068617463973
"PHTF2",-7.97348848255218
"LEPROT",-7.97630221091322
"SLC26A2",-7.97817158785104
"IGF2BP2",-7.97828480693636
"PHF5A",-7.99037952804426
"SLC7A2",-7.99139212951073
"LOC107985253",-7.99256949559684
"KYNU",-7.99422849971629
"CDYL2",-7.99461648253178
"SNHG3",-7.99878179793284
"LOC107987150",-7.99928025927315
"MAN1A1",-8.00113432488395
"SHOC2",-8.00477430111038
"LOC101927044",-8.00594842774801
"LOC105377503",-8.0110730322167
"CD58",-8.01388364348125
"TRNR",-8.01724215223969
"SFXN1",-8.02042549965463
"SEH1L",-8.02312589016289
"TRIB2",-8.0324827713843
"NGF",-8.03520379541292
"LINC02984",-8.03900405623749
"CDYL",-8.04369613487895
"SLC38A1",-8.04382896733012
"PRMT3",-8.04696139496632
"CLIP1",-8.04741302323026
"ZNF35",-8.04845560486381
"RAI2",-8.05092414241057
"PITPNA",-8.05167063677112
"OPN4",-8.0564427530574
"MKLN1",-8.05686603522326
"AK3",-8.06150433555634
"PANK1",-8.06263948524992
"ARMT1",-8.06456209927755
"CCDC6",-8.06736815483505
"FARSB",-8.06948531196694
"PDCD10",-8.07095253985671
"C6orf89",-8.07630695273713
"LRRC8E",-8.08179218309662
"MBD4",-8.09002893027155
"TFIP11",-8.10035503923047
"TAF11",-8.10411936133784
"XRCC4",-8.10591969583943
"SDCBP",-8.11404261534116
"LOC105377984",-8.11563872789705
"SLC7A1",-8.11956005851892
"SLC22A15",-8.12033575703074
"NUS1",-8.12984279657797
"AP1S2",-8.13022365627458
"PPP6C",-8.13111768154802
"RTL9",-8.1369506083195
"CCT6A",-8.14082881634439
"BVES",-8.14089584327855
"WASF3",-8.14516967411988
"PIK3C2A",-8.14558673373597
"STXBP6",-8.14765616320109
"CALCRL",-8.15150128119758
"DYM",-8.15669392790927
"ITPK1",-8.1575685176797
"INTS7",-8.15783280885866
"AP5M1",-8.15858180480809
"UBE2D3",-8.16000583437732
"LINC01844",-8.16190640971366
"SERPINE1",-8.16210701245145
"PEX2",-8.16310376808514
"PTPRU",-8.16393264866125
"ATP6V0A2",-8.16680060840847
"HEATR3",-8.16690280051615
"MTIF3",-8.16856145573257
"PRDX1",-8.16955521918968
"HMGCS2",-8.16972408878942
"ERRFI1",-8.17046798421246
"NMT1",-8.17475837544566
"DRAM2",-8.18532354831678
"ABHD15",-8.18612108969049
"SLC7A7",-8.18699199237253
"CENPQ",-8.18742583145707
"HAUS6",-8.19338296841518
"SYAP1",-8.19345154114443
"B4GALT4",-8.19490105354277
"MLEC",-8.19972936119241
"HADHA",-8.20144616618553
"TMEM132C",-8.20329243548642
"PTK2B",-8.20412242913471
"PARP6",-8.20451213658308
"GID4",-8.20750155505902
"RDH10-AS1",-8.2133113336589
"DCUN1D3",-8.21636099255
"GPR137B",-8.21765625634765
"MICALCL",-8.21810411745661
"C9orf47",-8.22027564359196
"USP14",-8.22076588465849
"TOGARAM2",-8.22315432536979
"TATDN2",-8.22337851254388
"TRPC4",-8.22743320725291
"KLF9-DT",-8.22861710933367
"ECPAS",-8.22909734154181
"TEK",-8.22955085296884
"MTO1",-8.24084826936105
"PPM1B",-8.24131596181018
"IRAK4",-8.24152020298103
"RPRD1A",-8.2455532677745
"ST3GAL5",-8.24660338494617
"EEF1AKMT4",-8.2499607411443
"MCMBP",-8.250178724008
"ARSK",-8.25212716931645
"SBK3",-8.25366341321406
"IPO11-LRRC70",-8.25436757124927
"EEF2K",-8.25443592773477
"COP1",-8.26361290250427
"CAB39L",-8.26414331420151
"NECAB1",-8.26599928329231
"HECA",-8.26666899658096
"CMTM8",-8.26795318173067
"EIF4EBP1",-8.27157973321856
"PGD",-8.27772367661347
"PRRG1",-8.27933551816622
"ZNF69",-8.28130738724167
"EYA4",-8.29099802437108
"SOAT1",-8.29195844876146
"DHX29",-8.29553878805609
"ADIPOR1",-8.29574564802016
"RFK",-8.29686833254066
"KCTD9",-8.29990108462754
"POC1B",-8.301398705901
"NPAS2",-8.32139687617485
"LOC105374040",-8.3274135992245
"SLC25A24",-8.32955790571477
"SOD2",-8.33096393691479
"SRP19",-8.33136898361546
"LAPTM4A",-8.33166322216585
"MAP3K6",-8.33199937000601
"SYNE2",-8.34120574161034
"POT1-AS1",-8.34778430900387
"RMC1",-8.35500817649798
"STARD7",-8.35856939947124
"CEP70",-8.36361804230668
"RUNDC3B",-8.36370958991438
"AHCYL1",-8.36531136393621
"CSGALNACT1",-8.3659922627961
"LRRC59",-8.3725115940237
"IDH1",-8.37672506465718
"PET117",-8.3808607201901
"ECT2",-8.38396670111667
"HNRNPA2B1",-8.38475965656716
"NDRG2",-8.38527968881838
"GRB7",-8.38548400459822
"LOC105376067",-8.38934142420592
"DDX21",-8.38951190072321
"COPS5",-8.39144188570905
"CCNQ",-8.39243096788341
"PTEN",-8.39554928936251
"LRP4",-8.40050285771365
"PROSER1",-8.40263495195128
"RGCC",-8.4044337617932
"CCDC68",-8.40473284687354
"SRP72",-8.40706454757424
"ZCCHC2",-8.40748460476613
"AHCTF1",-8.40852927480928
"PPP4R2",-8.40896042226098
"IL6R",-8.40918148658919
"DEK",-8.41585469309165
"LOC107984440",-8.4167788093584
"RALGPS2",-8.41846887517306
"MFF",-8.41864601309925
"SRXN1",-8.41934241973587
"TMEM100",-8.4207826230828
"PRKCE",-8.42434084304681
"GGT5",-8.42558411807294
"CDH19",-8.42739265351606
"USP7",-8.42854287361859
"SLC25A19",-8.42965052307604
"METTL7B",-8.43088578271158
"SAMSN1",-8.43546988961205
"NIPA1",-8.43649153392778
"SHISA4",-8.43887816614243
"ARFGAP3",-8.43967420473629
"LOC107984011",-8.44494032878305
"TENT5C",-8.4451625341672
"LRRFIP2",-8.44526100922778
"PRPF4",-8.4504941866898
"NAA15",-8.45361805107769
"KLHL2",-8.45425607756741
"ANKRD13A",-8.45519562843035
"POC1B-GALNT4",-8.45847192988463
"FAR2",-8.46002095747482
"HK2",-8.46332245561689
"HSD17B11",-8.46613832048412
"EIF2A",-8.46670380208456
"TRNM",-8.46672912711661
"LOC105376294",-8.47053378684563
"CLIC4",-8.47527429153159
"MTCH1",-8.48026482178916
"CMC1",-8.48245023444351
"FOXN3",-8.4836541574904
"EIF3J",-8.4856456626347
"DNA2",-8.48896117588907
"RGL3",-8.49174242502302
"SCGB1D2",-8.49294187688526
"LINC02288",-8.49937463364293
"PCGF6",-8.50946906622626
"GBE1",-8.50996038539468
"SHLD2",-8.51340428336084
"C4orf54",-8.51450687424065
"RDH10",-8.51486556984517
"TMEM43",-8.52129317149263
"TAF8",-8.52574259347137
"TOB2",-8.5275254948343
"MYO19",-8.53009781725782
"GATA2",-8.53310075192513
"CDKN1A",-8.53407736784946
"IL20RA",-8.53611428279809
"LOC105372926",-8.53754814300565
"MANEA",-8.54136280612808
"LOC112268127",-8.55317467000312
"ACSL5",-8.55575031166403
"H1-0",-8.55975739890917
"UBE3A",-8.56002556801669
"NAA20",-8.56286844153555
"LOC102724528",-8.56301066830479
"PLP2",-8.56666109462214
"LTV1",-8.5685944844615
"GPR82",-8.56933508969275
"PPP2R5C",-8.57031604791011
"CLDN12",-8.57054695408011
"KLHL32",-8.57324365451178
"MT1X",-8.57358893375893
"MRPL50",-8.5834710214319
"LOC112267859",-8.58347618578582
"NDRG4",-8.59028018604386
"MAFG",-8.59173235648475
"MACO1",-8.59691586863989
"ANKRD13C",-8.59985405801234
"SEPHS2",-8.60102597107972
"LUCAT1",-8.6022848541534
"SLCO3A1",-8.60367899271358
"TES",-8.61652997237252
"SERTM1",-8.6236270866241
"BMAL1",-8.62519301570565
"LINC00844",-8.63257408447771
"EMB",-8.63687805981052
"PLCD3",-8.63763822282824
"RAB1A",-8.63867692270552
"RNF32",-8.64040102914253
"SLC12A6",-8.64519481416928
"SERPINB1",-8.65223083271082
"MEI4",-8.65916163022281
"FOSL2",-8.65922136281877
"MMADHC",-8.66177101869794
"FZD5",-8.6650958778748
"NDFIP2",-8.67324533803646
"USP8",-8.67516269537244
"SLC5A6",-8.67553986520835
"TACC1",-8.67710511447857
"RNF157-AS1",-8.67923215782277
"TFEC",-8.68235394381274
"LOC101929258",-8.68260913926257
"GOLPH3",-8.68434004660586
"PIERCE2",-8.6859100085946
"CTNNBIP1",-8.68893832575752
"SAA2",-8.68975130825703
"DLAT",-8.6902729758129
"LRRC8A",-8.69239434366732
"CLEC16A",-8.69259099198708
"FAM222B",-8.6960817082284
"KLHL23",-8.69791032713058
"FMO5",-8.69924902191301
"SLC35E1",-8.701432905134
"CTNNA1",-8.70493142040369
"GDE1",-8.70676815532982
"GJA9-MYCBP",-8.71892044606215
"ELOA",-8.72231728798914
"PPARG",-8.72593521845136
"SLC49A4",-8.72938997120787
"PRIMA1",-8.73781299224987
"C6orf120",-8.74066774721077
"NUDT15",-8.74507298064447
"PNPLA8",-8.74724042230295
"SPIDR",-8.74803099508456
"PDE2A-AS2",-8.74869401140452
"R3HDM1",-8.75144465234188
"GPN1",-8.75376073724465
"C1RL",-8.75762694887124
"KLF13",-8.75982776801027
"PRODH",-8.76747934745759
"ABCD3",-8.76959663589967
"CLCN5",-8.77066064155585
"CACNA2D3",-8.77067921856197
"YY1",-8.77663553879162
"LOC105369714",-8.77887764397587
"HS6ST2",-8.78184760355815
"ACLY",-8.78317026455788
"GNPAT",-8.78378832262534
"IDE",-8.78921184063984
"PHOSPHO2-KLHL23",-8.78976577131387
"MARCHF5",-8.80518080777269
"LOC105379814",-8.80640022346902
"UGP2",-8.80763042431218
"UBE2E1",-8.80992999957466
"ARHGAP27P2",-8.81125601984796
"SHMT1",-8.81174950968785
"RFFL",-8.81305229683045
"NFE2L3",-8.8150207467519
"GPR183",-8.81741638425336
"VTI1A",-8.82387835917622
"LOC101928195",-8.82428056501
"INTS12",-8.8249078661525
"PSMC2",-8.8267005641011
"MTSS1",-8.82780032717248
"CHST9",-8.83136088273816
"CDK2",-8.83198205655542
"AKR1C1",-8.83241785538457
"C1QTNF1",-8.83383263576179
"SLC29A2",-8.83715436694559
"OPN1SW",-8.83956839132123
"SIGLEC10",-8.84809578010715
"MYCBP",-8.85380804495775
"CD53",-8.86962193511392
"BLTP3A",-8.88322124024482
"PIM1",-8.88847066553035
"SLC25A46",-8.89261140691965
"IP6K3",-8.89354444799553
"SYN3",-8.89477629419059
"UBE2J1",-8.89637471909016
"KNSTRN",-8.90297168216769
"REPS2",-8.91099901995071
"WDR20",-8.91312363820241
"ANKRD28",-8.91332783441812
"ANKLE2",-8.91471907739225
"PDXDC1",-8.91817790079006
"PPP6R3",-8.92758744260702
"EMP2",-8.92764333326286
"S100A9",-8.9283484455741
"CUL3",-8.92918260704946
"LOC101928045",-8.93111511425645
"RTL6",-8.93453273851838
"SLC39A11",-8.93711932820213
"MCM3AP",-8.93845356194385
"PPP2R5D",-8.9392709443077
"GRAP2",-8.94027392439725
"JADE1",-8.94141200714253
"NCAPG",-8.94423793607117
"MIEF1",-8.94888328168242
"UNC119B",-8.94921091778033
"LOC105373428",-8.95055316190377
"CDV3",-8.9521038360669
"SNTG2",-8.96052555663546
"MAN2A2",-8.96207574468606
"DCAF10",-8.97043342684935
"ADD1",-8.97052903448301
"EREG",-8.98297660614685
"PIGA",-8.98790424526668
"LOC105375740",-8.98940632461429
"ZNF143",-8.99040044617198
"RNF32-AS1",-8.99660906242949
"ST6GALNAC1",-8.997659516561
"PPP1R11",-8.99818248098968
"TFRC",-9.00637039259582
"SIGLEC7",-9.0067147377911
"DNAAF2",-9.01046483985506
"TGIF2-RAB5IF",-9.01110659978874
"MAP1LC3B",-9.01781728410119
"RNF14",-9.02427799615714
"LOC105369565",-9.02950937333923
"LOC100294145",-9.03359162795369
"VEZF1",-9.03965947050524
"CFLAR-AS1",-9.04173500854186
"CSDC2",-9.04727971129925
"LINC02334",-9.05057608100282
"SAR1B",-9.05141495166109
"COG2",-9.05715291281095
"EZR",-9.05892295746758
"LOC102724788",-9.06006332917065
"PSMD12",-9.06199301020435
"SYT13",-9.06294280514173
"HOGA1",-9.06734524294214
"UCHL5",-9.07083722491658
"AKIRIN1",-9.07168945472844
"KCNK3",-9.07236242687091
"LOC112268276",-9.08114380484767
"RNASEH1",-9.08366774842989
"VPS26A",-9.08415884673366
"GPR157",-9.0843030194311
"LOC105377340",-9.08640742199715
"ITGA11",-9.08898011365009
"NSDHL",-9.09254888261587
"PHYHD1",-9.09287876730244
"MTUS1",-9.09559669380191
"DSP",-9.09946555769715
"USP10",-9.10276602024815
"EDA",-9.10989195077086
"GRAMD2B",-9.11053975066308
"RAB5IF",-9.1154234827834
"CD300LG",-9.11590906171907
"USP38",-9.1167060397965
"USB1",-9.11746958312971
"PPP4R3A",-9.12203004866282
"VCL",-9.12413187755201
"ISCA1",-9.13058239897591
"ZDHHC13",-9.13145123010404
"ABHD6",-9.13641293233487
"SLC19A2",-9.13825933644932
"BMP7",-9.14133783153013
"DSTN",-9.14199728181434
"ITGA5",-9.14270669448233
"AP3M1",-9.14351569333355
"KDR",-9.15400464409322
"DOCK5",-9.15425126110746
"ADAM9",-9.16046167582617
"DENND3",-9.16149318431623
"SLTM",-9.16402980165659
"SNRNP48",-9.1664512433967
"PSMA3",-9.16827682747854
"MRO",-9.17080498773731
"CHL1",-9.17136736408836
"RNF125",-9.17225275839371
"METAP1",-9.17454649361909
"MS4A4A",-9.18258998707137
"EMC3",-9.19508819084998
"LINC02767",-9.19602088135142
"DCAF11",-9.19630402622552
"GAREM1",-9.19803682355632
"HEY2",-9.19856189737546
"MID1IP1",-9.20301785844089
"TRPM7",-9.20481893169394
"H2BC11",-9.20907220673974
"NOP14",-9.20950243076988
"SNORA59A",-9.21226988670025
"MAMDC2",-9.21930458265967
"SAT1",-9.22010040433495
"KCNIP2",-9.22349202393391
"ZNF252P",-9.22729369943956
"IGSF22",-9.22872925012703
"LILRA6",-9.23576504073377
"AHCY",-9.24354467176374
"PPP2CB",-9.24457902154098
"DCXR-DT",-9.25205881231848
"RHAG",-9.25458522139492
"PPP1R13B",-9.25517381424883
"AIDA",-9.25799037466867
"LINC02773",-9.26217448157527
"PON2",-9.26274349871249
"BIRC2",-9.2685824055988
"JPH1",-9.27004403665396
"SLC7A11",-9.27182767762341
"ALPL",-9.2729714959399
"UEVLD",-9.27323775527411
"PDE11A",-9.27405463875724
"RAB9A",-9.28796602614215
"FAM47E-STBD1",-9.28943784773325
"SLC25A44",-9.29091886329976
"DDX46",-9.29167407931601
"SNORD58B",-9.29750865175311
"CARD6",-9.31912193405424
"LSS",-9.31914342618279
"SLC41A1",-9.32036709172391
"IRAK3",-9.32733737844661
"TEAD1",-9.32864921610591
"COA7",-9.33322959499205
"LOC105379080",-9.33955777425252
"LAPTM5",-9.34003002033954
"NRDC",-9.34487070265463
"AK6",-9.35369887179583
"TRIM16L",-9.35726280311488
"LRMDA",-9.36226284646176
"NHEJ1",-9.37817631632326
"SLC1A3",-9.37836156053479
"GFPT2",-9.37849707000099
"ARMC12",-9.38596289117447
"MOB3B",-9.3869882346441
"FGF7",-9.38946588903866
"RHEB",-9.39231077575346
"SPRTN",-9.39367603444871
"P3R3URF-PIK3R3",-9.40178054419833
"ZHX3",-9.40212826069337
"NCAM1",-9.40252054048406
"ESR2",-9.40485130436907
"KAT2B",-9.40624963574974
"VRK2",-9.40786111687499
"LOC105371094",-9.41153375120344
"STOX1",-9.417565567078
"GMPR",-9.42247888430964
"RHOT1",-9.42825077037692
"AFF1",-9.43091782600102
"HIGD1A",-9.43615431626675
"SEC22C",-9.44453195224247
"EIF4G1",-9.45023368835684
"THOC5",-9.45044808990143
"TCN2",-9.45613890667274
"STX12",-9.45980208698759
"ATG5",-9.46076866616939
"STRAP",-9.46445345199513
"P2RY2",-9.46530006033963
"RNF13",-9.46911815928858
"ZW10",-9.47152623792905
"ATP8B5P",-9.48776352444916
"APEX1",-9.48901876050483
"ZMYND8",-9.48945750410222
"YIPF6",-9.49155118154962
"NIPA2",-9.49503049955715
"STBD1",-9.50072041686804
"PIP5K1B",-9.50278605361797
"LSG1",-9.50419357349631
"LINC00674",-9.51324294925397
"XK",-9.51464823162947
"TSEN2",-9.52549446448838
"TPK1",-9.52595255341144
"SRGN",-9.53692021176144
"POLE3",-9.53896811065012
"SLC7A6",-9.54077212483566
"NPPC",-9.5446553160976
"GPN3",-9.54649995385113
"TASOR2",-9.55247851193244
"ABCB6",-9.5542071825166
"HCLS1",-9.57907221058512
"PIK3R3",-9.57997192547257
"C1orf43",-9.58349844879907
"PIGW",-9.5885865016717
"LARS1",-9.59745874025263
"PPP2R5A",-9.60057531720949
"FGR",-9.6031971211782
"TCP1",-9.61047301727692
"TRIT1",-9.61468311952541
"AK9",-9.61677528088728
"LOC100129434",-9.62490751474055
"POGLUT1",-9.63539973175812
"MTERF3",-9.64114272285788
"WDR12",-9.64755623315698
"HPSE",-9.64941849449501
"TANK",-9.65141984948726
"TCEAL1",-9.65507413347738
"MEDAG",-9.65942640542051
"STX2",-9.66146735261417
"EDN1",-9.67447549400325
"INAFM2",-9.68672401687642
"CLEC7A",-9.68871152630644
"RAP1A",-9.68913006993473
"GTF2IRD1",-9.68972043146098
"FOXJ2",-9.69913051780944
"CNIH4",-9.700058575155
"AMN1",-9.70490099588685
"SERPINF2",-9.70556923413753
"GPR89B",-9.71208623691542
"IL1R1",-9.72765457718091
"RASL10B",-9.728623151787
"TBRG1",-9.73156705623166
"GPRC5A",-9.73539383730368
"RAB11A",-9.73881293698622
"FBXW10B",-9.73944446385104
"OVOS2",-9.74147985704771
"RANBP6",-9.74454902321385
"SLC16A12",-9.75737734470485
"ANKRD2",-9.75945035342324
"CIAO2A",-9.76469221467186
"FAM120A",-9.76658241032059
"RIPOR3",-9.77723239674911
"LOC107986750",-9.7858427843377
"ZFP92",-9.78604783982403
"KLHL3",-9.78714005303071
"HNRNPF",-9.7958640937463
"ENPP4",-9.8056191994853
"THBS1",-9.82841612947466
"DHRS7C",-9.83035990972378
"LOC105375902",-9.83177839559743
"LOC105376505",-9.84402659317282
"ZBTB7B",-9.8442513883631
"UBE2K",-9.84710012379936
"BCAT1",-9.85074844923423
"LSM12",-9.86326731208314
"LOC101929583",-9.86493549200584
"ACACB",-9.86742223289625
"SPTSSA",-9.87456639598767
"ABCC1",-9.88152545416962
"AURKA",-9.88246119187265
"KIF5C",-9.88736676280824
"FBXL5",-9.89337025225746
"VPS29",-9.90320447029223
"CD177",-9.91166810030869
"BECN1",-9.9199743029831
"PLA2G4F",-9.93382473876047
"LINC00473",-9.94939069280271
"SH3GLB1",-9.95097810293013
"LOC286297",-9.95171064081888
"FPR1",-9.95492396443664
"LINC01088",-9.96014662069402
"HERC2P2",-9.96531380552048
"PRRG4",-9.96838654672883
"MDM2",-9.97846584507225
"ALOX5AP",-9.98930893397409
"WWP1",-9.9904338084661
"TMEM183A",-9.99616341443921
"DCUN1D5",-9.99856595477558
"LINC02289",-10.005946760043
"SUN2",-10.0092872867534
"PRKRA",-10.0129247219863
"C5orf64",-10.0147061418232
"NPC1",-10.0184824808081
"EPB41L4B",-10.0218298128559
"IFNGR1",-10.0266586804366
"GLRX3",-10.0342326221253
"KLF15",-10.0348829823455
"PPA1",-10.0382345580939
"ST7-OT3",-10.0450819614451
"FGF10",-10.0585901028432
"RETSAT",-10.0615130230242
"HSPA14",-10.068981179237
"FCER1G",-10.0696350904518
"RACGAP1",-10.0697742576278
"UGGT1",-10.0714210048486
"FCGBP",-10.0748157527537
"FERMT2",-10.0749121056182
"OPA3",-10.0806288690277
"LOC107985038",-10.0890117994194
"AGTPBP1",-10.0943674627897
"PDE7A",-10.0952062757729
"MTUS2",-10.0980706137185
"NOCT",-10.10525443446
"MTMR10",-10.1082222210993
"SNX7",-10.1144768693129
"EPN2",-10.1181267843427
"SILC1",-10.1196257066583
"EHD4-AS1",-10.1259707149832
"SLC22A5",-10.1352010350439
"TMBIM6",-10.1408359510952
"TMEM38B",-10.1652442530431
"PCSK1",-10.1722937940503
"DOCK9",-10.1744783967265
"COPS3",-10.183036223631
"ACSL1",-10.2036644076781
"LGR6",-10.208679208196
"TSPAN13",-10.2112839203683
"LOC105374063",-10.2183573372507
"EMC7",-10.2285294933971
"ELMO1",-10.2457297836211
"SELENOI",-10.2546728460347
"LACTB",-10.2630641659622
"SLA",-10.2643310746935
"RUNDC1",-10.2754987761626
"TTPAL",-10.2848669871052
"MTHFD2",-10.2890270481949
"TC2N",-10.2949336678348
"HIVEP3",-10.3111967791385
"GGH",-10.3120668174359
"NAA50",-10.3128701815963
"PRXL2C",-10.3174517380803
"UBA5",-10.335066761488
"CHUK",-10.336715692899
"ARHGAP31",-10.3435216719671
"MON1B",-10.3479356827596
"DAAM2",-10.3518439727779
"ANKRD27",-10.3584526613082
"PCDH1",-10.3593994162325
"TRMT61B",-10.3596429293835
"SEMA4B",-10.3631088781944
"H2AZ1",-10.3791768187075
"BZW1",-10.3798010187275
"LOC105369809",-10.3807845382384
"TADA2B",-10.3928298471003
"ATP1B3",-10.3941487650883
"PARVG",-10.3946013625174
"MRPS25",-10.3951932954888
"GPSM2",-10.3992489992252
"MSR1",-10.4044686369561
"C2orf88",-10.4044844937831
"PPTC7",-10.4077074075391
"TMEM19",-10.4077164222181
"CCR1",-10.4092674166824
"PRKAR2A",-10.4141429611981
"PTPRG",-10.4176351712007
"ERGIC1",-10.4245134301644
"BLTP2",-10.4293710258468
"GPATCH4",-10.43729698151
"CERS2",-10.4427135775591
"TCF24",-10.4476688689487
"TMEM236",-10.4560819413364
"TMED5",-10.4613220307455
"GREB1L",-10.4644411249663
"LOC105375063",-10.4650257827026
"ME1",-10.4670991643708
"NSMCE2",-10.4769665670008
"NFIL3",-10.4794106557446
"AREG",-10.4805946912296
"KMO",-10.4820734520803
"MAP3K8",-10.4904882969754
"EPS15L1",-10.5036988843433
"WASF1",-10.5067250392263
"REV1",-10.521570300779
"SCPPPQ1",-10.5428458146069
"UTP15",-10.5533197933737
"ABCB1",-10.5618521012784
"GCLM",-10.5735494803546
"PRDX6",-10.5830017527577
"RPN1",-10.5831191347237
"MEIS1",-10.6091357545775
"BBS12",-10.6215901556449
"QSOX1",-10.6382742252932
"MCPH1",-10.6387718184791
"TRIM37",-10.6400130743188
"SPPL2A",-10.6417492495926
"EPAS1",-10.6480341537179
"POLA2",-10.6544880015842
"TGM2",-10.6581233991117
"LOC101928718",-10.6597515255968
"RNF168",-10.6641381648414
"DLEU1",-10.664715782847
"SLC9A6",-10.6650687412953
"NANP",-10.6759515551313
"AKAP8",-10.677758607235
"TLR4",-10.6781860788048
"TUBB4A",-10.6785624196707
"RHBDL3",-10.6874158906536
"TMEM165",-10.6950064068618
"PACSIN2",-10.6958818395507
"CTPS1",-10.701454533414
"DDX52",-10.706663227502
"GIMAP7",-10.7080983480744
"CNOT8",-10.7095976235716
"NCOA3",-10.7191213168246
"LOC102724560",-10.7263409626338
"GMNC",-10.7354850717433
"OSBPL1A",-10.7413968761251
"MFHAS1",-10.7494800709367
"EIF2S1",-10.7541791889255
"LOC107984200",-10.76227468783
"LOC112267937",-10.7833404677819
"CTH",-10.7836067858971
"LOC284950",-10.7897892138274
"ARL2BP",-10.7916284252841
"CBS",-10.7923466871626
"TAB2",-10.7933385194606
"CEBPG",-10.8021277832306
"ZNF366",-10.8086224915404
"SLC7A8",-10.8121255976971
"ETNK2",-10.8181614970877
"LOC105373581",-10.8604716945347
"FBLIM1",-10.8853622313756
"HSF2",-10.8856038815987
"TTL",-10.8856143273335
"PPIP5K2",-10.9322065751852
"COQ8A",-10.9335606838205
"MANCR",-10.9348778209301
"ADCY3",-10.9460405553239
"GAPVD1",-10.9549710857912
"POT1",-10.9550178042478
"NSMAF",-10.9685284753869
"ADH1A",-10.9696603412749
"PAPSS2",-10.9720815961708
"PARD3",-10.9851304050132
"ETF1",-10.9853404031647
"CLMN",-10.9899205962475
"ABHD5",-11.0163988407754
"LOC105369950",-11.0237716050182
"MAVS",-11.0306926699274
"ADAMTS5",-11.0745498467294
"TLK2",-11.0809336415237
"SGO1",-11.0812510634538
"MAOA",-11.0887926492282
"RCC1",-11.0937400998904
"LOC107985077",-11.1166152794307
"LARP1B",-11.1194691118879
"OCRL",-11.1207297392165
"MCM8",-11.1234889175504
"INKA2-AS1",-11.1279466633328
"MARVELD2",-11.139434120173
"CCDC47",-11.152192880427
"PITPNC1",-11.15986148297
"ADPRH",-11.1680655067762
"SRPK1",-11.1743388568261
"DERL1",-11.1841159124747
"LOC102724507",-11.1895283018682
"LOC107987228",-11.2144351766586
"MTFR1",-11.2240920784651
"MATN3",-11.2277416667538
"MIR22HG",-11.2307526383533
"RNF157",-11.2318899406203
"REELD1",-11.2330682991538
"TMEM62",-11.2359005105862
"PDE2A",-11.2374308336177
"TMEM132B",-11.2393102553046
"LOC105371376",-11.2403182899332
"ARMC8",-11.2525547733547
"FCGR3A",-11.3020388572177
"IL13RA1",-11.3024582810325
"TRMT9B",-11.3042427912304
"ACSS3",-11.3161062376113
"MLIP",-11.3224294953742
"LOC101929388",-11.3266519940174
"LOC102724904",-11.3276335076105
"LOC105379443",-11.3280776190315
"LGI3",-11.3289485095409
"STRADB",-11.3361056429919
"GSR",-11.3370868653867
"UNC13B",-11.3453643517389
"MADD",-11.3510130628601
"ELL2",-11.3561076545137
"SLC39A14",-11.3583426001363
"VIT",-11.358429113688
"GLYR1",-11.3614966574125
"AGTR1",-11.3678421525286
"DEPTOR",-11.3709978851309
"LOC107986995",-11.3747163590848
"LINC02884",-11.3752123332261
"SLC5A1",-11.3805372225131
"GNS",-11.3888901590476
"ASRGL1",-11.3888948555033
"CERS6",-11.3893605691143
"TMX4",-11.4103552619304
"ARRDC4",-11.4115703095214
"NKAPD1",-11.4183160958312
"KPNA2",-11.4242040147901
"TRMT2B",-11.4258847294488
"LDHA",-11.4356855042334
"LOC105371028",-11.4527724011116
"PID1",-11.4811578115138
"SPC24",-11.4882952539469
"KLF9",-11.4891712536926
"CBLB",-11.5071425554276
"NUDT5",-11.5136782496403
"FAM83F",-11.514860376728
"MIOS",-11.537282252954
"PPM1L",-11.5482898861846
"DNAJC16",-11.5624108797617
"SHQ1",-11.5692364381991
"TIFA",-11.5705427210269
"RERE",-11.5773828259322
"DHX15",-11.5811019615373
"MAP2K1",-11.5944920707805
"ZMPSTE24",-11.6193238380463
"DPH3",-11.6227591759136
"GPAT4",-11.6303930372303
"NCEH1",-11.6328014919076
"PLXNB1",-11.6333873115395
"PECAM1",-11.6372135655622
"SMTNL2",-11.6438807837826
"AGFG1",-11.6490241883622
"SLC1A1",-11.683104770634
"LOC102723730",-11.7085667674278
"BID",-11.7175681107823
"TFCP2L1",-11.7333475496963
"GPD1L",-11.7340113961443
"OVCH1",-11.7350575267506
"SMYD1",-11.7376486679172
"LOC107986178",-11.7769068636893
"HYLS1",-11.7946054124195
"PAQR5",-11.8039208171522
"IL17RA",-11.8110905734118
"GATA2-AS1",-11.8117495251241
"LOC101929372",-11.8275936466871
"BPGM",-11.8563404118865
"CATSPERB",-11.8580923187819
"FMN1",-11.8645891222874
"PLA2G12A",-11.8729458324839
"F13A1",-11.8827691263496
"SLC52A3",-11.8978991626194
"LPIN1",-11.9237899331235
"CYYR1",-11.9302263420958
"SERPINA5",-11.9705007646497
"LINC00964",-11.981256485911
"ZNF480",-11.9986436608304
"RAD1",-12.0060865479397
"KCNAB1",-12.0111336869707
"ASNSD1",-12.0304317207816
"DAAM2-AS1",-12.0410710343522
"CNTN3",-12.0477989445999
"NALF2",-12.0716263216785
"TENT5B",-12.0810138830703
"LOC101927179",-12.1079781542637
"ETNPPL",-12.108096824875
"C11orf52",-12.1105705818762
"HOPX",-12.1175757924776
"TBX3",-12.1240408757568
"TFPI",-12.1289496608047
"GSPT1",-12.1335219599745
"PIGH",-12.135877159504
"ARHGAP26",-12.138256211329
"PODXL",-12.1493135175598
"KIAA0040",-12.1606557778191
"PREX1",-12.1610470620016
"HADHB",-12.1653981678918
"GPR89A",-12.1728282954931
"LINC01128",-12.1831583488966
"ZDHHC9",-12.1986613305817
"KCNB1",-12.2084569513382
"WNT9B",-12.2156512006165
"LOC105373116",-12.245242022211
"SLC9A7",-12.2499323682776
"MERTK",-12.2612678753561
"CERS6-AS1",-12.268246546122
"INSYN1",-12.3402556797239
"HIF3A",-12.3717904139408
"MYOT",-12.3949186447134
"ST3GAL1",-12.4258975086381
"TLR2",-12.4470137201716
"MPP3",-12.4474205648149
"SLC36A1",-12.4502047829536
"ACP1",-12.4527897272218
"SH3BP2",-12.4590836467341
"ST7",-12.4700326453073
"SMIM3",-12.4720991064442
"CDC42EP4",-12.47689690108
"PHKA2",-12.4769663251171
"UBN1",-12.4959183718272
"LOC100996643",-12.4979272597441
"SLC39A1",-12.4989640869022
"MRPL3",-12.5208349096528
"KLF10",-12.5223698122823
"TMEM245",-12.5338152518847
"SLC38A2",-12.543397259404
"MAPKAP1",-12.5587686026368
"CNST",-12.5712891672403
"ALOX5",-12.5841607140852
"TIMP4",-12.6016772526081
"OPN3",-12.6176459749795
"GPR4",-12.6210062781451
"NFXL1",-12.6257642051
"PSME3",-12.6304811259345
"KLHL41",-12.6327654220209
"ANPEP",-12.6350720911124
"PMP22",-12.6386165794581
"MYH6",-12.6713802630072
"MCEMP1",-12.683719279684
"AQP4",-12.6911632579658
"AQP7P1",-12.6985801918936
"ADORA3",-12.7246312246082
"UAP1",-12.742229366886
"EIF4EBP2",-12.7817513225101
"PI15",-12.782312606048
"DAG1",-12.8034737169675
"STEAP4",-12.804036968139
"NSG1",-12.8160766281709
"TEAD2",-12.8474512571255
"MGST1",-12.9223493836368
"PLCXD3",-12.9244464868934
"SPARCL1",-12.9338734586444
"ELK1",-12.9341092038175
"ADH1B",-12.947530407465
"CADPS2",-12.9519893453549
"TLCD2",-12.9634021774775
"OSBPL11",-12.9779657129018
"SHISA3",-13.0014669141206
"SERPINB8",-13.0168586959734
"CFAP77",-13.0366278668027
"RAD9B",-13.0375071454386
"CCT2",-13.0424053185156
"SHE",-13.0831706763057
"PIK3CB",-13.0852015969249
"ASCC1",-13.1245398926816
"F8",-13.1366621164481
"ZBTB16",-13.1378890288088
"MCFD2",-13.1455524807296
"DESI1",-13.1504195078587
"LOC100128593",-13.1563425931871
"PLEKHH1",-13.16394369173
"EGLN1",-13.1650473552707
"TMEM192",-13.1894277045199
"TMEM70",-13.2216181702249
"RARRES1",-13.2293831644398
"TIGAR",-13.2318071827022
"OSMR",-13.2322040062175
"PVR",-13.2617471015249
"BCAN-AS1",-13.3014789400686
"MFSD1",-13.3089901662237
"TGFBR2",-13.315320514612
"SLC2A9",-13.3160231451318
"TPRKB",-13.3176108407578
"NMRAL2P",-13.3265633672151
"MOCS1",-13.349537784385
"CHRAC1",-13.3502152292363
"JAK1",-13.3558765046715
"NQO1",-13.3585787341123
"LOC107984950",-13.3733142331397
"RBM17",-13.3919587246956
"ADAMTS15",-13.412938011266
"ZNG1B",-13.4245365961044
"FAM220A",-13.4276816763045
"EI24",-13.4576629002534
"TMIGD3",-13.4707246011191
"SPAAR",-13.5071411013427
"VPS26C",-13.5351572899306
"C19orf12",-13.5460251539678
"LIN7A",-13.5497204212999
"TBC1D1",-13.5776826118726
"GFOD1",-13.6220233454997
"SLC25A13",-13.6496702785478
"TMEM178B",-13.6707966616873
"FAM107A",-13.6878693173054
"MFSD6",-13.7305282754711
"C1orf105",-13.8329914696286
"ZNF682",-13.8709144228473
"CRISPLD2",-13.8747442355275
"MRC1",-13.8803947176935
"PPL",-13.8859672085291
"PLA2G2A",-13.9075091465968
"LAD1",-13.9191600388502
"SSR3",-13.9469840939247
"NGLY1",-13.954039385635
"ATP1A1-AS1",-13.9543188765067
"CPAMD8",-13.9569283189621
"NFYB",-13.9740943532985
"NAMPT",-13.9949264576118
"VPS13D",-14.0265907484167
"LOC102724580",-14.0336466436714
"ATP1A1",-14.0364810846986
"STAT3",-14.0466063008409
"GPX3",-14.0760058303016
"AASS",-14.0930100522203
"TUBA3C",-14.1021977497774
"TXNRD1",-14.1154281310625
"DERA",-14.1587492470565
"TGFBR3",-14.1784047479019
"SLCO2A1",-14.179697260809
"SLC11A1",-14.1816446443271
"PTDSS1",-14.1889266541404
"NECTIN1",-14.197989939062
"PSME4",-14.2489763340667
"HTATIP2",-14.2569186609267
"TPST2",-14.2622174978035
"SSTR2",-14.3003357222247
"IL1R2",-14.3041266275018
"SLC31A1",-14.3106156218402
"ANXA3",-14.3242230357883
"ALOX15B",-14.3282255102536
"DEGS1",-14.4400547156064
"TLDC2",-14.4673822080925
"NUDT4P2",-14.5405282183063
"SLC66A1L",-14.5810502853499
"RPGR",-14.5919448308916
"SCGN",-14.6496271216014
"C3orf36",-14.6592886813132
"KCNK1",-14.6886909082398
"ADGRF5",-14.7139278543849
"NUDT4B",-14.7294439243707
"HOOK1",-14.7539575097374
"AKTIP",-14.7700744054583
"SLC2A1",-14.7854149803722
"TSPAN14",-14.8938019369369
"IL10",-14.9242215506262
"TPO",-14.9435635093437
"RNF144B",-14.9501074854372
"CMTM5",-14.9751291400219
"FAM83B",-15.0122581093855
"KIAA1549",-15.0661954974768
"MBD2",-15.1216404982892
"ADAMTS4",-15.128389743197
"CHAC2",-15.131368556776
"MTRF1L",-15.144621683805
"GUCD1",-15.1772861075887
"PRXL2A",-15.2588013549276
"PARVA",-15.3025809520822
"SLCO4A1-AS1",-15.3196477099508
"HMOX2",-15.3499134219868
"BCL2L1",-15.3870024965759
"KCMF1",-15.4127088373497
"ATP2A2",-15.4160682967141
"CCNG1",-15.4419814771667
"ATP1B1",-15.4779473270066
"CD109",-15.5329490132665
"GLUL",-15.557787399683
"RPS6KA2",-15.5655135771778
"TIMP3",-15.5780410023894
"SYN2",-15.5788263693378
"STRBP",-15.6445568932399
"CYP4Z2P",-15.7323829119618
"LOC102724288",-15.7467899469852
"LOC105378356",-15.7522465185051
"LOC105371880",-15.7780364176221
"RNF41",-15.7999809915168
"PPEF1",-15.8495440181209
"PTP4A2",-15.8667442771623
"PPP1CC",-15.8736249900751
"ART3",-15.8876375410155
"PALLD",-15.9099709048103
"NME9",-15.9228602451554
"AQP3",-15.9686006072703
"ADAMTS9",-16.0012609585955
"C8orf88",-16.1222767491432
"PCNT",-16.1300065539453
"CD38",-16.1715330575914
"FAM78B",-16.1855662299126
"CCDC69",-16.1948353459061
"LINC02006",-16.2104568337301
"USP31",-16.2539054116324
"SULT1B1",-16.2661551705298
"PLIN2",-16.2898129954621
"CD59",-16.3610054014873
"CPM",-16.4189348428226
"GRB14",-16.4289978984444
"EP300-AS1",-16.4319837165021
"GNMT",-16.4715445772805
"LOC107985323",-16.4738064598066
"STEAP3",-16.5124833358074
"CHDH",-16.6001580696353
"SLC31A2",-16.7441931087557
"AIF1L",-16.7862969697571
"SAMHD1",-16.7966102699964
"SIGLEC9",-16.8080384641032
"AMD1",-16.8775655206891
"EDNRB",-16.8972534546398
"SLC36A4",-16.9035315043619
"LOC102724046",-16.9261225318757
"C11orf91",-17.0547352477698
"POM121L9P",-17.1108722385682
"CBR4",-17.1137673479744
"NUDT4",-17.2052473913577
"CHPT1",-17.2308638252653
"WNK3",-17.4004424050148
"IL15RA",-17.5532649543232
"CYP4Z1",-17.6088124968566
"ADGRD1",-17.7575328324465
"TDRD9",-17.8529046055616
"ILRUN",-18.0243252446609
"LINC02137",-18.2571303559532
"BCL2L13",-18.3306627361614
"MLX",-18.3561073195575
"NID1",-18.4000029726336
"IL18R1",-18.4927850377251
"SGPP2",-18.5538186361337
"CYP4B1",-18.5746198175145
"INKA2",-18.9198181604952
"LYVE1",-19.0430420176087
"FCN3",-19.0856769475017
"KCND3",-19.2411879312331
"RNASE2",-19.324058236274
"LPCAT3",-19.3564814072579
"AOX1",-19.4801569688958
"FKBP5",-19.8729628254562
"CALCOCO2",-20.2192987563864
"TMTC1",-20.2660739816695
"GALNT15",-20.6387373971999
"NPTX2",-20.6990270566283
"ZDHHC3",-20.7788001731794
"SLCO4A1",-20.9502887070915
"S1PR3",-20.9787988877798
"BCL6",-20.9864729192773
"BLM",-21.3864875317312
"TUBA3D",-21.5710377185737
"VSIG4",-21.6523868969381
"TUBA3E",-21.7916629416377
"LCN10",-22.0552577637041
"LCN6",-23.1885592477839
"PPP3CC",-23.6686124668723
"ST6GALNAC3",-23.7059541162548
"IL1RL1",-23.763390954169
"MARK3",-24.1536441893134
"CD163",-24.9362781344372
"SERPINA3",-28.1010550143235
